signal_id;time;signal;open;high;low;close;fast_ma;slow_ma
"";"27.10.2025 16:07:00";"NO SIGNAL";"3,4776";"3,4786";"3,4753";"3,4786";"3,47755003";"3,47506952"
"";"27.10.2025 16:08:00";"NO SIGNAL";"3,4787";"3,4950";"3,4787";"3,4935";"3,48162508";"3,4770081"
"";"27.10.2025 16:09:00";"NO SIGNAL";"3,4932";"3,4948";"3,4904";"3,4941";"3,48574996";"3,47889256"
"";"27.10.2025 16:10:00";"NO SIGNAL";"3,4941";"3,4943";"3,4869";"3,4883";"3,48862505";"3,48016167"
"";"27.10.2025 16:11:00";"NO SIGNAL";"3,4884";"3,4898";"3,4872";"3,4872";"3,49077511";"3,48146915"
"";"27.10.2025 16:12:00";"NO SIGNAL";"3,4872";"3,4887";"3,4856";"3,4857";"3,48882484";"3,48238444"
"";"27.10.2025 16:13:00";"NO SIGNAL";"3,4857";"3,4895";"3,4847";"3,4881";"3,48732495";"3,48354626"
"";"27.10.2025 16:14:00";"NO SIGNAL";"3,4880";"3,4901";"3,4873";"3,4899";"3,48772502";"3,48434615"
"";"27.10.2025 16:15:00";"NO SIGNAL";"3,4899";"3,4921";"3,4839";"3,4850";"3,48717499";"3,48486924"
"";"27.10.2025 16:16:00";"NO SIGNAL";"3,4849";"3,4888";"3,4822";"3,4888";"3,48794985";"3,48544621"
"";"27.10.2025 16:17:00";"NO SIGNAL";"3,4887";"3,4952";"3,4884";"3,4928";"3,48912477";"3,48664641"
"";"27.10.2025 16:18:00";"NO SIGNAL";"3,4927";"3,4998";"3,4903";"3,4966";"3,4907999";"3,48810768"
"";"27.10.2025 16:19:00";"NO SIGNAL";"3,4966";"3,4975";"3,4914";"3,4914";"3,49239993";"3,48923063"
"";"27.10.2025 16:20:00";"NO SIGNAL";"3,4913";"3,4914";"3,4852";"3,4856";"3,49160004";"3,48976946"
"";"27.10.2025 16:21:00";"NO SIGNAL";"3,4856";"3,4880";"3,4840";"3,4856";"3,48979998";"3,48916173"
"1";"27.10.2025 16:22:00";"SELL";"3,4855";"3,4887";"3,4851";"3,4878";"3,48759985";"3,48867726"
"";"27.10.2025 16:23:00";"NO SIGNAL";"3,4877";"3,4877";"3,4857";"3,4861";"3,48627472";"3,48850799"
"";"27.10.2025 16:24:00";"NO SIGNAL";"3,4862";"3,4881";"3,4859";"3,4881";"3,48689985";"3,48857689"
"";"27.10.2025 16:25:00";"NO SIGNAL";"3,4879";"3,4879";"3,4785";"3,4819";"3,48597503";"3,48828435"
"";"27.10.2025 16:26:00";"NO SIGNAL";"3,4819";"3,4859";"3,4790";"3,4854";"3,48537517";"3,48807693"
"";"27.10.2025 16:27:00";"NO SIGNAL";"3,4853";"3,4876";"3,4849";"3,4865";"3,48547506";"3,48781562"
"";"27.10.2025 16:28:00";"NO SIGNAL";"3,4865";"3,4898";"3,4863";"3,4898";"3,48590016";"3,48818517"
"";"27.10.2025 16:29:00";"NO SIGNAL";"3,4897";"3,4897";"3,4853";"3,4868";"3,48712492";"3,48803115"
"2";"27.10.2025 16:30:00";"BUY";"3,4866";"3,4896";"3,4856";"3,4883";"3,48784995";"3,48768473"
"";"27.10.2025 16:31:00";"NO SIGNAL";"3,4882";"3,4940";"3,4868";"3,4912";"3,48902512";"3,4872694"
"";"27.10.2025 16:32:00";"NO SIGNAL";"3,4911";"3,4970";"3,4895";"3,4970";"3,49082518";"3,48769999"
"";"27.10.2025 16:33:00";"NO SIGNAL";"3,4970";"3,4998";"3,4957";"3,4987";"3,49380016";"3,48870778"
"";"27.10.2025 16:34:00";"NO SIGNAL";"3,4990";"3,5022";"3,4986";"3,5002";"3,49677515";"3,48983073"
"";"27.10.2025 16:35:00";"NO SIGNAL";"3,5001";"3,5041";"3,4984";"3,4996";"3,4988749";"3,49073863"
"";"27.10.2025 16:36:00";"NO SIGNAL";"3,4995";"3,5003";"3,4954";"3,4957";"3,49854994";"3,49147701"
"";"27.10.2025 16:37:00";"NO SIGNAL";"3,4958";"3,5029";"3,4948";"3,5023";"3,49945021";"3,49256945"
"";"27.10.2025 16:38:00";"NO SIGNAL";"3,5024";"3,5031";"3,5003";"3,5008";"3,49959993";"3,49402308"
"";"27.10.2025 16:39:00";"NO SIGNAL";"3,5008";"3,5075";"3,5008";"3,5056";"3,50110006";"3,49557686"
"";"27.10.2025 16:40:00";"NO SIGNAL";"3,5054";"3,5066";"3,4997";"3,4997";"3,50209999";"3,49659252"
"";"27.10.2025 16:41:00";"NO SIGNAL";"3,4997";"3,5055";"3,4988";"3,5030";"3,50227499";"3,49760771"
"";"27.10.2025 16:42:00";"NO SIGNAL";"3,5030";"3,5078";"3,5025";"3,5042";"3,50312519";"3,49894643"
"";"27.10.2025 16:43:00";"NO SIGNAL";"3,5043";"3,5048";"3,4960";"3,4988";"3,50142527";"3,49975395"
"";"27.10.2025 16:44:00";"NO SIGNAL";"3,4989";"3,5001";"3,4950";"3,4955";"3,50037503";"3,50008464"
"3";"27.10.2025 16:45:00";"SELL";"3,4956";"3,4956";"3,4884";"3,4899";"3,49710011";"3,49953818"
"";"27.10.2025 16:46:00";"NO SIGNAL";"3,4900";"3,4958";"3,4900";"3,4937";"3,49447513";"3,49915385"
"";"27.10.2025 16:47:00";"NO SIGNAL";"3,4936";"3,4951";"3,4901";"3,4923";"3,4928503";"3,49854636"
"";"27.10.2025 16:48:00";"NO SIGNAL";"3,4925";"3,4980";"3,4922";"3,4978";"3,49342489";"3,49840784"
"";"27.10.2025 16:49:00";"NO SIGNAL";"3,4977";"3,5028";"3,4960";"3,4992";"3,49574995";"3,49867725"
"";"27.10.2025 16:50:00";"NO SIGNAL";"3,4991";"3,5015";"3,4973";"3,4973";"3,49664998";"3,49829268"
"4";"27.10.2025 16:51:00";"BUY";"3,4974";"3,5062";"3,4974";"3,5054";"3,4999249";"3,49864626"
"";"27.10.2025 16:52:00";"NO SIGNAL";"3,5054";"3,5079";"3,5037";"3,5048";"3,50167489";"3,49858451"
"";"27.10.2025 16:53:00";"NO SIGNAL";"3,5049";"3,5125";"3,5044";"3,5101";"3,50440001";"3,4993844"
"";"27.10.2025 16:54:00";"NO SIGNAL";"3,5101";"3,5145";"3,5099";"3,5102";"3,50762486";"3,49993849"
"";"27.10.2025 16:55:00";"NO SIGNAL";"3,5102";"3,5145";"3,5098";"3,5125";"3,50940013";"3,50057673"
"";"27.10.2025 16:56:00";"NO SIGNAL";"3,5124";"3,5145";"3,5095";"3,5144";"3,51179981";"3,5017767"
"";"27.10.2025 16:57:00";"NO SIGNAL";"3,5140";"3,5140";"3,5111";"3,5120";"3,51227522";"3,50304604"
"";"27.10.2025 16:58:00";"NO SIGNAL";"3,5121";"3,5137";"3,5072";"3,5090";"3,51197505";"3,50451493"
"";"27.10.2025 16:59:00";"NO SIGNAL";"3,5091";"3,5112";"3,5077";"3,5092";"3,51114988";"3,5057075"
"";"27.10.2025 17:00:00";"NO SIGNAL";"3,5092";"3,5124";"3,5073";"3,5080";"3,50955009";"3,50691557"
"";"27.10.2025 17:01:00";"NO SIGNAL";"3,5079";"3,5088";"3,5046";"3,5057";"3,50797486";"3,5075233"
"5";"27.10.2025 17:02:00";"SELL";"3,5055";"3,5085";"3,5017";"3,5028";"3,50642514";"3,50780034"
"";"27.10.2025 17:03:00";"NO SIGNAL";"3,5028";"3,5037";"3,5008";"3,5020";"3,50462484";"3,50816178"
"";"27.10.2025 17:04:00";"NO SIGNAL";"3,5020";"3,5079";"3,4997";"3,5050";"3,50387502";"3,50813103"
"";"27.10.2025 17:05:00";"NO SIGNAL";"3,5050";"3,5067";"3,5026";"3,5026";"3,50309992";"3,50796199"
"";"27.10.2025 17:06:00";"NO SIGNAL";"3,5026";"3,5059";"3,5014";"3,5059";"3,50387502";"3,50763869"
"";"27.10.2025 17:07:00";"NO SIGNAL";"3,5059";"3,5071";"3,5017";"3,5054";"3,50472498";"3,50726938"
"";"27.10.2025 17:08:00";"NO SIGNAL";"3,5055";"3,5096";"3,5037";"3,5094";"3,50582504";"3,5070312"
"6";"27.10.2025 17:09:00";"BUY";"3,5096";"3,5143";"3,5090";"3,5121";"3,50819969";"3,50685406"
"";"27.10.2025 17:10:00";"NO SIGNAL";"3,5121";"3,5164";"3,5116";"3,5155";"3,51060009";"3,50712323"
"";"27.10.2025 17:11:00";"NO SIGNAL";"3,5155";"3,5168";"3,5138";"3,5158";"3,51319981";"3,50764632"
"";"27.10.2025 17:12:00";"NO SIGNAL";"3,5158";"3,5165";"3,5136";"3,5165";"3,51497507";"3,50820756"
"";"27.10.2025 17:13:00";"NO SIGNAL";"3,5166";"3,5176";"3,5117";"3,5150";"3,5157001";"3,50874615"
"";"27.10.2025 17:14:00";"NO SIGNAL";"3,5149";"3,5163";"3,5141";"3,5142";"3,51537514";"3,50940013"
"";"27.10.2025 17:15:00";"NO SIGNAL";"3,5142";"3,5142";"3,5120";"3,5120";"3,51442528";"3,51010799"
"";"27.10.2025 17:16:00";"NO SIGNAL";"3,5120";"3,5133";"3,5111";"3,5111";"3,51307511";"3,51080823"
"";"27.10.2025 17:17:00";"NO SIGNAL";"3,5111";"3,5113";"3,5078";"3,5099";"3,51180005";"3,51118517"
"7";"27.10.2025 17:18:00";"SELL";"3,5099";"3,5107";"3,5045";"3,5088";"3,51045012";"3,51166201"
"";"27.10.2025 17:19:00";"NO SIGNAL";"3,5093";"3,5110";"3,5081";"3,5098";"3,50989985";"3,51196194"
"";"27.10.2025 17:20:00";"NO SIGNAL";"3,5098";"3,5115";"3,5083";"3,5105";"3,50975013";"3,5123539"
"";"27.10.2025 17:21:00";"NO SIGNAL";"3,5105";"3,5143";"3,5097";"3,5126";"3,51042509";"3,51260042"
"";"27.10.2025 17:22:00";"NO SIGNAL";"3,5126";"3,5157";"3,5098";"3,5103";"3,51079988";"3,5124619"
"";"27.10.2025 17:23:00";"NO SIGNAL";"3,5102";"3,5102";"3,4959";"3,4981";"3,50787497";"3,51112318"
"";"27.10.2025 17:24:00";"NO SIGNAL";"3,4982";"3,5037";"3,4982";"3,5029";"3,50597501";"3,51013088"
"";"27.10.2025 17:25:00";"NO SIGNAL";"3,5028";"3,5036";"3,5001";"3,5004";"3,50292492";"3,50889254"
"";"27.10.2025 17:26:00";"NO SIGNAL";"3,5005";"3,5041";"3,5005";"3,5039";"3,50132513";"3,50803852"
"";"27.10.2025 17:27:00";"NO SIGNAL";"3,5040";"3,5052";"3,5026";"3,5031";"3,50257516";"3,50718474"
"";"27.10.2025 17:28:00";"NO SIGNAL";"3,5031";"3,5062";"3,5010";"3,5035";"3,50272512";"3,506531"
"";"27.10.2025 17:29:00";"NO SIGNAL";"3,5034";"3,5041";"3,5012";"3,5012";"3,50292492";"3,50576949"
"";"27.10.2025 17:30:00";"NO SIGNAL";"3,5013";"3,5041";"3,4994";"3,5041";"3,50297499";"3,50532317"
"";"27.10.2025 17:31:00";"NO SIGNAL";"3,5041";"3,5101";"3,5027";"3,5101";"3,50472498";"3,50542307"
"8";"27.10.2025 17:32:00";"BUY";"3,5099";"3,5144";"3,5099";"3,5135";"3,5072248";"3,5057075"
"";"27.10.2025 17:33:00";"NO SIGNAL";"3,5136";"3,5155";"3,5130";"3,5150";"3,51067495";"3,50605416"
"";"27.10.2025 17:34:00";"NO SIGNAL";"3,5151";"3,5154";"3,5112";"3,5136";"3,51305008";"3,50613093"
"";"27.10.2025 17:35:00";"NO SIGNAL";"3,5136";"3,5174";"3,5136";"3,5145";"3,51415014";"3,50645399"
"";"27.10.2025 17:36:00";"NO SIGNAL";"3,5145";"3,5390";"3,5131";"3,5279";"3,51775002";"3,50874615"
"";"27.10.2025 17:37:00";"NO SIGNAL";"3,5277";"3,5283";"3,5237";"3,5269";"3,52072501";"3,5105927"
"";"27.10.2025 17:38:00";"NO SIGNAL";"3,5270";"3,5334";"3,5270";"3,5334";"3,52567482";"3,51313066"
"";"27.10.2025 17:39:00";"NO SIGNAL";"3,5335";"3,5358";"3,5310";"3,5316";"3,5299499";"3,51526165"
"";"27.10.2025 17:40:00";"NO SIGNAL";"3,5317";"3,5345";"3,5316";"3,5338";"3,53142524";"3,51762342"
"";"27.10.2025 17:41:00";"NO SIGNAL";"3,5339";"3,5354";"3,5277";"3,5283";"3,531775";"3,51953101"
"";"27.10.2025 17:42:00";"NO SIGNAL";"3,5283";"3,5292";"3,5251";"3,5255";"3,52979994";"3,52140021"
"";"27.10.2025 17:43:00";"NO SIGNAL";"3,5254";"3,5255";"3,5223";"3,5234";"3,52775002";"3,52288485"
"";"27.10.2025 17:44:00";"NO SIGNAL";"3,5235";"3,5282";"3,5234";"3,5264";"3,52590013";"3,52413845"
"9";"27.10.2025 17:45:00";"SELL";"3,5263";"3,5263";"3,5171";"3,5181";"3,52335024";"3,52449226"
"";"27.10.2025 17:46:00";"NO SIGNAL";"3,5181";"3,5213";"3,5146";"3,5213";"3,5223";"3,52497697"
"";"27.10.2025 17:47:00";"NO SIGNAL";"3,5213";"3,5246";"3,5208";"3,5242";"3,52250004";"3,52579236"
"";"27.10.2025 17:48:00";"NO SIGNAL";"3,5243";"3,5243";"3,5167";"3,5167";"3,52007508";"3,52596188"
"";"27.10.2025 17:49:00";"NO SIGNAL";"3,5169";"3,5202";"3,5168";"3,5201";"3,52057528";"3,52536178"
"";"27.10.2025 17:50:00";"NO SIGNAL";"3,5201";"3,5204";"3,5185";"3,5190";"3,51999998";"3,52475405"
"";"27.10.2025 17:51:00";"NO SIGNAL";"3,5190";"3,5204";"3,5168";"3,5203";"3,51902509";"3,52374625"
"";"27.10.2025 17:52:00";"NO SIGNAL";"3,5203";"3,5226";"3,5203";"3,5215";"3,52022505";"3,52296948"
"";"27.10.2025 17:53:00";"NO SIGNAL";"3,5216";"3,5217";"3,5194";"3,5213";"3,52052498";"3,52200794"
"";"27.10.2025 17:54:00";"NO SIGNAL";"3,5213";"3,5218";"3,5202";"3,5208";"3,52097511";"3,52143121"
"10";"27.10.2025 17:55:00";"BUY";"3,5208";"3,5252";"3,5208";"3,5239";"3,5218749";"3,52130818"
"";"27.10.2025 17:56:00";"NO SIGNAL";"3,5238";"3,5238";"3,5216";"3,5217";"3,52192521";"3,52117753"
"";"27.10.2025 17:57:00";"NO SIGNAL";"3,5217";"3,5241";"3,5217";"3,5223";"3,52217484";"3,52086186"
"";"27.10.2025 17:58:00";"NO SIGNAL";"3,5224";"3,5235";"3,5217";"3,5235";"3,52285004";"3,52127695"
"";"27.10.2025 17:59:00";"NO SIGNAL";"3,5234";"3,5234";"3,5220";"3,5232";"3,52267504";"3,5214231"
"";"27.10.2025 18:00:00";"NO SIGNAL";"3,5232";"3,5248";"3,5199";"3,5219";"3,52272487";"3,52124619"
"";"27.10.2025 18:01:00";"NO SIGNAL";"3,5219";"3,5244";"3,5214";"3,5221";"3,52267504";"3,52166176"
"11";"27.10.2025 18:02:00";"SELL";"3,5221";"3,5221";"3,5140";"3,5141";"3,52032495";"3,52120018"
"";"27.10.2025 18:03:00";"NO SIGNAL";"3,5140";"3,5161";"3,5131";"3,5148";"3,51822519";"3,52087712"
"";"27.10.2025 18:04:00";"NO SIGNAL";"3,5147";"3,5184";"3,5142";"3,5178";"3,51719999";"3,52068496"
"";"27.10.2025 18:05:00";"NO SIGNAL";"3,5177";"3,5243";"3,5177";"3,5235";"3,51754999";"3,52083898"
"";"27.10.2025 18:06:00";"NO SIGNAL";"3,5235";"3,5256";"3,5228";"3,5228";"3,51972508";"3,52095389"
"12";"27.10.2025 18:07:00";"BUY";"3,5228";"3,5279";"3,5228";"3,5276";"3,52292514";"3,52147722"
"";"27.10.2025 18:08:00";"NO SIGNAL";"3,5276";"3,5297";"3,5260";"3,5282";"3,52552509";"3,52180791"
"";"27.10.2025 18:09:00";"NO SIGNAL";"3,5283";"3,5293";"3,5257";"3,5289";"3,52687502";"3,52236152"
"";"27.10.2025 18:10:00";"NO SIGNAL";"3,5289";"3,5289";"3,5241";"3,5243";"3,52725005";"3,5225153"
"";"27.10.2025 18:11:00";"NO SIGNAL";"3,5243";"3,5253";"3,5231";"3,5249";"3,52657509";"3,52262306"
"";"27.10.2025 18:12:00";"NO SIGNAL";"3,5249";"3,5260";"3,5243";"3,5260";"3,52602506";"3,52283835"
"";"27.10.2025 18:13:00";"NO SIGNAL";"3,5261";"3,5293";"3,5260";"3,5291";"3,52607489";"3,52339244"
"";"27.10.2025 18:14:00";"NO SIGNAL";"3,5291";"3,5318";"3,5279";"3,5292";"3,52729988";"3,52393842"
"";"27.10.2025 18:15:00";"NO SIGNAL";"3,5291";"3,5327";"3,5282";"3,5311";"3,52884984";"3,52524614"
"";"27.10.2025 18:16:00";"NO SIGNAL";"3,5310";"3,5310";"3,5237";"3,5241";"3,52837515";"3,5259614"
"";"27.10.2025 18:17:00";"NO SIGNAL";"3,5242";"3,5260";"3,5201";"3,5211";"3,52637529";"3,52621555"
"13";"27.10.2025 18:18:00";"SELL";"3,5212";"3,5260";"3,5212";"3,5254";"3,5254252";"3,52636147"
"";"27.10.2025 18:19:00";"NO SIGNAL";"3,5253";"3,5255";"3,5205";"3,5218";"3,52310014";"3,52628493"
"";"27.10.2025 18:20:00";"NO SIGNAL";"3,5219";"3,5230";"3,5192";"3,5217";"3,52250004";"3,52583051"
"";"27.10.2025 18:21:00";"NO SIGNAL";"3,5216";"3,5216";"3,5152";"3,5195";"3,52209997";"3,5251615"
"";"27.10.2025 18:22:00";"NO SIGNAL";"3,5195";"3,5207";"3,5184";"3,5195";"3,52062488";"3,52443814"
"";"27.10.2025 18:23:00";"NO SIGNAL";"3,5194";"3,5224";"3,5194";"3,5224";"3,52077484";"3,52429247"
"";"27.10.2025 18:24:00";"NO SIGNAL";"3,5224";"3,5238";"3,5199";"3,5199";"3,52032495";"3,5239079"
"";"27.10.2025 18:25:00";"NO SIGNAL";"3,5199";"3,5212";"3,5158";"3,5162";"3,51950002";"3,52315426"
"";"27.10.2025 18:26:00";"NO SIGNAL";"3,5161";"3,5163";"3,5135";"3,5151";"3,51839995";"3,52207756"
"";"27.10.2025 18:27:00";"NO SIGNAL";"3,5151";"3,5161";"3,5121";"3,5121";"3,51582503";"3,52076173"
"";"27.10.2025 18:28:00";"NO SIGNAL";"3,5126";"3,5130";"3,5103";"3,5122";"3,51390004";"3,51930785"
"";"27.10.2025 18:29:00";"NO SIGNAL";"3,5122";"3,5135";"3,5105";"3,5134";"3,51320028";"3,51848459"
"";"27.10.2025 18:30:00";"NO SIGNAL";"3,5134";"3,5155";"3,5127";"3,5155";"3,51330018";"3,51805401"
"";"27.10.2025 18:31:00";"NO SIGNAL";"3,5155";"3,5174";"3,5140";"3,5154";"3,51412511";"3,51728463"
"";"27.10.2025 18:32:00";"NO SIGNAL";"3,5154";"3,5194";"3,5150";"3,5188";"3,51577497";"3,51705408"
"";"27.10.2025 18:33:00";"NO SIGNAL";"3,5188";"3,5202";"3,5168";"3,5170";"3,516675";"3,51669264"
"14";"27.10.2025 18:34:00";"BUY";"3,5170";"3,5192";"3,5164";"3,5176";"3,51719999";"3,51654649"
"";"27.10.2025 18:35:00";"NO SIGNAL";"3,5176";"3,5196";"3,5154";"3,5176";"3,51775002";"3,5164001"
"";"27.10.2025 18:36:00";"NO SIGNAL";"3,5176";"3,5195";"3,5169";"3,5195";"3,51792502";"3,51617718"
"";"27.10.2025 18:37:00";"NO SIGNAL";"3,5196";"3,5206";"3,5184";"3,5192";"3,51847506";"3,51612329"
"";"27.10.2025 18:38:00";"NO SIGNAL";"3,5192";"3,5217";"3,5177";"3,5201";"3,51909995";"3,51642323"
"";"27.10.2025 18:39:00";"NO SIGNAL";"3,5200";"3,5228";"3,5200";"3,5209";"3,51992512";"3,51686954"
"";"27.10.2025 18:40:00";"NO SIGNAL";"3,5210";"3,5222";"3,5187";"3,5187";"3,51972508";"3,51737714"
"";"27.10.2025 18:41:00";"NO SIGNAL";"3,5186";"3,5186";"3,5137";"3,5182";"3,51947498";"3,51783872"
"";"27.10.2025 18:42:00";"NO SIGNAL";"3,5182";"3,5204";"3,5181";"3,5196";"3,51934981";"3,51831532"
"";"27.10.2025 18:43:00";"NO SIGNAL";"3,5197";"3,5281";"3,5197";"3,5268";"3,52082491";"3,51918459"
"";"27.10.2025 18:44:00";"NO SIGNAL";"3,5267";"3,5267";"3,5241";"3,5245";"3,52227497";"3,51988459"
"";"27.10.2025 18:45:00";"NO SIGNAL";"3,5246";"3,5262";"3,5201";"3,5215";"3,5230999";"3,52009249"
"";"27.10.2025 18:46:00";"NO SIGNAL";"3,5216";"3,5220";"3,5158";"3,5182";"3,5227499";"3,52018476"
"";"27.10.2025 18:47:00";"NO SIGNAL";"3,5183";"3,5198";"3,5163";"3,5185";"3,52067518";"3,52025414"
"15";"27.10.2025 18:48:00";"SELL";"3,5185";"3,5228";"3,5183";"3,5208";"3,51975012";"3,52049994"
"";"27.10.2025 18:49:00";"NO SIGNAL";"3,5208";"3,5237";"3,5205";"3,5234";"3,52022505";"3,52080011"
"16";"27.10.2025 18:50:00";"BUY";"3,5234";"3,5237";"3,5207";"3,5214";"3,52102494";"3,52096915"
"";"27.10.2025 18:51:00";"NO SIGNAL";"3,5213";"3,5223";"3,5191";"3,5202";"3,52145004";"3,52097678"
"";"27.10.2025 18:52:00";"NO SIGNAL";"3,5203";"3,5222";"3,5203";"3,5212";"3,52154994";"3,52100015"
"17";"27.10.2025 18:53:00";"SELL";"3,5213";"3,5219";"3,5190";"3,5202";"3,52075005";"3,5211153"
"";"27.10.2025 18:54:00";"NO SIGNAL";"3,5203";"3,5203";"3,5171";"3,5174";"3,51974988";"3,52105355"
"";"27.10.2025 18:55:00";"NO SIGNAL";"3,5173";"3,5173";"3,5145";"3,5150";"3,51845002";"3,5206995"
"";"27.10.2025 18:56:00";"NO SIGNAL";"3,5150";"3,5166";"3,5134";"3,5164";"3,51725006";"3,51989985"
"";"27.10.2025 18:57:00";"NO SIGNAL";"3,5164";"3,5174";"3,5158";"3,5174";"3,51655006";"3,5193541"
"";"27.10.2025 18:58:00";"NO SIGNAL";"3,5173";"3,5175";"3,5126";"3,5144";"3,51580024";"3,51880836"
"";"27.10.2025 18:59:00";"NO SIGNAL";"3,5145";"3,5152";"3,5142";"3,5147";"3,51572514";"3,51853895"
"";"27.10.2025 19:00:00";"NO SIGNAL";"3,5147";"3,5157";"3,5136";"3,5150";"3,5153749";"3,51826954"
"";"27.10.2025 19:01:00";"NO SIGNAL";"3,5149";"3,5149";"3,5092";"3,5114";"3,51387501";"3,51754618"
"";"27.10.2025 19:02:00";"NO SIGNAL";"3,5113";"3,5114";"3,5076";"3,5095";"3,51265001";"3,51647687"
"";"27.10.2025 19:03:00";"NO SIGNAL";"3,5095";"3,5095";"3,4952";"3,4970";"3,5082252";"3,5145998"
"";"27.10.2025 19:04:00";"NO SIGNAL";"3,4967";"3,5051";"3,4967";"3,5035";"3,50535011";"3,5133152"
"";"27.10.2025 19:05:00";"NO SIGNAL";"3,5034";"3,5069";"3,5022";"3,5027";"3,50317478";"3,51189232"
"";"27.10.2025 19:06:00";"NO SIGNAL";"3,5028";"3,5074";"3,5028";"3,5061";"3,50232506";"3,51080775"
"";"27.10.2025 19:07:00";"NO SIGNAL";"3,5061";"3,5103";"3,5061";"3,5092";"3,50537491";"3,5101769"
"";"27.10.2025 19:08:00";"NO SIGNAL";"3,5091";"3,5117";"3,5087";"3,5112";"3,5072999";"3,5098846"
"18";"27.10.2025 19:09:00";"BUY";"3,5112";"3,5129";"3,5111";"3,5129";"3,50985003";"3,50961542"
"";"27.10.2025 19:10:00";"NO SIGNAL";"3,5129";"3,5151";"3,5124";"3,5144";"3,51192498";"3,50938463"
"";"27.10.2025 19:11:00";"NO SIGNAL";"3,5139";"3,5153";"3,5099";"3,5110";"3,51237512";"3,50912309"
"";"27.10.2025 19:12:00";"NO SIGNAL";"3,5110";"3,5133";"3,5039";"3,5133";"3,51290011";"3,50901532"
"";"27.10.2025 19:13:00";"NO SIGNAL";"3,5134";"3,5152";"3,5129";"3,5144";"3,51327515";"3,50896931"
"";"27.10.2025 19:14:00";"NO SIGNAL";"3,5145";"3,5192";"3,5145";"3,5185";"3,51429987";"3,50951576"
"";"27.10.2025 19:15:00";"NO SIGNAL";"3,5184";"3,5184";"3,5139";"3,5149";"3,515275";"3,50993133"
"";"27.10.2025 19:16:00";"NO SIGNAL";"3,5149";"3,5158";"3,5114";"3,5129";"3,51517487";"3,5111537"
"";"27.10.2025 19:17:00";"NO SIGNAL";"3,5129";"3,5135";"3,5106";"3,5109";"3,51430011";"3,51172328"
"19";"27.10.2025 19:18:00";"SELL";"3,5108";"3,5131";"3,5098";"3,5098";"3,51212502";"3,51226926"
"";"27.10.2025 19:19:00";"NO SIGNAL";"3,5097";"3,5108";"3,5072";"3,5108";"3,51110005";"3,51263094"
"";"27.10.2025 19:20:00";"NO SIGNAL";"3,5109";"3,5131";"3,5109";"3,5131";"3,51114988";"3,51293111"
"";"27.10.2025 19:21:00";"NO SIGNAL";"3,5130";"3,5138";"3,5114";"3,5114";"3,51127481";"3,51294637"
"";"27.10.2025 19:22:00";"NO SIGNAL";"3,5115";"3,5135";"3,5094";"3,5134";"3,51217508";"3,51298499"
"";"27.10.2025 19:23:00";"NO SIGNAL";"3,5133";"3,5133";"3,5098";"3,5099";"3,51195002";"3,51263857"
"";"27.10.2025 19:24:00";"NO SIGNAL";"3,5098";"3,5105";"3,5067";"3,5082";"3,51072502";"3,51242304"
"";"27.10.2025 19:25:00";"NO SIGNAL";"3,5084";"3,5097";"3,5072";"3,5096";"3,51027513";"3,51213884"
"";"27.10.2025 19:26:00";"NO SIGNAL";"3,5096";"3,5101";"3,5032";"3,5044";"3,50802493";"3,51136947"
"";"27.10.2025 19:27:00";"NO SIGNAL";"3,5045";"3,5106";"3,5045";"3,5088";"3,5077498";"3,51062298"
"";"27.10.2025 19:28:00";"NO SIGNAL";"3,5089";"3,5094";"3,5079";"3,5086";"3,50784993";"3,51013875"
"";"27.10.2025 19:29:00";"NO SIGNAL";"3,5085";"3,5085";"3,5042";"3,5042";"3,50650024";"3,50946927"
"";"27.10.2025 19:30:00";"NO SIGNAL";"3,5041";"3,5046";"3,4997";"3,5021";"3,50592518";"3,5087924"
"";"27.10.2025 19:31:00";"NO SIGNAL";"3,5021";"3,5021";"3,4957";"3,4966";"3,50287509";"3,50777674"
"";"27.10.2025 19:32:00";"NO SIGNAL";"3,4966";"3,4966";"3,4826";"3,4904";"3,49832487";"3,5062077"
"";"27.10.2025 19:33:00";"NO SIGNAL";"3,4904";"3,4920";"3,4882";"3,4889";"3,49449992";"3,50434613"
"";"27.10.2025 19:34:00";"NO SIGNAL";"3,4889";"3,4893";"3,4840";"3,4870";"3,49072504";"3,50246978"
"";"27.10.2025 19:35:00";"NO SIGNAL";"3,4871";"3,4885";"3,4803";"3,4813";"3,48690009";"3,50000048"
"";"27.10.2025 19:36:00";"NO SIGNAL";"3,4813";"3,4845";"3,4802";"3,4825";"3,48492503";"3,49789238"
"";"27.10.2025 19:37:00";"NO SIGNAL";"3,4827";"3,4924";"3,4818";"3,4894";"3,4850502";"3,49644637"
"";"27.10.2025 19:38:00";"NO SIGNAL";"3,4894";"3,4917";"3,4874";"3,4874";"3,4851501";"3,4947381"
"";"27.10.2025 19:39:00";"NO SIGNAL";"3,4874";"3,4901";"3,4872";"3,4900";"3,48732495";"3,49363065"
"";"27.10.2025 19:40:00";"NO SIGNAL";"3,4900";"3,4906";"3,4887";"3,4890";"3,48895001";"3,49210763"
"";"27.10.2025 19:41:00";"NO SIGNAL";"3,4889";"3,4889";"3,4841";"3,4854";"3,48795009";"3,49032331"
"";"27.10.2025 19:42:00";"NO SIGNAL";"3,4853";"3,4854";"3,4823";"3,4829";"3,48682499";"3,48868465"
"";"27.10.2025 19:43:00";"NO SIGNAL";"3,4828";"3,4859";"3,4827";"3,4857";"3,48574996";"3,48742342"
"";"27.10.2025 19:44:00";"NO SIGNAL";"3,4857";"3,4857";"3,4835";"3,4846";"3,4846499";"3,48649955"
"";"27.10.2025 19:45:00";"NO SIGNAL";"3,4846";"3,4878";"3,4846";"3,4867";"3,48497486";"3,48621559"
"20";"27.10.2025 19:46:00";"BUY";"3,4867";"3,4902";"3,4867";"3,4899";"3,48672509";"3,48629236"
"";"27.10.2025 19:47:00";"NO SIGNAL";"3,4899";"3,4902";"3,4874";"3,4895";"3,48767519";"3,486485"
"";"27.10.2025 19:48:00";"NO SIGNAL";"3,4894";"3,4894";"3,4879";"3,4882";"3,48857498";"3,48701549"
"";"27.10.2025 19:49:00";"NO SIGNAL";"3,4881";"3,4881";"3,4859";"3,4866";"3,48855019";"3,48733091"
"";"27.10.2025 19:50:00";"NO SIGNAL";"3,4867";"3,4892";"3,4867";"3,4892";"3,48837495";"3,48731565"
"";"27.10.2025 19:51:00";"NO SIGNAL";"3,4891";"3,4902";"3,4876";"3,4884";"3,48810005";"3,48739266"
"";"27.10.2025 19:52:00";"NO SIGNAL";"3,4884";"3,4887";"3,4846";"3,4846";"3,48720002";"3,4869771"
"21";"27.10.2025 19:53:00";"SELL";"3,4849";"3,4856";"3,4835";"3,4839";"3,48652506";"3,48658466"
"";"27.10.2025 19:54:00";"NO SIGNAL";"3,4840";"3,4869";"3,4840";"3,4858";"3,48567486";"3,48661518"
"";"27.10.2025 19:55:00";"NO SIGNAL";"3,4857";"3,4857";"3,4816";"3,4832";"3,484375";"3,48663807"
"";"27.10.2025 19:56:00";"NO SIGNAL";"3,4833";"3,4839";"3,4799";"3,4810";"3,48347497";"3,48627687"
"";"27.10.2025 19:57:00";"NO SIGNAL";"3,4811";"3,4828";"3,4810";"3,4828";"3,48320007";"3,48613858"
"";"27.10.2025 19:58:00";"NO SIGNAL";"3,4828";"3,4857";"3,4827";"3,4854";"3,48309994";"3,48603845"
"";"27.10.2025 19:59:00";"NO SIGNAL";"3,4855";"3,4855";"3,4809";"3,4826";"3,48294997";"3,48547721"
"";"27.10.2025 20:00:00";"NO SIGNAL";"3,4825";"3,4832";"3,4751";"3,4756";"3,48159981";"3,48440766"
"";"27.10.2025 20:01:00";"NO SIGNAL";"3,4761";"3,4764";"3,4716";"3,4742";"3,47944999";"3,48333073"
"";"27.10.2025 20:02:00";"NO SIGNAL";"3,4740";"3,4749";"3,4650";"3,4682";"3,47515011";"3,48191547"
"";"27.10.2025 20:03:00";"NO SIGNAL";"3,4681";"3,4712";"3,4633";"3,4696";"3,47189999";"3,48040795"
"";"27.10.2025 20:04:00";"NO SIGNAL";"3,4696";"3,4766";"3,4684";"3,4756";"3,47189999";"3,47942328"
"";"27.10.2025 20:05:00";"NO SIGNAL";"3,4755";"3,4787";"3,4724";"3,4781";"3,47287488";"3,47892308"
"";"27.10.2025 20:06:00";"NO SIGNAL";"3,4780";"3,4796";"3,4761";"3,4771";"3,47510004";"3,47840023"
"";"27.10.2025 20:07:00";"NO SIGNAL";"3,4771";"3,4771";"3,4732";"3,4735";"3,47607493";"3,47745371"
"";"27.10.2025 20:08:00";"NO SIGNAL";"3,4735";"3,4735";"3,4708";"3,4730";"3,47542477";"3,47666907"
"";"27.10.2025 20:09:00";"NO SIGNAL";"3,4729";"3,4735";"3,4717";"3,4735";"3,47427511";"3,47609258"
"";"27.10.2025 20:10:00";"NO SIGNAL";"3,4735";"3,4744";"3,4686";"3,4706";"3,47265005";"3,4751544"
"";"27.10.2025 20:11:00";"NO SIGNAL";"3,4706";"3,4769";"3,4700";"3,4731";"3,47254992";"3,47420812"
"";"27.10.2025 20:12:00";"NO SIGNAL";"3,4730";"3,4735";"3,4666";"3,4683";"3,47137499";"3,47310805"
"";"27.10.2025 20:13:00";"NO SIGNAL";"3,4683";"3,4728";"3,4682";"3,4714";"3,47084999";"3,472785"
"";"27.10.2025 20:14:00";"NO SIGNAL";"3,4713";"3,4723";"3,4697";"3,4697";"3,47062492";"3,47243857"
"";"27.10.2025 20:15:00";"NO SIGNAL";"3,4696";"3,4742";"3,4685";"3,4739";"3,47082496";"3,47287703"
"";"27.10.2025 20:16:00";"NO SIGNAL";"3,4738";"3,4738";"3,4710";"3,4733";"3,47207499";"3,4731617"
"";"27.10.2025 20:17:00";"NO SIGNAL";"3,4734";"3,4759";"3,4734";"3,4757";"3,47315001";"3,47316933"
"22";"27.10.2025 20:18:00";"BUY";"3,4757";"3,4761";"3,4739";"3,4756";"3,47462487";"3,47297716"
"";"27.10.2025 20:19:00";"NO SIGNAL";"3,4757";"3,4806";"3,4757";"3,4803";"3,47622514";"3,47322297"
"";"27.10.2025 20:20:00";"NO SIGNAL";"3,4804";"3,4814";"3,4800";"3,4806";"3,47805023";"3,47376943"
"";"27.10.2025 20:21:00";"NO SIGNAL";"3,4806";"3,4838";"3,4806";"3,4829";"3,47985005";"3,47453094"
"";"27.10.2025 20:22:00";"NO SIGNAL";"3,4828";"3,4830";"3,4783";"3,4788";"3,48064995";"3,47493839"
"";"27.10.2025 20:23:00";"NO SIGNAL";"3,4788";"3,4797";"3,4772";"3,4782";"3,48012495";"3,47552299"
"";"27.10.2025 20:24:00";"NO SIGNAL";"3,4781";"3,4781";"3,4641";"3,4659";"3,47644997";"3,47496915"
"23";"27.10.2025 20:25:00";"SELL";"3,4658";"3,4698";"3,4651";"3,4695";"3,47309995";"3,47506166"
"";"27.10.2025 20:26:00";"NO SIGNAL";"3,4694";"3,4694";"3,4667";"3,4675";"3,47027516";"3,47476172"
"";"27.10.2025 20:27:00";"NO SIGNAL";"3,4676";"3,4697";"3,4676";"3,4697";"3,46815014";"3,47476172"
"";"27.10.2025 20:28:00";"NO SIGNAL";"3,4697";"3,4697";"3,4660";"3,4684";"3,4687748";"3,47433877"
"";"27.10.2025 20:29:00";"NO SIGNAL";"3,4684";"3,4696";"3,4681";"3,4683";"3,46847486";"3,47395396"
"";"27.10.2025 20:30:00";"NO SIGNAL";"3,4682";"3,4683";"3,4641";"3,4653";"3,46792507";"3,47315407"
"";"27.10.2025 20:31:00";"NO SIGNAL";"3,4652";"3,4680";"3,4652";"3,4653";"3,46682501";"3,4723618"
"";"27.10.2025 20:32:00";"NO SIGNAL";"3,4653";"3,4690";"3,4632";"3,4633";"3,46554995";"3,47105384"
"";"27.10.2025 20:33:00";"NO SIGNAL";"3,4632";"3,4636";"3,4595";"3,4611";"3,46374989";"3,46955395"
"";"27.10.2025 20:34:00";"NO SIGNAL";"3,4612";"3,4641";"3,4602";"3,4636";"3,46332502";"3,46806931"
"";"27.10.2025 20:35:00";"NO SIGNAL";"3,4635";"3,4639";"3,4609";"3,4622";"3,46254992";"3,46679235"
"";"27.10.2025 20:36:00";"NO SIGNAL";"3,4623";"3,4646";"3,4611";"3,4632";"3,46252489";"3,4656384"
"";"27.10.2025 20:37:00";"NO SIGNAL";"3,4632";"3,4643";"3,4630";"3,4636";"3,46315002";"3,46546149"
"";"27.10.2025 20:38:00";"NO SIGNAL";"3,4635";"3,4675";"3,4633";"3,4674";"3,46409988";"3,46529984"
"";"27.10.2025 20:39:00";"NO SIGNAL";"3,4673";"3,4673";"3,4523";"3,4592";"3,46334982";"3,4646616"
"24";"27.10.2025 20:40:00";"BUY";"3,4595";"3,4682";"3,4595";"3,4681";"3,46457505";"3,46453881"
"";"27.10.2025 20:41:00";"NO SIGNAL";"3,4684";"3,4719";"3,4684";"3,4692";"3,46597481";"3,46460032"
"";"27.10.2025 20:42:00";"NO SIGNAL";"3,4691";"3,4697";"3,4644";"3,4655";"3,46549988";"3,46438503"
"";"27.10.2025 20:43:00";"NO SIGNAL";"3,4654";"3,4661";"3,4636";"3,4661";"3,46722507";"3,46444631"
"";"27.10.2025 20:44:00";"NO SIGNAL";"3,4660";"3,4660";"3,4613";"3,4625";"3,46582508";"3,46423078"
"25";"27.10.2025 20:45:00";"SELL";"3,4625";"3,4632";"3,4598";"3,4603";"3,46359992";"3,46400023"
"";"27.10.2025 20:46:00";"NO SIGNAL";"3,4602";"3,4642";"3,4591";"3,4609";"3,46244979";"3,46398473"
"";"27.10.2025 20:47:00";"NO SIGNAL";"3,4608";"3,4643";"3,4608";"3,4622";"3,4614749";"3,46387696"
"";"27.10.2025 20:48:00";"NO SIGNAL";"3,4620";"3,4672";"3,4619";"3,4672";"3,46264982";"3,46426129"
"";"27.10.2025 20:49:00";"NO SIGNAL";"3,4673";"3,4687";"3,4654";"3,4654";"3,46392512";"3,46443081"
"26";"27.10.2025 20:50:00";"BUY";"3,4655";"3,4703";"3,4655";"3,4702";"3,46625018";"3,46493888"
"";"27.10.2025 20:51:00";"NO SIGNAL";"3,4702";"3,4703";"3,4681";"3,4684";"3,46780014";"3,46501589"
"";"27.10.2025 20:52:00";"NO SIGNAL";"3,4683";"3,4683";"3,4641";"3,4651";"3,4672749";"3,4654696"
"";"27.10.2025 20:53:00";"NO SIGNAL";"3,4651";"3,4651";"3,4620";"3,4647";"3,46710014";"3,46520782"
"";"27.10.2025 20:54:00";"NO SIGNAL";"3,4646";"3,4646";"3,4628";"3,4628";"3,46525002";"3,46471524"
"27";"27.10.2025 20:55:00";"SELL";"3,4628";"3,4637";"3,4605";"3,4605";"3,46327496";"3,46433091"
"";"27.10.2025 20:56:00";"NO SIGNAL";"3,4604";"3,4611";"3,4574";"3,4590";"3,46175003";"3,46378446"
"";"27.10.2025 20:57:00";"NO SIGNAL";"3,4590";"3,4612";"3,4590";"3,4612";"3,46087503";"3,4636848"
"";"27.10.2025 20:58:00";"NO SIGNAL";"3,4611";"3,4659";"3,4610";"3,4656";"3,46157479";"3,46409249"
"";"27.10.2025 20:59:00";"NO SIGNAL";"3,4656";"3,4656";"3,4607";"3,4607";"3,4616251";"3,46407747"
"";"27.10.2025 21:00:00";"NO SIGNAL";"3,4606";"3,4606";"3,4575";"3,4606";"3,46202493";"3,46395421"
"";"27.10.2025 21:01:00";"NO SIGNAL";"3,4607";"3,4609";"3,4589";"3,4590";"3,46147513";"3,46332335"
"";"27.10.2025 21:02:00";"NO SIGNAL";"3,4589";"3,4653";"3,4589";"3,4653";"3,46140003";"3,46331525"
"28";"27.10.2025 21:03:00";"BUY";"3,4653";"3,4716";"3,4653";"3,4710";"3,46397495";"3,463377"
"";"27.10.2025 21:04:00";"NO SIGNAL";"3,4710";"3,4733";"3,4710";"3,4730";"3,46707487";"3,46373057"
"";"27.10.2025 21:05:00";"NO SIGNAL";"3,4730";"3,4734";"3,4719";"3,4734";"3,47067499";"3,46436906"
"";"27.10.2025 21:06:00";"NO SIGNAL";"3,4735";"3,4767";"3,4735";"3,4750";"3,47309995";"3,46516132"
"";"27.10.2025 21:07:00";"NO SIGNAL";"3,4749";"3,4758";"3,4726";"3,4732";"3,47364998";"3,46596169"
"";"27.10.2025 21:08:00";"NO SIGNAL";"3,4732";"3,4740";"3,4710";"3,4725";"3,47352505";"3,46688485"
"";"27.10.2025 21:09:00";"NO SIGNAL";"3,4725";"3,4737";"3,4724";"3,4735";"3,47354984";"3,46800017"
"";"27.10.2025 21:10:00";"NO SIGNAL";"3,4736";"3,4741";"3,4731";"3,4739";"3,47327495";"3,46897721"
"";"27.10.2025 21:11:00";"NO SIGNAL";"3,4740";"3,4749";"3,4727";"3,4728";"3,47317505";"3,4695313"
"";"27.10.2025 21:12:00";"NO SIGNAL";"3,4728";"3,4728";"3,4707";"3,4726";"3,47320008";"3,47044611"
"";"27.10.2025 21:13:00";"NO SIGNAL";"3,4725";"3,4734";"3,4699";"3,4699";"3,47230005";"3,47116184"
"29";"27.10.2025 21:14:00";"SELL";"3,4699";"3,4723";"3,4692";"3,4693";"3,47115016";"3,47195411"
"";"27.10.2025 21:15:00";"NO SIGNAL";"3,4693";"3,4700";"3,4672";"3,4699";"3,47042489";"3,47230768"
"";"27.10.2025 21:16:00";"NO SIGNAL";"3,4700";"3,4748";"3,4699";"3,4745";"3,47090006";"3,47257686"
"";"27.10.2025 21:17:00";"NO SIGNAL";"3,4745";"3,4770";"3,4744";"3,4770";"3,47267509";"3,47288465"
"30";"27.10.2025 21:18:00";"BUY";"3,4771";"3,4771";"3,4747";"3,4750";"3,47409987";"3,47300792"
"";"27.10.2025 21:19:00";"NO SIGNAL";"3,4751";"3,4751";"3,4731";"3,4741";"3,47514987";"3,47293878"
"";"27.10.2025 21:20:00";"NO SIGNAL";"3,4742";"3,4770";"3,4742";"3,4763";"3,4756";"3,47317696"
"";"27.10.2025 21:21:00";"NO SIGNAL";"3,4762";"3,4770";"3,4746";"3,4770";"3,47560024";"3,47352314"
"";"27.10.2025 21:22:00";"NO SIGNAL";"3,4769";"3,4769";"3,4641";"3,4663";"3,47342515";"3,47296929"
"31";"27.10.2025 21:23:00";"SELL";"3,4663";"3,4677";"3,4469";"3,4542";"3,46845007";"3,47145391"
"";"27.10.2025 21:24:00";"NO SIGNAL";"3,4547";"3,4548";"3,4270";"3,4481";"3,46140003";"3,46955347"
"";"27.10.2025 21:25:00";"NO SIGNAL";"3,4482";"3,4520";"3,4472";"3,4513";"3,45497489";"3,46791506"
"";"27.10.2025 21:26:00";"NO SIGNAL";"3,4511";"3,4569";"3,4491";"3,4567";"3,45257497";"3,46689963"
"";"27.10.2025 21:27:00";"NO SIGNAL";"3,4566";"3,4566";"3,4509";"3,4533";"3,4523499";"3,46566892"
"";"27.10.2025 21:28:00";"NO SIGNAL";"3,4536";"3,4564";"3,4536";"3,4547";"3,454";"3,46449995"
"";"27.10.2025 21:29:00";"NO SIGNAL";"3,4549";"3,4562";"3,4539";"3,4548";"3,45487523";"3,46298504"
"";"27.10.2025 21:30:00";"NO SIGNAL";"3,4547";"3,4568";"3,4538";"3,4568";"3,45490026";"3,46143126"
"";"27.10.2025 21:31:00";"NO SIGNAL";"3,4566";"3,4634";"3,4566";"3,4624";"3,45717478";"3,46046162"
"32";"27.10.2025 21:32:00";"BUY";"3,4622";"3,4661";"3,4622";"3,4657";"3,4599247";"3,4598155"
"";"27.10.2025 21:33:00";"NO SIGNAL";"3,4658";"3,4697";"3,4658";"3,4697";"3,46365023";"3,45930815"
"";"27.10.2025 21:34:00";"NO SIGNAL";"3,4696";"3,4735";"3,4696";"3,4711";"3,46722507";"3,4588542"
"";"27.10.2025 21:35:00";"NO SIGNAL";"3,4713";"3,4750";"3,4713";"3,4750";"3,47037506";"3,45952344"
"";"27.10.2025 21:36:00";"NO SIGNAL";"3,4750";"3,4754";"3,4727";"3,4731";"3,47222495";"3,46097732"
"";"27.10.2025 21:37:00";"NO SIGNAL";"3,4732";"3,4732";"3,4701";"3,4701";"3,47232485";"3,46266961"
"";"27.10.2025 21:38:00";"NO SIGNAL";"3,4700";"3,4719";"3,4700";"3,4719";"3,47252512";"3,46425414"
"";"27.10.2025 21:39:00";"NO SIGNAL";"3,4719";"3,4780";"3,4719";"3,4779";"3,47324991";"3,46588469"
"";"27.10.2025 21:40:00";"NO SIGNAL";"3,4779";"3,4779";"3,4746";"3,4769";"3,47420025";"3,46770024"
"";"27.10.2025 21:41:00";"NO SIGNAL";"3,4769";"3,4774";"3,4733";"3,4734";"3,47502494";"3,46913838"
"";"27.10.2025 21:42:00";"NO SIGNAL";"3,4733";"3,4736";"3,4699";"3,4699";"3,47452497";"3,47029972"
"";"27.10.2025 21:43:00";"NO SIGNAL";"3,4699";"3,4714";"3,4699";"3,4713";"3,47287512";"3,47141552"
"33";"27.10.2025 21:44:00";"SELL";"3,4713";"3,4715";"3,4712";"3,4714";"3,47149992";"3,47210765"
"";"27.10.2025 21:45:00";"NO SIGNAL";"3,4714";"3,4714";"3,4712";"3,4712";"3,47095013";"3,47253084"
"";"27.10.2025 21:46:00";"NO SIGNAL";"3,4712";"3,4712";"3,4700";"3,4712";"3,47127509";"3,472646"
"";"27.10.2025 21:47:00";"NO SIGNAL";"3,4712";"3,4789";"3,4711";"3,4776";"3,47285008";"3,4731462"
"34";"27.10.2025 21:48:00";"BUY";"3,4771";"3,4778";"3,4738";"3,4741";"3,47352505";"3,47307706"
"";"27.10.2025 21:49:00";"NO SIGNAL";"3,4742";"3,4744";"3,4737";"3,4740";"3,47422504";"3,47314644"
"";"27.10.2025 21:50:00";"NO SIGNAL";"3,4740";"3,4747";"3,4739";"3,4746";"3,47507501";"3,47349238"
"";"27.10.2025 21:51:00";"NO SIGNAL";"3,4746";"3,4747";"3,4746";"3,4747";"3,47434998";"3,47370768"
"";"27.10.2025 21:52:00";"NO SIGNAL";"3,4746";"3,4765";"3,4746";"3,4748";"3,47452497";"3,47346926"
"";"27.10.2025 21:53:00";"NO SIGNAL";"3,4749";"3,4768";"3,4749";"3,4750";"3,47477484";"3,47332311"
"";"27.10.2025 21:54:00";"NO SIGNAL";"3,4750";"3,4750";"3,4688";"3,4722";"3,47417498";"3,4732306"
"";"27.10.2025 21:55:00";"NO SIGNAL";"3,4720";"3,4720";"3,4718";"3,4719";"3,47347498";"3,47338462"
"35";"27.10.2025 21:56:00";"SELL";"3,4718";"3,4718";"3,4679";"3,4690";"3,47202492";"3,47320771"
"";"27.10.2025 21:57:00";"NO SIGNAL";"3,4691";"3,4702";"3,4691";"3,4696";"3,47067499";"3,47306943"
"";"27.10.2025 21:58:00";"NO SIGNAL";"3,4696";"3,4696";"3,4631";"3,4636";"3,46852493";"3,47248507"
"";"27.10.2025 21:59:00";"NO SIGNAL";"3,4634";"3,4634";"3,4581";"3,4590";"3,46529984";"3,47154665"
"";"27.10.2025 22:00:00";"NO SIGNAL";"3,4589";"3,4590";"3,4558";"3,4558";"3,46199989";"3,46986938"
"";"27.10.2025 22:01:00";"NO SIGNAL";"3,4559";"3,4606";"3,4519";"3,4606";"3,45975018";"3,46883106"
"";"27.10.2025 22:02:00";"NO SIGNAL";"3,4602";"3,4622";"3,4584";"3,4621";"3,4593749";"3,46791577"
"";"27.10.2025 22:03:00";"NO SIGNAL";"3,4624";"3,4674";"3,4624";"3,4671";"3,46140003";"3,46733832"
"";"27.10.2025 22:04:00";"NO SIGNAL";"3,4672";"3,4703";"3,4672";"3,4703";"3,46502495";"3,46699977"
"36";"27.10.2025 22:05:00";"BUY";"3,4703";"3,4706";"3,4668";"3,4696";"3,4672749";"3,46660018"
"";"27.10.2025 22:06:00";"NO SIGNAL";"3,4696";"3,4703";"3,4682";"3,4699";"3,46922493";"3,46620798"
"";"27.10.2025 22:07:00";"NO SIGNAL";"3,4699";"3,4705";"3,4663";"3,4664";"3,46904993";"3,46576214"
"";"27.10.2025 22:08:00";"NO SIGNAL";"3,4664";"3,4687";"3,4659";"3,4668";"3,46817493";"3,4653697"
"";"27.10.2025 22:09:00";"NO SIGNAL";"3,4669";"3,4680";"3,4656";"3,4669";"3,46749997";"3,46520805"
"";"27.10.2025 22:10:00";"NO SIGNAL";"3,4670";"3,4678";"3,4658";"3,4678";"3,46697497";"3,46506953"
"";"27.10.2025 22:11:00";"NO SIGNAL";"3,4677";"3,4699";"3,4667";"3,4670";"3,46712494";"3,4653306"
"";"27.10.2025 22:12:00";"NO SIGNAL";"3,4671";"3,4704";"3,4671";"3,4701";"3,46794987";"3,46618462"
"";"27.10.2025 22:13:00";"NO SIGNAL";"3,4702";"3,4705";"3,4674";"3,4676";"3,4681251";"3,46709275"
"37";"27.10.2025 22:14:00";"SELL";"3,4675";"3,4675";"3,4628";"3,4632";"3,46697497";"3,46729231"
"";"27.10.2025 22:15:00";"NO SIGNAL";"3,4632";"3,4633";"3,4611";"3,4633";"3,46605015";"3,46738458"
"";"27.10.2025 22:16:00";"NO SIGNAL";"3,4633";"3,4643";"3,4614";"3,4632";"3,46432495";"3,46708465"
"";"27.10.2025 22:17:00";"NO SIGNAL";"3,4633";"3,4633";"3,4602";"3,4611";"3,46269989";"3,46637702"
"";"27.10.2025 22:18:00";"NO SIGNAL";"3,4612";"3,4640";"3,4612";"3,4631";"3,46267486";"3,46587706"
"";"27.10.2025 22:19:00";"NO SIGNAL";"3,4631";"3,4652";"3,4597";"3,4598";"3,4618001";"3,46510029"
"";"27.10.2025 22:20:00";"NO SIGNAL";"3,4599";"3,4613";"3,4581";"3,4590";"3,4607501";"3,46453118"
"";"27.10.2025 22:21:00";"NO SIGNAL";"3,4591";"3,4631";"3,4582";"3,4627";"3,46115017";"3,46421528"
"";"27.10.2025 22:22:00";"NO SIGNAL";"3,4626";"3,4687";"3,4620";"3,4660";"3,46187496";"3,46414638"
"";"27.10.2025 22:23:00";"NO SIGNAL";"3,4661";"3,4663";"3,4643";"3,4648";"3,46312475";"3,46391582"
"38";"27.10.2025 22:24:00";"BUY";"3,4649";"3,4695";"3,4649";"3,4692";"3,46567488";"3,46408486"
"";"27.10.2025 22:25:00";"NO SIGNAL";"3,4693";"3,4694";"3,4651";"3,4665";"3,46662474";"3,46380782"
"";"27.10.2025 22:26:00";"NO SIGNAL";"3,4666";"3,4690";"3,4660";"3,4663";"3,46670008";"3,46370769"
"";"27.10.2025 22:27:00";"NO SIGNAL";"3,4663";"3,4666";"3,4650";"3,4650";"3,46675014";"3,46384621"
"";"27.10.2025 22:28:00";"NO SIGNAL";"3,4649";"3,4667";"3,4641";"3,4642";"3,46550012";"3,46391535"
"";"27.10.2025 22:29:00";"NO SIGNAL";"3,4642";"3,4644";"3,4611";"3,4618";"3,46432495";"3,46380806"
"39";"27.10.2025 22:30:00";"SELL";"3,4619";"3,4628";"3,4568";"3,4580";"3,46224999";"3,4635694"
"";"27.10.2025 22:31:00";"NO SIGNAL";"3,4580";"3,4581";"3,4540";"3,4565";"3,46012521";"3,46306181"
"";"27.10.2025 22:32:00";"NO SIGNAL";"3,4566";"3,4577";"3,4522";"3,4543";"3,45765018";"3,46263862"
"";"27.10.2025 22:33:00";"NO SIGNAL";"3,4544";"3,4558";"3,4531";"3,4532";"3,45550013";"3,46219277"
"";"27.10.2025 22:34:00";"NO SIGNAL";"3,4533";"3,4574";"3,4533";"3,4574";"3,45535016";"3,46178484"
"";"27.10.2025 22:35:00";"NO SIGNAL";"3,4574";"3,4581";"3,4560";"3,4563";"3,45530009";"3,46103859"
"";"27.10.2025 22:36:00";"NO SIGNAL";"3,4563";"3,4563";"3,4522";"3,4533";"3,45505023";"3,46015406"
"";"27.10.2025 22:37:00";"NO SIGNAL";"3,4533";"3,4536";"3,4512";"3,4514";"3,4546001";"3,45878458"
"";"27.10.2025 22:38:00";"NO SIGNAL";"3,4512";"3,4512";"3,4452";"3,4464";"3,45184994";"3,45723844"
"";"27.10.2025 22:39:00";"NO SIGNAL";"3,4465";"3,4471";"3,4430";"3,4443";"3,44885015";"3,45554638"
"";"27.10.2025 22:40:00";"NO SIGNAL";"3,4444";"3,4491";"3,4443";"3,4491";"3,44779992";"3,45432305"
"";"27.10.2025 22:41:00";"NO SIGNAL";"3,4491";"3,4491";"3,4432";"3,4472";"3,44674993";"3,45301557"
"";"27.10.2025 22:42:00";"NO SIGNAL";"3,4471";"3,4473";"3,4379";"3,4384";"3,44474983";"3,45121574"
"";"27.10.2025 22:43:00";"NO SIGNAL";"3,4385";"3,4427";"3,4380";"3,4411";"3,44395018";"3,44991589"
"";"27.10.2025 22:44:00";"NO SIGNAL";"3,4412";"3,4418";"3,4306";"3,4324";"3,43977499";"3,44806194"
"";"27.10.2025 22:45:00";"NO SIGNAL";"3,4324";"3,4389";"3,4318";"3,4385";"3,43760014";"3,44684649"
"";"27.10.2025 22:46:00";"NO SIGNAL";"3,4385";"3,4390";"3,4361";"3,4383";"3,43757486";"3,44570017"
"";"27.10.2025 22:47:00";"NO SIGNAL";"3,4384";"3,4433";"3,4375";"3,4423";"3,43787479";"3,44453859"
"";"27.10.2025 22:48:00";"NO SIGNAL";"3,4422";"3,4434";"3,4408";"3,4425";"3,44040012";"3,44347715"
"";"27.10.2025 22:49:00";"NO SIGNAL";"3,4425";"3,4430";"3,4417";"3,4420";"3,44127512";"3,44260812"
"40";"27.10.2025 22:50:00";"BUY";"3,4421";"3,4440";"3,4421";"3,4427";"3,44237494";"3,44193864"
"";"27.10.2025 22:51:00";"NO SIGNAL";"3,4428";"3,4433";"3,4391";"3,4403";"3,44187498";"3,44146943"
"";"27.10.2025 22:52:00";"NO SIGNAL";"3,4403";"3,4411";"3,4392";"3,4395";"3,44112492";"3,44110036"
"41";"27.10.2025 22:53:00";"SELL";"3,4396";"3,4406";"3,4385";"3,4386";"3,44027519";"3,4402926"
"";"27.10.2025 22:54:00";"NO SIGNAL";"3,4387";"3,4413";"3,4374";"3,4374";"3,43895006";"3,43953872"
"";"27.10.2025 22:55:00";"NO SIGNAL";"3,4373";"3,4378";"3,4327";"3,4343";"3,43745017";"3,43922329"
"";"27.10.2025 22:56:00";"NO SIGNAL";"3,4343";"3,4359";"3,4330";"3,4350";"3,43632507";"3,43875408"
"";"27.10.2025 22:57:00";"NO SIGNAL";"3,4349";"3,4349";"3,4328";"3,4339";"3,43514991";"3,43886924"
"";"27.10.2025 22:58:00";"NO SIGNAL";"3,4338";"3,4355";"3,4327";"3,4354";"3,43464994";"3,43863106"
"";"27.10.2025 22:59:00";"NO SIGNAL";"3,4353";"3,4358";"3,4336";"3,4355";"3,43494987";"3,43841577"
"";"27.10.2025 23:00:00";"NO SIGNAL";"3,4355";"3,4365";"3,4315";"3,4321";"3,43422484";"3,43763089"
"";"27.10.2025 23:01:00";"NO SIGNAL";"3,4321";"3,4322";"3,4268";"3,4272";"3,43254995";"3,43645406"
"";"27.10.2025 23:02:00";"NO SIGNAL";"3,4273";"3,4319";"3,4273";"3,4306";"3,43134999";"3,43557692"
"";"27.10.2025 23:03:00";"NO SIGNAL";"3,4306";"3,4334";"3,4294";"3,4319";"3,4304502";"3,43474627"
"";"27.10.2025 23:04:00";"NO SIGNAL";"3,4319";"3,4351";"3,4319";"3,4340";"3,43092513";"3,43426156"
"";"27.10.2025 23:05:00";"NO SIGNAL";"3,4338";"3,4381";"3,4325";"3,4370";"3,43337512";"3,43406916"
"42";"27.10.2025 23:06:00";"BUY";"3,4370";"3,4399";"3,4361";"3,4386";"3,43537498";"3,43406963"
"";"27.10.2025 23:07:00";"NO SIGNAL";"3,4384";"3,4388";"3,4372";"3,4377";"3,43682504";"3,43409204"
"";"27.10.2025 23:08:00";"NO SIGNAL";"3,4378";"3,4388";"3,4359";"3,4363";"3,4374001";"3,4342463"
"";"27.10.2025 23:09:00";"NO SIGNAL";"3,4363";"3,4381";"3,4329";"3,4355";"3,43702507";"3,43428469"
"";"27.10.2025 23:10:00";"NO SIGNAL";"3,4356";"3,4391";"3,4356";"3,4390";"3,43712497";"3,43467665"
"";"27.10.2025 23:11:00";"NO SIGNAL";"3,4390";"3,4428";"3,4390";"3,4409";"3,4379251";"3,43510008"
"";"27.10.2025 23:12:00";"NO SIGNAL";"3,4408";"3,4408";"3,4375";"3,4399";"3,43882513";"3,43543863"
"";"27.10.2025 23:13:00";"NO SIGNAL";"3,4399";"3,4424";"3,4399";"3,4423";"3,44052505";"3,43622327"
"";"27.10.2025 23:14:00";"NO SIGNAL";"3,4423";"3,4424";"3,4386";"3,4386";"3,44042516";"3,43710017"
"";"27.10.2025 23:15:00";"NO SIGNAL";"3,4387";"3,4387";"3,4250";"3,4284";"3,43730021";"3,43693089"
"43";"27.10.2025 23:16:00";"SELL";"3,4284";"3,4368";"3,4264";"3,4346";"3,43597484";"3,43713856"
"";"27.10.2025 23:17:00";"NO SIGNAL";"3,4345";"3,4380";"3,4324";"3,4357";"3,43432522";"3,43726921"
"";"27.10.2025 23:18:00";"NO SIGNAL";"3,4356";"3,4397";"3,4351";"3,4384";"3,43427491";"3,4373765"
"";"27.10.2025 23:19:00";"NO SIGNAL";"3,4383";"3,4398";"3,4374";"3,4394";"3,43702483";"3,43743849"
"";"27.10.2025 23:20:00";"NO SIGNAL";"3,4393";"3,4400";"3,4339";"3,4341";"3,43690014";"3,43716168"
"";"27.10.2025 23:21:00";"NO SIGNAL";"3,4342";"3,4360";"3,4324";"3,4360";"3,436975";"3,43713856"
"44";"27.10.2025 23:22:00";"BUY";"3,4359";"3,4583";"3,4359";"3,4494";"3,43972492";"3,43820763"
"";"27.10.2025 23:23:00";"NO SIGNAL";"3,4493";"3,4493";"3,4441";"3,4443";"3,44094992";"3,43861508"
"";"27.10.2025 23:24:00";"NO SIGNAL";"3,4443";"3,4449";"3,4419";"3,4443";"3,4434998";"3,43887663"
"";"27.10.2025 23:25:00";"NO SIGNAL";"3,4444";"3,4489";"3,4442";"3,4474";"3,44634986";"3,43945384"
"";"27.10.2025 23:26:00";"NO SIGNAL";"3,4473";"3,4480";"3,4458";"3,4465";"3,44562483";"3,43977714"
"";"27.10.2025 23:27:00";"NO SIGNAL";"3,4465";"3,4472";"3,4448";"3,4472";"3,4463501";"3,44043851"
"";"27.10.2025 23:28:00";"NO SIGNAL";"3,4473";"3,4479";"3,4467";"3,4477";"3,44720006";"3,44192338"
"";"27.10.2025 23:29:00";"NO SIGNAL";"3,4477";"3,4514";"3,4477";"3,4492";"3,44764996";"3,44304609"
"";"27.10.2025 23:30:00";"NO SIGNAL";"3,4493";"3,4519";"3,4493";"3,4512";"3,44882512";"3,44423866"
"";"27.10.2025 23:31:00";"NO SIGNAL";"3,4511";"3,4531";"3,4507";"3,4514";"3,44987488";"3,44523859"
"";"27.10.2025 23:32:00";"NO SIGNAL";"3,4514";"3,4517";"3,4504";"3,4516";"3,45085001";"3,44617701"
"";"27.10.2025 23:33:00";"NO SIGNAL";"3,4517";"3,4534";"3,4517";"3,4534";"3,45190001";"3,44766212"
"";"27.10.2025 23:34:00";"NO SIGNAL";"3,4533";"3,4556";"3,4526";"3,4555";"3,45297503";"3,44916201"
"";"27.10.2025 23:35:00";"NO SIGNAL";"3,4555";"3,4577";"3,4555";"3,4571";"3,45439982";"3,449754"
"";"27.10.2025 23:36:00";"NO SIGNAL";"3,4571";"3,4571";"3,4542";"3,4546";"3,45514989";"3,4505465"
"";"27.10.2025 23:37:00";"NO SIGNAL";"3,4546";"3,4549";"3,4502";"3,4509";"3,45452499";"3,45105386"
"";"27.10.2025 23:38:00";"NO SIGNAL";"3,4508";"3,4510";"3,4497";"3,4507";"3,45332503";"3,45130825"
"";"27.10.2025 23:39:00";"NO SIGNAL";"3,4507";"3,4539";"3,4507";"3,4521";"3,45207524";"3,4517386"
"45";"27.10.2025 23:40:00";"SELL";"3,4521";"3,4561";"3,4521";"3,4557";"3,4523499";"3,45239234"
"46";"27.10.2025 23:41:00";"BUY";"3,4558";"3,4581";"3,4558";"3,4580";"3,45412493";"3,45318437"
"";"27.10.2025 23:42:00";"NO SIGNAL";"3,4580";"3,4581";"3,4541";"3,4544";"3,45504999";"3,45358467"
"";"27.10.2025 23:43:00";"NO SIGNAL";"3,4542";"3,4542";"3,4523";"3,4542";"3,45557499";"3,4538157"
"";"27.10.2025 23:44:00";"NO SIGNAL";"3,4542";"3,4568";"3,4542";"3,4552";"3,45545006";"3,45410776"
"";"27.10.2025 23:45:00";"NO SIGNAL";"3,4553";"3,4601";"3,4547";"3,4593";"3,45577502";"3,45470023"
"";"27.10.2025 23:46:00";"NO SIGNAL";"3,4592";"3,4592";"3,4557";"3,4590";"3,45692492";"3,45513129"
"";"27.10.2025 23:47:00";"NO SIGNAL";"3,4589";"3,4597";"3,4576";"3,4596";"3,45827508";"3,45544648"
"";"27.10.2025 23:48:00";"NO SIGNAL";"3,4595";"3,4614";"3,4582";"3,4614";"3,45982504";"3,45577717"
"";"27.10.2025 23:49:00";"NO SIGNAL";"3,4613";"3,4618";"3,4575";"3,4582";"3,4595499";"3,45605397"
"";"27.10.2025 23:50:00";"NO SIGNAL";"3,4582";"3,4582";"3,4557";"3,4557";"3,45872498";"3,45642304"
"";"27.10.2025 23:51:00";"NO SIGNAL";"3,4557";"3,4582";"3,4557";"3,4580";"3,45832515";"3,45698476"
"47";"27.10.2025 23:52:00";"SELL";"3,4581";"3,4585";"3,4569";"3,4571";"3,45725012";"3,45736933"
"";"27.10.2025 23:53:00";"NO SIGNAL";"3,4572";"3,4606";"3,4572";"3,4586";"3,45735002";"3,45759249"
"48";"27.10.2025 23:54:00";"BUY";"3,4586";"3,4586";"3,4555";"3,4561";"3,45744991";"3,45744634"
"49";"27.10.2025 23:55:00";"SELL";"3,4562";"3,4586";"3,4562";"3,4565";"3,45707512";"3,45760822"
"";"27.10.2025 23:56:00";"NO SIGNAL";"3,4564";"3,4572";"3,4524";"3,4525";"3,45592523";"3,45747709"
"";"27.10.2025 23:57:00";"NO SIGNAL";"3,4525";"3,4536";"3,4515";"3,4536";"3,4546752";"3,45735407"
"";"27.10.2025 23:58:00";"NO SIGNAL";"3,4535";"3,4541";"3,4531";"3,4531";"3,45392513";"3,45687675"
"";"27.10.2025 23:59:00";"NO SIGNAL";"3,4530";"3,4573";"3,4519";"3,4553";"3,45362496";"3,45659208"
"";"28.10.2025 00:00:00";"NO SIGNAL";"3,4554";"3,4586";"3,4539";"3,4546";"3,45414996";"3,45620775"
"";"28.10.2025 00:01:00";"NO SIGNAL";"3,4544";"3,4556";"3,4513";"3,4513";"3,45357513";"3,45543075"
"";"28.10.2025 00:02:00";"NO SIGNAL";"3,4514";"3,4551";"3,4507";"3,4545";"3,45392513";"3,45514631"
"";"28.10.2025 00:03:00";"NO SIGNAL";"3,4544";"3,4569";"3,4539";"3,4550";"3,45385003";"3,45509243"
"";"28.10.2025 00:04:00";"NO SIGNAL";"3,4551";"3,4565";"3,4540";"3,4552";"3,454";"3,4548769"
"";"28.10.2025 00:05:00";"NO SIGNAL";"3,4552";"3,4552";"3,4508";"3,4512";"3,45397496";"3,45442319"
"";"28.10.2025 00:06:00";"NO SIGNAL";"3,4512";"3,4551";"3,4491";"3,4495";"3,45272493";"3,45372319"
"";"28.10.2025 00:07:00";"NO SIGNAL";"3,4495";"3,4515";"3,4481";"3,4485";"3,45109987";"3,45313835"
"";"28.10.2025 00:08:00";"NO SIGNAL";"3,4486";"3,4537";"3,4486";"3,4537";"3,45072508";"3,4529233"
"";"28.10.2025 00:09:00";"NO SIGNAL";"3,4537";"3,4607";"3,4537";"3,4598";"3,4528749";"3,4534843"
"50";"28.10.2025 00:10:00";"BUY";"3,4599";"3,4638";"3,4588";"3,4588";"3,45519996";"3,45388484"
"";"28.10.2025 00:11:00";"NO SIGNAL";"3,4587";"3,4587";"3,4531";"3,4532";"3,45637512";"3,45389247"
"";"28.10.2025 00:12:00";"NO SIGNAL";"3,4532";"3,4539";"3,4508";"3,4523";"3,45602512";"3,45366192"
"";"28.10.2025 00:13:00";"NO SIGNAL";"3,4523";"3,4530";"3,4517";"3,4518";"3,45402527";"3,45344615"
"51";"28.10.2025 00:14:00";"SELL";"3,4517";"3,4532";"3,4517";"3,4532";"3,45262504";"3,4535923"
"";"28.10.2025 00:15:00";"NO SIGNAL";"3,4532";"3,4550";"3,4513";"3,4540";"3,45282507";"3,45355344"
"52";"28.10.2025 00:16:00";"BUY";"3,4540";"3,4589";"3,4539";"3,4589";"3,45447516";"3,45385408"
"";"28.10.2025 00:17:00";"NO SIGNAL";"3,4588";"3,4588";"3,4531";"3,4554";"3,45537496";"3,45386958"
"";"28.10.2025 00:18:00";"NO SIGNAL";"3,4555";"3,4581";"3,4525";"3,4575";"3,45644999";"3,45435405"
"";"28.10.2025 00:19:00";"NO SIGNAL";"3,4576";"3,4578";"3,4556";"3,4565";"3,45707512";"3,4548924"
"";"28.10.2025 00:20:00";"NO SIGNAL";"3,4565";"3,4605";"3,4562";"3,4575";"3,45672512";"3,455585"
"";"28.10.2025 00:21:00";"NO SIGNAL";"3,4574";"3,4602";"3,4564";"3,4601";"3,45790005";"3,45607734"
"";"28.10.2025 00:22:00";"NO SIGNAL";"3,4601";"3,4643";"3,4586";"3,4634";"3,45937514";"3,45635438"
"";"28.10.2025 00:23:00";"NO SIGNAL";"3,4635";"3,4681";"3,4624";"3,4680";"3,46224976";"3,45706224"
"";"28.10.2025 00:24:00";"NO SIGNAL";"3,4679";"3,4680";"3,4626";"3,4630";"3,46362495";"3,45781612"
"";"28.10.2025 00:25:00";"NO SIGNAL";"3,4629";"3,4633";"3,4562";"3,4567";"3,46277499";"3,45815396"
"";"28.10.2025 00:26:00";"NO SIGNAL";"3,4566";"3,4603";"3,4540";"3,4569";"3,46115017";"3,4585464"
"53";"28.10.2025 00:27:00";"SELL";"3,4569";"3,4574";"3,4564";"3,4565";"3,45827508";"3,45879984"
"";"28.10.2025 00:28:00";"NO SIGNAL";"3,4564";"3,4589";"3,4564";"3,4579";"3,45700002";"3,45910001"
"";"28.10.2025 00:29:00";"NO SIGNAL";"3,4580";"3,4580";"3,4557";"3,4558";"3,45677495";"3,45886159"
"";"28.10.2025 00:30:00";"NO SIGNAL";"3,4558";"3,4558";"3,4496";"3,4496";"3,45495009";"3,45841551"
"";"28.10.2025 00:31:00";"NO SIGNAL";"3,4496";"3,4496";"3,4466";"3,4471";"3,4526";"3,45761538"
"";"28.10.2025 00:32:00";"NO SIGNAL";"3,4470";"3,4470";"3,4437";"3,4448";"3,44932508";"3,45671535"
"";"28.10.2025 00:33:00";"NO SIGNAL";"3,4449";"3,4462";"3,4433";"3,4455";"3,44674993";"3,45579195"
"";"28.10.2025 00:34:00";"NO SIGNAL";"3,4455";"3,4456";"3,4394";"3,4402";"3,44439983";"3,45426202"
"";"28.10.2025 00:35:00";"NO SIGNAL";"3,4406";"3,4445";"3,4406";"3,4423";"3,44320011";"3,45263886"
"";"28.10.2025 00:36:00";"NO SIGNAL";"3,4423";"3,4451";"3,4422";"3,4434";"3,44285011";"3,45074654"
"";"28.10.2025 00:37:00";"NO SIGNAL";"3,4434";"3,4465";"3,4428";"3,4437";"3,44239998";"3,44926167"
"";"28.10.2025 00:38:00";"NO SIGNAL";"3,4440";"3,4440";"3,4418";"3,4423";"3,44292498";"3,44815421"
"";"28.10.2025 00:39:00";"NO SIGNAL";"3,4423";"3,4455";"3,4422";"3,4453";"3,44367504";"3,44726157"
"";"28.10.2025 00:40:00";"NO SIGNAL";"3,4452";"3,4461";"3,4400";"3,4401";"3,44284987";"3,4460001"
"";"28.10.2025 00:41:00";"NO SIGNAL";"3,4401";"3,4401";"3,4356";"3,4377";"3,44134998";"3,44444633"
"";"28.10.2025 00:42:00";"NO SIGNAL";"3,4379";"3,4399";"3,4368";"3,4369";"3,44000006";"3,44299293"
"";"28.10.2025 00:43:00";"NO SIGNAL";"3,4368";"3,4407";"3,4368";"3,4405";"3,43879986";"3,44229293"
"";"28.10.2025 00:44:00";"NO SIGNAL";"3,4406";"3,4445";"3,4405";"3,4443";"3,43985009";"3,4420774"
"";"28.10.2025 00:45:00";"NO SIGNAL";"3,4443";"3,4460";"3,4443";"3,4458";"3,44187498";"3,44215417"
"54";"28.10.2025 00:46:00";"BUY";"3,4458";"3,4458";"3,4428";"3,4438";"3,44359994";"3,44202352"
"";"28.10.2025 00:47:00";"NO SIGNAL";"3,4438";"3,4438";"3,4396";"3,4403";"3,44354987";"3,44203043"
"";"28.10.2025 00:48:00";"NO SIGNAL";"3,4402";"3,4406";"3,4371";"3,4391";"3,44225001";"3,44178462"
"55";"28.10.2025 00:49:00";"SELL";"3,4390";"3,4426";"3,4386";"3,4420";"3,44129992";"3,44167686"
"";"28.10.2025 00:50:00";"NO SIGNAL";"3,4419";"3,4446";"3,4415";"3,4445";"3,44147491";"3,44173861"
"56";"28.10.2025 00:51:00";"BUY";"3,4445";"3,4487";"3,4423";"3,4477";"3,44332504";"3,44215417"
"";"28.10.2025 00:52:00";"NO SIGNAL";"3,4478";"3,4535";"3,4478";"3,4515";"3,44642496";"3,44263101"
"";"28.10.2025 00:53:00";"NO SIGNAL";"3,4516";"3,4519";"3,4472";"3,4473";"3,44775009";"3,44318461"
"";"28.10.2025 00:54:00";"NO SIGNAL";"3,4473";"3,4473";"3,4448";"3,4464";"3,44822502";"3,44385386"
"";"28.10.2025 00:55:00";"NO SIGNAL";"3,4464";"3,4481";"3,4464";"3,4474";"3,44814992";"3,44466138"
"";"28.10.2025 00:56:00";"NO SIGNAL";"3,4474";"3,4500";"3,4471";"3,4477";"3,44720006";"3,44521546"
"";"28.10.2025 00:57:00";"NO SIGNAL";"3,4477";"3,4492";"3,4472";"3,4477";"3,44729996";"3,44547701"
"";"28.10.2025 00:58:00";"NO SIGNAL";"3,4478";"3,4488";"3,4465";"3,4481";"3,44772506";"3,44565415"
"";"28.10.2025 00:59:00";"NO SIGNAL";"3,4481";"3,4486";"3,4461";"3,4485";"3,44799995";"3,44601536"
"";"28.10.2025 01:00:00";"NO SIGNAL";"3,4485";"3,4557";"3,4485";"3,4532";"3,44937515";"3,44700789"
"";"28.10.2025 01:01:00";"NO SIGNAL";"3,4530";"3,4560";"3,4521";"3,4527";"3,45062494";"3,44805431"
"";"28.10.2025 01:02:00";"NO SIGNAL";"3,4528";"3,4537";"3,4506";"3,4506";"3,45124984";"3,44871569"
"";"28.10.2025 01:03:00";"NO SIGNAL";"3,4506";"3,4537";"3,4506";"3,4527";"3,45230007";"3,4493463"
"";"28.10.2025 01:04:00";"NO SIGNAL";"3,4527";"3,4553";"3,4522";"3,4524";"3,4520998";"3,44970775"
"";"28.10.2025 01:05:00";"NO SIGNAL";"3,4524";"3,4524";"3,4478";"3,4484";"3,45102477";"3,44946909"
"";"28.10.2025 01:06:00";"NO SIGNAL";"3,4485";"3,4531";"3,4485";"3,4521";"3,45140004";"3,44983864"
"";"28.10.2025 01:07:00";"NO SIGNAL";"3,4521";"3,4572";"3,4521";"3,4548";"3,45192504";"3,45048475"
"";"28.10.2025 01:08:00";"NO SIGNAL";"3,4546";"3,4552";"3,4518";"3,4521";"3,45184994";"3,4508462"
"";"28.10.2025 01:09:00";"NO SIGNAL";"3,4522";"3,4575";"3,4522";"3,4574";"3,45409989";"3,45159245"
"";"28.10.2025 01:10:00";"NO SIGNAL";"3,4573";"3,4589";"3,4554";"3,4566";"3,45522499";"3,45227742"
"";"28.10.2025 01:11:00";"NO SIGNAL";"3,4567";"3,4587";"3,4563";"3,4571";"3,45580006";"3,45296979"
"";"28.10.2025 01:12:00";"NO SIGNAL";"3,4570";"3,4573";"3,4559";"3,4559";"3,45675015";"3,45353889"
"";"28.10.2025 01:13:00";"NO SIGNAL";"3,4559";"3,4559";"3,4539";"3,4557";"3,45632505";"3,45373106"
"";"28.10.2025 01:14:00";"NO SIGNAL";"3,4558";"3,4564";"3,4533";"3,4534";"3,45552492";"3,4537847"
"";"28.10.2025 01:15:00";"NO SIGNAL";"3,4534";"3,4557";"3,4531";"3,4536";"3,45464993";"3,45401549"
"";"28.10.2025 01:16:00";"NO SIGNAL";"3,4535";"3,4544";"3,4519";"3,4544";"3,45427489";"3,45414591"
"57";"28.10.2025 01:17:00";"SELL";"3,4544";"3,4557";"3,4511";"3,4535";"3,45372486";"3,45423055"
"";"28.10.2025 01:18:00";"NO SIGNAL";"3,4536";"3,4540";"3,4522";"3,4534";"3,45372486";"3,45461512"
"";"28.10.2025 01:19:00";"NO SIGNAL";"3,4534";"3,4569";"3,4527";"3,4529";"3,45354986";"3,45467687"
"";"28.10.2025 01:20:00";"NO SIGNAL";"3,4530";"3,4542";"3,4518";"3,4521";"3,4529748";"3,45446944"
"";"28.10.2025 01:21:00";"NO SIGNAL";"3,4522";"3,4544";"3,4513";"3,4544";"3,45319986";"3,45464635"
"";"28.10.2025 01:22:00";"NO SIGNAL";"3,4544";"3,4560";"3,4520";"3,4520";"3,45284986";"3,45423079"
"";"28.10.2025 01:23:00";"NO SIGNAL";"3,4520";"3,4541";"3,4520";"3,4521";"3,45264983";"3,45388484"
"";"28.10.2025 01:24:00";"NO SIGNAL";"3,4521";"3,4529";"3,4514";"3,4523";"3,4526999";"3,45351529"
"";"28.10.2025 01:25:00";"NO SIGNAL";"3,4524";"3,4542";"3,4486";"3,4486";"3,45124984";"3,45295405"
"";"28.10.2025 01:26:00";"NO SIGNAL";"3,4485";"3,4516";"3,4466";"3,4503";"3,45082498";"3,45253873"
"";"28.10.2025 01:27:00";"NO SIGNAL";"3,4504";"3,4511";"3,4491";"3,4509";"3,45052505";"3,45234632"
"";"28.10.2025 01:28:00";"NO SIGNAL";"3,4509";"3,4525";"3,4496";"3,4523";"3,45052505";"3,45224595"
"";"28.10.2025 01:29:00";"NO SIGNAL";"3,4523";"3,4532";"3,4514";"3,4514";"3,45122504";"3,4520154"
"";"28.10.2025 01:30:00";"NO SIGNAL";"3,4514";"3,4514";"3,4476";"3,4483";"3,45072508";"3,45161557"
"";"28.10.2025 01:31:00";"NO SIGNAL";"3,4484";"3,4489";"3,4466";"3,4466";"3,44965005";"3,45109248"
"";"28.10.2025 01:32:00";"NO SIGNAL";"3,4466";"3,4469";"3,4442";"3,4442";"3,44762492";"3,45042276"
"";"28.10.2025 01:33:00";"NO SIGNAL";"3,4443";"3,4455";"3,4432";"3,4437";"3,44570017";"3,44977689"
"";"28.10.2025 01:34:00";"NO SIGNAL";"3,4437";"3,4441";"3,4425";"3,4440";"3,4446249";"3,44897699"
"";"28.10.2025 01:35:00";"NO SIGNAL";"3,4440";"3,4474";"3,4436";"3,4473";"3,4447999";"3,44861555"
"";"28.10.2025 01:36:00";"NO SIGNAL";"3,4474";"3,4510";"3,4473";"3,4508";"3,44645";"3,44851542"
"";"28.10.2025 01:37:00";"NO SIGNAL";"3,4511";"3,4523";"3,4497";"3,4517";"3,44845009";"3,4484694"
"58";"28.10.2025 01:38:00";"BUY";"3,4517";"3,4526";"3,4502";"3,4524";"3,45055008";"3,4487617"
"";"28.10.2025 01:39:00";"NO SIGNAL";"3,4524";"3,4524";"3,4493";"3,4507";"3,45140004";"3,4487927"
"";"28.10.2025 01:40:00";"NO SIGNAL";"3,4507";"3,4523";"3,4495";"3,4497";"3,45112514";"3,44870043"
"";"28.10.2025 01:41:00";"NO SIGNAL";"3,4498";"3,4527";"3,4490";"3,4503";"3,45077515";"3,44854665"
"";"28.10.2025 01:42:00";"NO SIGNAL";"3,4502";"3,4553";"3,4501";"3,4547";"3,45134997";"3,44880009"
"";"28.10.2025 01:43:00";"NO SIGNAL";"3,4547";"3,4578";"3,4531";"3,4576";"3,45307517";"3,44951534"
"";"28.10.2025 01:44:00";"NO SIGNAL";"3,4576";"3,4591";"3,4564";"3,4564";"3,45475006";"3,45026898"
"";"28.10.2025 01:45:00";"NO SIGNAL";"3,4565";"3,4580";"3,4565";"3,4566";"3,45632505";"3,45122313"
"";"28.10.2025 01:46:00";"NO SIGNAL";"3,4565";"3,4574";"3,4549";"3,4558";"3,45660019";"3,45215416"
"";"28.10.2025 01:47:00";"NO SIGNAL";"3,4556";"3,4556";"3,4517";"3,4534";"3,45554996";"3,45287728"
"";"28.10.2025 01:48:00";"NO SIGNAL";"3,4535";"3,4583";"3,4534";"3,4583";"3,45602512";"3,45372319"
"";"28.10.2025 01:49:00";"NO SIGNAL";"3,4584";"3,4615";"3,4584";"3,4593";"3,45670009";"3,45437694"
"";"28.10.2025 01:50:00";"NO SIGNAL";"3,4592";"3,4611";"3,4582";"3,4593";"3,45757484";"3,45496154"
"";"28.10.2025 01:51:00";"NO SIGNAL";"3,4593";"3,4593";"3,4564";"3,4566";"3,45837498";"3,45528436"
"";"28.10.2025 01:52:00";"NO SIGNAL";"3,4565";"3,4565";"3,4544";"3,4544";"3,45740008";"3,45556951"
"";"28.10.2025 01:53:00";"NO SIGNAL";"3,4544";"3,4548";"3,4531";"3,4548";"3,45627499";"3,4559617"
"59";"28.10.2025 01:54:00";"SELL";"3,4548";"3,4551";"3,4534";"3,4535";"3,45482492";"3,45620799"
"";"28.10.2025 01:55:00";"NO SIGNAL";"3,4536";"3,4537";"3,4525";"3,4537";"3,45409989";"3,45613074"
"";"28.10.2025 01:56:00";"NO SIGNAL";"3,4537";"3,4537";"3,4525";"3,4529";"3,45372486";"3,45576954"
"";"28.10.2025 01:57:00";"NO SIGNAL";"3,4529";"3,4533";"3,4526";"3,4529";"3,45324993";"3,45550013"
"";"28.10.2025 01:58:00";"NO SIGNAL";"3,4530";"3,4535";"3,4492";"3,4503";"3,45245004";"3,45501566"
"";"28.10.2025 01:59:00";"NO SIGNAL";"3,4502";"3,4502";"3,4491";"3,4500";"3,45152497";"3,45456982"
"";"28.10.2025 02:00:00";"NO SIGNAL";"3,4501";"3,4513";"3,4485";"3,4486";"3,45044994";"3,45420051"
"";"28.10.2025 02:01:00";"NO SIGNAL";"3,4486";"3,4518";"3,4484";"3,4518";"3,45017505";"3,45370054"
"";"28.10.2025 02:02:00";"NO SIGNAL";"3,4518";"3,4534";"3,4503";"3,4503";"3,45017505";"3,45300794"
"";"28.10.2025 02:03:00";"NO SIGNAL";"3,4504";"3,4540";"3,4503";"3,4532";"3,45097494";"3,45253849"
"";"28.10.2025 02:04:00";"NO SIGNAL";"3,4532";"3,4536";"3,4525";"3,4536";"3,45222521";"3,45230794"
"60";"28.10.2025 02:05:00";"BUY";"3,4538";"3,4557";"3,4538";"3,4550";"3,4530251";"3,45235395"
"";"28.10.2025 02:06:00";"NO SIGNAL";"3,4549";"3,4562";"3,4528";"3,4533";"3,45377517";"3,45223856"
"";"28.10.2025 02:07:00";"NO SIGNAL";"3,4534";"3,4552";"3,4523";"3,4552";"3,45427489";"3,45236945"
"";"28.10.2025 02:08:00";"NO SIGNAL";"3,4552";"3,4591";"3,4541";"3,4591";"3,45564985";"3,45278454"
"";"28.10.2025 02:09:00";"NO SIGNAL";"3,4590";"3,4590";"3,4561";"3,4569";"3,45612478";"3,45309234"
"";"28.10.2025 02:10:00";"NO SIGNAL";"3,4569";"3,4569";"3,4538";"3,4538";"3,45624995";"3,45316148"
"";"28.10.2025 02:11:00";"NO SIGNAL";"3,4537";"3,4537";"3,4463";"3,4467";"3,45412493";"3,45288491"
"61";"28.10.2025 02:12:00";"SELL";"3,4466";"3,4466";"3,4436";"3,4457";"3,45077491";"3,45255399"
"";"28.10.2025 02:13:00";"NO SIGNAL";"3,4460";"3,4465";"3,4400";"3,4401";"3,44657516";"3,45190024"
"";"28.10.2025 02:14:00";"NO SIGNAL";"3,4402";"3,4420";"3,4398";"3,4412";"3,44342494";"3,45108485"
"";"28.10.2025 02:15:00";"NO SIGNAL";"3,4411";"3,4432";"3,4396";"3,4401";"3,44177485";"3,45029998"
"";"28.10.2025 02:16:00";"NO SIGNAL";"3,4402";"3,4404";"3,4336";"3,4349";"3,43907499";"3,44889259"
"";"28.10.2025 02:17:00";"NO SIGNAL";"3,4350";"3,4369";"3,4337";"3,4354";"3,43790007";"3,44749236"
"";"28.10.2025 02:18:00";"NO SIGNAL";"3,4353";"3,4396";"3,4347";"3,4389";"3,437325";"3,44625401"
"";"28.10.2025 02:19:00";"NO SIGNAL";"3,4388";"3,4388";"3,4365";"3,4383";"3,4368751";"3,44510007"
"";"28.10.2025 02:20:00";"NO SIGNAL";"3,4382";"3,4398";"3,4377";"3,4379";"3,43762493";"3,44376945"
"";"28.10.2025 02:21:00";"NO SIGNAL";"3,4379";"3,4379";"3,4318";"3,4318";"3,4367249";"3,4416697"
"";"28.10.2025 02:22:00";"NO SIGNAL";"3,4318";"3,4319";"3,4231";"3,4239";"3,43297505";"3,43913102"
"";"28.10.2025 02:23:00";"NO SIGNAL";"3,4241";"3,4274";"3,4228";"3,4235";"3,42927504";"3,43680024"
"";"28.10.2025 02:24:00";"NO SIGNAL";"3,4235";"3,4268";"3,4225";"3,4233";"3,42562485";"3,43500042"
"";"28.10.2025 02:25:00";"NO SIGNAL";"3,4234";"3,4255";"3,4205";"3,4255";"3,42404985";"3,43344617"
"";"28.10.2025 02:26:00";"NO SIGNAL";"3,4256";"3,4265";"3,4244";"3,4264";"3,42467499";"3,4323926"
"";"28.10.2025 02:27:00";"NO SIGNAL";"3,4263";"3,4335";"3,4263";"3,4333";"3,42712498";"3,43178511"
"";"28.10.2025 02:28:00";"NO SIGNAL";"3,4332";"3,4343";"3,4315";"3,4325";"3,429425";"3,43120003"
"62";"28.10.2025 02:29:00";"BUY";"3,4326";"3,4345";"3,4326";"3,4345";"3,43167496";"3,43116951"
"";"28.10.2025 02:30:00";"NO SIGNAL";"3,4344";"3,4358";"3,4327";"3,4347";"3,43374991";"3,43111539"
"";"28.10.2025 02:31:00";"NO SIGNAL";"3,4348";"3,4361";"3,4322";"3,4335";"3,43379998";"3,43070006"
"";"28.10.2025 02:32:00";"NO SIGNAL";"3,4334";"3,4359";"3,4319";"3,4358";"3,43462491";"3,43050814"
"";"28.10.2025 02:33:00";"NO SIGNAL";"3,4358";"3,4376";"3,4337";"3,4358";"3,43495011";"3,43034649"
"";"28.10.2025 02:34:00";"NO SIGNAL";"3,4358";"3,4382";"3,4345";"3,4382";"3,43582511";"3,43083882"
"";"28.10.2025 02:35:00";"NO SIGNAL";"3,4382";"3,4392";"3,4351";"3,4392";"3,43725014";"3,43201542"
"";"28.10.2025 02:36:00";"NO SIGNAL";"3,4392";"3,4403";"3,4375";"3,4384";"3,43790007";"3,43316174"
"";"28.10.2025 02:37:00";"NO SIGNAL";"3,4383";"3,4413";"3,4381";"3,4413";"3,43927479";"3,43454599"
"";"28.10.2025 02:38:00";"NO SIGNAL";"3,4413";"3,4444";"3,4413";"3,4417";"3,44014978";"3,43579221"
"";"28.10.2025 02:39:00";"NO SIGNAL";"3,4417";"3,4429";"3,4413";"3,4429";"3,44107485";"3,43706179"
"";"28.10.2025 02:40:00";"NO SIGNAL";"3,4430";"3,4443";"3,4409";"3,4409";"3,44169998";"3,43764615"
"";"28.10.2025 02:41:00";"NO SIGNAL";"3,4410";"3,4421";"3,4374";"3,4390";"3,44112492";"3,43814635"
"";"28.10.2025 02:42:00";"NO SIGNAL";"3,4389";"3,4409";"3,4389";"3,4399";"3,44067478";"3,4385612"
"";"28.10.2025 02:43:00";"NO SIGNAL";"3,4399";"3,4405";"3,4394";"3,4405";"3,44007492";"3,43900752"
"";"28.10.2025 02:44:00";"NO SIGNAL";"3,4405";"3,4405";"3,4391";"3,4391";"3,43962502";"3,43943858"
"63";"28.10.2025 02:45:00";"SELL";"3,4391";"3,4405";"3,4369";"3,4379";"3,43935013";"3,43959999"
"";"28.10.2025 02:46:00";"NO SIGNAL";"3,4378";"3,4395";"3,4363";"3,4369";"3,43860006";"3,43968511"
"";"28.10.2025 02:47:00";"NO SIGNAL";"3,4369";"3,4377";"3,4329";"3,4343";"3,43704987";"3,4393847"
"";"28.10.2025 02:48:00";"NO SIGNAL";"3,4343";"3,4355";"3,4316";"3,4316";"3,43517494";"3,4388001"
"";"28.10.2025 02:49:00";"NO SIGNAL";"3,4315";"3,4320";"3,4149";"3,4175";"3,43007493";"3,4371922"
"";"28.10.2025 02:50:00";"NO SIGNAL";"3,4173";"3,4226";"3,4066";"3,4211";"3,42612505";"3,43563867"
"";"28.10.2025 02:51:00";"NO SIGNAL";"3,4216";"3,4311";"3,4216";"3,4254";"3,42390013";"3,43438458"
"";"28.10.2025 02:52:00";"NO SIGNAL";"3,4255";"3,4280";"3,4231";"3,4264";"3,42259979";"3,43311524"
"";"28.10.2025 02:53:00";"NO SIGNAL";"3,4263";"3,4272";"3,4253";"3,4257";"3,42464995";"3,43194604"
"";"28.10.2025 02:54:00";"NO SIGNAL";"3,4256";"3,4272";"3,4218";"3,4272";"3,42617488";"3,43103814"
"";"28.10.2025 02:55:00";"NO SIGNAL";"3,4271";"3,4279";"3,4254";"3,4264";"3,42642498";"3,42999983"
"";"28.10.2025 02:56:00";"NO SIGNAL";"3,4264";"3,4298";"3,4256";"3,4290";"3,42707515";"3,42911577"
"64";"28.10.2025 02:57:00";"BUY";"3,4290";"3,4332";"3,4284";"3,4330";"3,4289";"3,42864633"
"";"28.10.2025 02:58:00";"NO SIGNAL";"3,4328";"3,4351";"3,4312";"3,4346";"3,43075013";"3,42839241"
"";"28.10.2025 02:59:00";"NO SIGNAL";"3,4345";"3,4345";"3,4315";"3,4315";"3,43202519";"3,42797685"
"";"28.10.2025 03:00:00";"NO SIGNAL";"3,4314";"3,4314";"3,4283";"3,4297";"3,43219995";"3,42762303"
"";"28.10.2025 03:01:00";"NO SIGNAL";"3,4299";"3,4346";"3,4269";"3,4344";"3,43254995";"3,42783856"
"";"28.10.2025 03:02:00";"NO SIGNAL";"3,4345";"3,4347";"3,4315";"3,4329";"3,43212509";"3,42902327"
"";"28.10.2025 03:03:00";"NO SIGNAL";"3,4329";"3,4357";"3,4308";"3,4356";"3,43315005";"3,43013859"
"";"28.10.2025 03:04:00";"NO SIGNAL";"3,4357";"3,4428";"3,4357";"3,4400";"3,43572521";"3,43126154"
"";"28.10.2025 03:05:00";"NO SIGNAL";"3,4394";"3,4426";"3,4394";"3,4404";"3,43722486";"3,43233848"
"";"28.10.2025 03:06:00";"NO SIGNAL";"3,4403";"3,4422";"3,4388";"3,4422";"3,43954992";"3,43360758"
"";"28.10.2025 03:07:00";"NO SIGNAL";"3,4423";"3,4437";"3,4402";"3,4407";"3,44082499";"3,43464613"
"";"28.10.2025 03:08:00";"NO SIGNAL";"3,4410";"3,4422";"3,4383";"3,4383";"3,44039989";"3,43556166"
"";"28.10.2025 03:09:00";"NO SIGNAL";"3,4382";"3,4382";"3,4340";"3,4341";"3,43882489";"3,43595409"
"65";"28.10.2025 03:10:00";"SELL";"3,4341";"3,4341";"3,4288";"3,4291";"3,43555021";"3,43565392"
"";"28.10.2025 03:11:00";"NO SIGNAL";"3,4292";"3,4314";"3,4256";"3,4278";"3,43232512";"3,4351306"
"";"28.10.2025 03:12:00";"NO SIGNAL";"3,4277";"3,4284";"3,4228";"3,4247";"3,42892504";"3,43460751"
"";"28.10.2025 03:13:00";"NO SIGNAL";"3,4246";"3,4253";"3,4201";"3,4237";"3,42632508";"3,43414617"
"";"28.10.2025 03:14:00";"NO SIGNAL";"3,4237";"3,4237";"3,4131";"3,4153";"3,42287493";"3,43267679"
"";"28.10.2025 03:15:00";"NO SIGNAL";"3,4153";"3,4269";"3,4153";"3,4263";"3,4224999";"3,4321692"
"";"28.10.2025 03:16:00";"NO SIGNAL";"3,4262";"3,4268";"3,4246";"3,4253";"3,42264986";"3,4313767"
"";"28.10.2025 03:17:00";"NO SIGNAL";"3,4253";"3,4257";"3,4222";"3,4244";"3,42282486";"3,43017673"
"";"28.10.2025 03:18:00";"NO SIGNAL";"3,4245";"3,4255";"3,4198";"3,4255";"3,42537498";"3,4290309"
"";"28.10.2025 03:19:00";"NO SIGNAL";"3,4256";"3,4279";"3,4256";"3,4256";"3,42519999";"3,42775416"
"";"28.10.2025 03:20:00";"NO SIGNAL";"3,4256";"3,4277";"3,4249";"3,4266";"3,42552519";"3,4266696"
"66";"28.10.2025 03:21:00";"BUY";"3,4265";"3,4270";"3,4233";"3,4259";"3,42589998";"3,42571568"
"";"28.10.2025 03:22:00";"NO SIGNAL";"3,4260";"3,4267";"3,4238";"3,4259";"3,42600012";"3,42508507"
"";"28.10.2025 03:23:00";"NO SIGNAL";"3,4259";"3,4276";"3,4259";"3,4268";"3,42630005";"3,42490792"
"";"28.10.2025 03:24:00";"NO SIGNAL";"3,4269";"3,4301";"3,4269";"3,4299";"3,42712498";"3,42506909"
"";"28.10.2025 03:25:00";"NO SIGNAL";"3,4299";"3,4334";"3,4288";"3,4320";"3,4286499";"3,42563057"
"";"28.10.2025 03:26:00";"NO SIGNAL";"3,4320";"3,4340";"3,4295";"3,4339";"3,43065";"3,42641544"
"";"28.10.2025 03:27:00";"NO SIGNAL";"3,4339";"3,4340";"3,4308";"3,4317";"3,43187499";"3,42767692"
"";"28.10.2025 03:28:00";"NO SIGNAL";"3,4317";"3,4347";"3,4293";"3,4345";"3,43302512";"3,42830777"
"";"28.10.2025 03:29:00";"NO SIGNAL";"3,4344";"3,4347";"3,4330";"3,4330";"3,43327498";"3,4289"
"";"28.10.2025 03:30:00";"NO SIGNAL";"3,4331";"3,4346";"3,4307";"3,4307";"3,43247485";"3,42938471"
"";"28.10.2025 03:31:00";"NO SIGNAL";"3,4307";"3,4307";"3,4240";"3,4240";"3,4305501";"3,42926908"
"67";"28.10.2025 03:32:00";"SELL";"3,4242";"3,4255";"3,4191";"3,4224";"3,42752504";"3,42902327"
"";"28.10.2025 03:33:00";"NO SIGNAL";"3,4224";"3,4284";"3,4224";"3,4282";"3,42632508";"3,42914629"
"";"28.10.2025 03:34:00";"NO SIGNAL";"3,4281";"3,4281";"3,4228";"3,4235";"3,42452478";"3,42896175"
"";"28.10.2025 03:35:00";"NO SIGNAL";"3,4236";"3,4243";"3,4175";"3,4182";"3,4230752";"3,42836952"
"";"28.10.2025 03:36:00";"NO SIGNAL";"3,4181";"3,4196";"3,4165";"3,4189";"3,42219996";"3,42776179"
"";"28.10.2025 03:37:00";"NO SIGNAL";"3,4189";"3,4204";"3,4166";"3,4201";"3,42017508";"3,42700791"
"";"28.10.2025 03:38:00";"NO SIGNAL";"3,4198";"3,4257";"3,4197";"3,4249";"3,42052507";"3,42646194"
"";"28.10.2025 03:39:00";"NO SIGNAL";"3,4249";"3,4265";"3,4240";"3,4241";"3,42199993";"3,42570782"
"";"28.10.2025 03:40:00";"NO SIGNAL";"3,4241";"3,4241";"3,4197";"3,4199";"3,42225003";"3,42480016"
"";"28.10.2025 03:41:00";"NO SIGNAL";"3,4199";"3,4205";"3,4171";"3,4191";"3,42199993";"3,42361522"
"";"28.10.2025 03:42:00";"NO SIGNAL";"3,4190";"3,4228";"3,4190";"3,4228";"3,42147493";"3,42283082"
"";"28.10.2025 03:43:00";"NO SIGNAL";"3,4228";"3,4256";"3,4225";"3,4243";"3,421525";"3,42233849"
"68";"28.10.2025 03:44:00";"BUY";"3,4241";"3,4256";"3,4231";"3,4240";"3,42254996";"3,42233849"
"";"28.10.2025 03:45:00";"NO SIGNAL";"3,4240";"3,4276";"3,4240";"3,4266";"3,42442513";"3,42266178"
"";"28.10.2025 03:46:00";"NO SIGNAL";"3,4265";"3,4285";"3,4252";"3,4274";"3,42557502";"3,42260027"
"";"28.10.2025 03:47:00";"NO SIGNAL";"3,4275";"3,4278";"3,4223";"3,4224";"3,42509985";"3,42251539"
"";"28.10.2025 03:48:00";"NO SIGNAL";"3,4223";"3,4223";"3,4174";"3,4174";"3,42344999";"3,42245388"
"69";"28.10.2025 03:49:00";"SELL";"3,4173";"3,4196";"3,4155";"3,4175";"3,421175";"3,42234612"
"";"28.10.2025 03:50:00";"NO SIGNAL";"3,4176";"3,4176";"3,4149";"3,4151";"3,41809988";"3,42196131"
"";"28.10.2025 03:51:00";"NO SIGNAL";"3,4152";"3,4188";"3,4152";"3,4184";"3,41709995";"3,42146134"
"";"28.10.2025 03:52:00";"NO SIGNAL";"3,4183";"3,4230";"3,4177";"3,4218";"3,41820002";"3,42128491"
"";"28.10.2025 03:53:00";"NO SIGNAL";"3,4217";"3,4239";"3,4209";"3,4235";"3,41969991";"3,42156196"
"";"28.10.2025 03:54:00";"NO SIGNAL";"3,4235";"3,4235";"3,4154";"3,4154";"3,41977501";"3,42127705"
"";"28.10.2025 03:55:00";"NO SIGNAL";"3,4153";"3,4171";"3,4134";"3,4170";"3,41942501";"3,42083097"
"";"28.10.2025 03:56:00";"NO SIGNAL";"3,4172";"3,4204";"3,4172";"3,4193";"3,41879988";"3,4204464"
"";"28.10.2025 03:57:00";"NO SIGNAL";"3,4192";"3,4267";"3,4192";"3,4266";"3,41957521";"3,42064643"
"70";"28.10.2025 03:58:00";"BUY";"3,4265";"3,4272";"3,4254";"3,4257";"3,4221499";"3,42057729"
"";"28.10.2025 03:59:00";"NO SIGNAL";"3,4258";"3,4263";"3,4237";"3,4245";"3,42402506";"3,42035389"
"";"28.10.2025 04:00:00";"NO SIGNAL";"3,4246";"3,4251";"3,4213";"3,4216";"3,42460012";"3,42029262"
"";"28.10.2025 04:01:00";"NO SIGNAL";"3,4216";"3,4227";"3,4202";"3,4209";"3,4231751";"3,42056179"
"";"28.10.2025 04:02:00";"NO SIGNAL";"3,4210";"3,4240";"3,4202";"3,4212";"3,42205";"3,42084599"
"71";"28.10.2025 04:03:00";"SELL";"3,4213";"3,4247";"3,4205";"3,4205";"3,42105007";"3,42126155"
"";"28.10.2025 04:04:00";"NO SIGNAL";"3,4205";"3,4205";"3,4170";"3,4195";"3,42052507";"3,42134643"
"";"28.10.2025 04:05:00";"NO SIGNAL";"3,4194";"3,4235";"3,4187";"3,4235";"3,421175";"3,42147684"
"72";"28.10.2025 04:06:00";"BUY";"3,4234";"3,4245";"3,4227";"3,4238";"3,42182493";"3,42150021"
"73";"28.10.2025 04:07:00";"SELL";"3,4238";"3,4255";"3,4193";"3,4198";"3,42165017";"3,42183876"
"74";"28.10.2025 04:08:00";"BUY";"3,4200";"3,4221";"3,4198";"3,4218";"3,422225";"3,42220807"
"75";"28.10.2025 04:09:00";"SELL";"3,4217";"3,4223";"3,4166";"3,4223";"3,42192507";"3,42243886"
"76";"28.10.2025 04:10:00";"BUY";"3,4224";"3,4320";"3,4224";"3,4306";"3,42362499";"3,42274642"
"";"28.10.2025 04:11:00";"NO SIGNAL";"3,4303";"3,4308";"3,4270";"3,4270";"3,42542505";"3,42284608"
"";"28.10.2025 04:12:00";"NO SIGNAL";"3,4270";"3,4293";"3,4257";"3,4289";"3,42720008";"3,42318463"
"";"28.10.2025 04:13:00";"NO SIGNAL";"3,4288";"3,4332";"3,4282";"3,4332";"3,42992496";"3,42407703"
"";"28.10.2025 04:14:00";"NO SIGNAL";"3,4332";"3,4358";"3,4332";"3,4343";"3,43085003";"3,42510772"
"";"28.10.2025 04:15:00";"NO SIGNAL";"3,4344";"3,4369";"3,4342";"3,4347";"3,43277502";"3,42614651"
"";"28.10.2025 04:16:00";"NO SIGNAL";"3,4347";"3,4371";"3,4347";"3,4371";"3,43482494";"3,42742324"
"";"28.10.2025 04:17:00";"NO SIGNAL";"3,4372";"3,4408";"3,4358";"3,4358";"3,43547487";"3,42867708"
"";"28.10.2025 04:18:00";"NO SIGNAL";"3,4359";"3,4372";"3,4343";"3,4365";"3,43602514";"3,42967677"
"";"28.10.2025 04:19:00";"NO SIGNAL";"3,4367";"3,4389";"3,4351";"3,4365";"3,4364748";"3,43065357"
"";"28.10.2025 04:20:00";"NO SIGNAL";"3,4364";"3,4364";"3,4332";"3,4344";"3,43580008";"3,43177652"
"";"28.10.2025 04:21:00";"NO SIGNAL";"3,4344";"3,4355";"3,4319";"3,4353";"3,43567514";"3,43281579"
"";"28.10.2025 04:22:00";"NO SIGNAL";"3,4355";"3,4377";"3,4353";"3,4363";"3,43562508";"3,43389225"
"";"28.10.2025 04:23:00";"NO SIGNAL";"3,4362";"3,4366";"3,4346";"3,4349";"3,43522501";"3,43422365"
"";"28.10.2025 04:24:00";"NO SIGNAL";"3,4349";"3,4378";"3,4339";"3,4377";"3,43604994";"3,43504643"
"";"28.10.2025 04:25:00";"NO SIGNAL";"3,4377";"3,4377";"3,4345";"3,4372";"3,43652511";"3,43568492"
"";"28.10.2025 04:26:00";"NO SIGNAL";"3,4372";"3,4381";"3,4362";"3,4368";"3,43665004";"3,43596172"
"";"28.10.2025 04:27:00";"NO SIGNAL";"3,4369";"3,4370";"3,4321";"3,4335";"3,43630028";"3,43590021"
"77";"28.10.2025 04:28:00";"SELL";"3,4336";"3,4340";"3,4314";"3,4322";"3,43492508";"3,43570781"
"";"28.10.2025 04:29:00";"NO SIGNAL";"3,4321";"3,4328";"3,4318";"3,4323";"3,43370008";"3,43533874"
"";"28.10.2025 04:30:00";"NO SIGNAL";"3,4324";"3,4324";"3,4288";"3,4295";"3,43187523";"3,43485427"
"";"28.10.2025 04:31:00";"NO SIGNAL";"3,4295";"3,4325";"3,4283";"3,4318";"3,43144989";"3,43449235"
"";"28.10.2025 04:32:00";"NO SIGNAL";"3,4319";"3,4351";"3,4319";"3,4351";"3,43217516";"3,43438435"
"";"28.10.2025 04:33:00";"NO SIGNAL";"3,4351";"3,4362";"3,4335";"3,4344";"3,43270016";"3,43438435"
"";"28.10.2025 04:34:00";"NO SIGNAL";"3,4345";"3,4370";"3,4345";"3,4362";"3,43437505";"3,43445373"
"78";"28.10.2025 04:35:00";"BUY";"3,4363";"3,4385";"3,4361";"3,4361";"3,43545008";"3,43443799"
"";"28.10.2025 04:36:00";"NO SIGNAL";"3,4361";"3,4361";"3,4312";"3,4315";"3,43454981";"3,43417692"
"";"28.10.2025 04:37:00";"NO SIGNAL";"3,4314";"3,4347";"3,4303";"3,4324";"3,43405008";"3,4337697"
"";"28.10.2025 04:38:00";"NO SIGNAL";"3,4326";"3,4382";"3,4326";"3,4357";"3,43392515";"3,43365431"
"79";"28.10.2025 04:39:00";"SELL";"3,4357";"3,4357";"3,4323";"3,4327";"3,43307495";"3,43333864"
"80";"28.10.2025 04:40:00";"BUY";"3,4327";"3,4338";"3,4323";"3,4331";"3,43347502";"3,43330812"
"";"28.10.2025 04:41:00";"NO SIGNAL";"3,4332";"3,4369";"3,4332";"3,4363";"3,43445015";"3,43362331"
"";"28.10.2025 04:42:00";"NO SIGNAL";"3,4362";"3,4377";"3,4350";"3,4371";"3,43479991";"3,43399239"
"";"28.10.2025 04:43:00";"NO SIGNAL";"3,4371";"3,4381";"3,4311";"3,4326";"3,43477488";"3,43423057"
"";"28.10.2025 04:44:00";"NO SIGNAL";"3,4327";"3,4337";"3,4319";"3,4322";"3,43455005";"3,43426156"
"81";"28.10.2025 04:45:00";"SELL";"3,4322";"3,4343";"3,4322";"3,4325";"3,43359995";"3,43406129"
"";"28.10.2025 04:46:00";"NO SIGNAL";"3,4325";"3,4352";"3,4324";"3,4352";"3,43312502";"3,43412304"
"82";"28.10.2025 04:47:00";"BUY";"3,4352";"3,4408";"3,4352";"3,4401";"3,43499994";"3,43442321"
"";"28.10.2025 04:48:00";"NO SIGNAL";"3,4402";"3,4465";"3,4402";"3,4465";"3,43857503";"3,4352231"
"";"28.10.2025 04:49:00";"NO SIGNAL";"3,4466";"3,4538";"3,4465";"3,4498";"3,44289994";"3,43663096"
"";"28.10.2025 04:50:00";"NO SIGNAL";"3,4499";"3,4520";"3,4487";"3,4519";"3,44707489";"3,43813062"
"";"28.10.2025 04:51:00";"NO SIGNAL";"3,4519";"3,4525";"3,4497";"3,4499";"3,44952512";"3,43922329"
"";"28.10.2025 04:52:00";"NO SIGNAL";"3,4500";"3,4512";"3,4489";"3,4489";"3,45012522";"3,4404695"
"";"28.10.2025 04:53:00";"NO SIGNAL";"3,4490";"3,4560";"3,4490";"3,4557";"3,45160007";"3,44220805"
"";"28.10.2025 04:54:00";"NO SIGNAL";"3,4556";"3,4627";"3,4556";"3,4619";"3,45409989";"3,44417739"
"";"28.10.2025 04:55:00";"NO SIGNAL";"3,4620";"3,4633";"3,4609";"3,4627";"3,45729995";"3,44614649"
"";"28.10.2025 04:56:00";"NO SIGNAL";"3,4627";"3,4627";"3,4586";"3,4586";"3,4597249";"3,44814634"
"";"28.10.2025 04:57:00";"NO SIGNAL";"3,4586";"3,4586";"3,4563";"3,4575";"3,4601748";"3,45009255"
"";"28.10.2025 04:58:00";"NO SIGNAL";"3,4575";"3,4587";"3,4557";"3,4587";"3,4593749";"3,45210767"
"";"28.10.2025 04:59:00";"NO SIGNAL";"3,4587";"3,4613";"3,4573";"3,4574";"3,45805001";"3,45381522"
"";"28.10.2025 05:00:00";"NO SIGNAL";"3,4575";"3,4612";"3,4575";"3,4612";"3,45870018";"3,45543861"
"";"28.10.2025 05:01:00";"NO SIGNAL";"3,4612";"3,4683";"3,4612";"3,4655";"3,46070004";"3,45690012"
"";"28.10.2025 05:02:00";"NO SIGNAL";"3,4655";"3,4713";"3,4655";"3,4695";"3,46340013";"3,45841575"
"";"28.10.2025 05:03:00";"NO SIGNAL";"3,4695";"3,4695";"3,4645";"3,4669";"3,46577501";"3,45956922"
"";"28.10.2025 05:04:00";"NO SIGNAL";"3,4670";"3,4709";"3,4660";"3,4689";"3,4677";"3,46103072"
"";"28.10.2025 05:05:00";"NO SIGNAL";"3,4688";"3,4688";"3,4657";"3,4658";"3,46777487";"3,46233082"
"";"28.10.2025 05:06:00";"NO SIGNAL";"3,4658";"3,4685";"3,4638";"3,4684";"3,46749997";"3,46330762"
"";"28.10.2025 05:07:00";"NO SIGNAL";"3,4684";"3,4691";"3,4664";"3,4665";"3,46740007";"3,46366167"
"";"28.10.2025 05:08:00";"NO SIGNAL";"3,4664";"3,4700";"3,4656";"3,4675";"3,46705008";"3,46403074"
"";"28.10.2025 05:09:00";"NO SIGNAL";"3,4676";"3,4681";"3,4658";"3,4674";"3,46745014";"3,46470761"
"";"28.10.2025 05:10:00";"NO SIGNAL";"3,4675";"3,4698";"3,4661";"3,4662";"3,46690011";"3,46537709"
"";"28.10.2025 05:11:00";"NO SIGNAL";"3,4661";"3,4661";"3,4614";"3,4614";"3,46562505";"3,46558499"
"83";"28.10.2025 05:12:00";"SELL";"3,4613";"3,4630";"3,4600";"3,4601";"3,46377516";"3,46579266"
"";"28.10.2025 05:13:00";"NO SIGNAL";"3,4600";"3,4600";"3,4578";"3,4581";"3,4614501";"3,465554"
"";"28.10.2025 05:14:00";"NO SIGNAL";"3,4580";"3,4603";"3,4571";"3,4585";"3,45952511";"3,46501565"
"";"28.10.2025 05:15:00";"NO SIGNAL";"3,4584";"3,4610";"3,4574";"3,4602";"3,45922518";"3,46430016"
"";"28.10.2025 05:16:00";"NO SIGNAL";"3,4603";"3,4651";"3,4603";"3,4651";"3,46047521";"3,46416163"
"";"28.10.2025 05:17:00";"NO SIGNAL";"3,4650";"3,4650";"3,4582";"3,4595";"3,46082497";"3,46343851"
"";"28.10.2025 05:18:00";"NO SIGNAL";"3,4595";"3,4618";"3,4595";"3,4618";"3,46165013";"3,46313071"
"";"28.10.2025 05:19:00";"NO SIGNAL";"3,4617";"3,4627";"3,4565";"3,4574";"3,46095014";"3,4622848"
"";"28.10.2025 05:20:00";"NO SIGNAL";"3,4574";"3,4578";"3,4551";"3,4570";"3,45892501";"3,46155381"
"";"28.10.2025 05:21:00";"NO SIGNAL";"3,4570";"3,4603";"3,4559";"3,4588";"3,45875025";"3,46088457"
"";"28.10.2025 05:22:00";"NO SIGNAL";"3,4586";"3,4593";"3,4554";"3,4555";"3,45717502";"3,45996928"
"";"28.10.2025 05:23:00";"NO SIGNAL";"3,4557";"3,4559";"3,4499";"3,4512";"3,45562506";"3,4588151"
"";"28.10.2025 05:24:00";"NO SIGNAL";"3,4513";"3,4523";"3,4451";"3,4452";"3,4526751";"3,45756888"
"";"28.10.2025 05:25:00";"NO SIGNAL";"3,4451";"3,4466";"3,4443";"3,4462";"3,44952488";"3,45650005"
"";"28.10.2025 05:26:00";"NO SIGNAL";"3,4461";"3,4476";"3,4460";"3,4468";"3,44735003";"3,45563078"
"";"28.10.2025 05:27:00";"NO SIGNAL";"3,4469";"3,4484";"3,4451";"3,4456";"3,44595003";"3,45463872"
"";"28.10.2025 05:28:00";"NO SIGNAL";"3,4462";"3,4475";"3,4452";"3,4464";"3,44624996";"3,45357704"
"";"28.10.2025 05:29:00";"NO SIGNAL";"3,4464";"3,4467";"3,4387";"3,4387";"3,44437504";"3,45154619"
"";"28.10.2025 05:30:00";"NO SIGNAL";"3,4387";"3,4387";"3,4316";"3,4328";"3,44087505";"3,44949269"
"";"28.10.2025 05:31:00";"NO SIGNAL";"3,4328";"3,4334";"3,4267";"3,4281";"3,43649983";"3,44690037"
"";"28.10.2025 05:32:00";"NO SIGNAL";"3,4282";"3,4310";"3,4277";"3,4307";"3,43257499";"3,44484663"
"";"28.10.2025 05:33:00";"NO SIGNAL";"3,4307";"3,4331";"3,4298";"3,4326";"3,4310503";"3,44296956"
"";"28.10.2025 05:34:00";"NO SIGNAL";"3,4326";"3,4355";"3,4324";"3,4346";"3,43149996";"3,44110775"
"";"28.10.2025 05:35:00";"NO SIGNAL";"3,4346";"3,4346";"3,4312";"3,4313";"3,43230009";"3,43924642"
"";"28.10.2025 05:36:00";"NO SIGNAL";"3,4314";"3,4324";"3,4304";"3,4317";"3,43254995";"3,43774652"
"";"28.10.2025 05:37:00";"NO SIGNAL";"3,4317";"3,4317";"3,4276";"3,4306";"3,43204999";"3,43662333"
"";"28.10.2025 05:38:00";"NO SIGNAL";"3,4305";"3,4314";"3,4305";"3,4311";"3,43117499";"3,43546152"
"";"28.10.2025 05:39:00";"NO SIGNAL";"3,4310";"3,4336";"3,4309";"3,4322";"3,43139982";"3,43433857"
"";"28.10.2025 05:40:00";"NO SIGNAL";"3,4321";"3,4332";"3,4301";"3,4311";"3,43124986";"3,43322325"
"";"28.10.2025 05:41:00";"NO SIGNAL";"3,4312";"3,4340";"3,4312";"3,4315";"3,43147492";"3,43207717"
"";"28.10.2025 05:42:00";"NO SIGNAL";"3,4316";"3,4329";"3,4302";"3,4312";"3,43149996";"3,4315002"
"";"28.10.2025 05:43:00";"NO SIGNAL";"3,4313";"3,4322";"3,4288";"3,4309";"3,43117499";"3,43135405"
"";"28.10.2025 05:44:00";"NO SIGNAL";"3,4309";"3,4309";"3,4259";"3,4266";"3,4300499";"3,43123841"
"";"28.10.2025 05:45:00";"NO SIGNAL";"3,4265";"3,4266";"3,4046";"3,4074";"3,42402506";"3,42944646"
"";"28.10.2025 05:46:00";"NO SIGNAL";"3,4075";"3,4199";"3,4043";"3,4191";"3,421";"3,42840791"
"";"28.10.2025 05:47:00";"NO SIGNAL";"3,4196";"3,4230";"3,4168";"3,4199";"3,41825008";"3,42727733"
"";"28.10.2025 05:48:00";"NO SIGNAL";"3,4198";"3,4229";"3,4188";"3,4212";"3,41689992";"3,42650032"
"";"28.10.2025 05:49:00";"NO SIGNAL";"3,4213";"3,4227";"3,4189";"3,4213";"3,42037487";"3,42570019"
"";"28.10.2025 05:50:00";"NO SIGNAL";"3,4212";"3,4212";"3,4162";"3,4189";"3,42032504";"3,42480016"
"";"28.10.2025 05:51:00";"NO SIGNAL";"3,4188";"3,4198";"3,4151";"3,4178";"3,4197998";"3,42377687"
"";"28.10.2025 05:52:00";"NO SIGNAL";"3,4179";"3,4182";"3,4149";"3,4151";"3,41827512";"3,42246175"
"";"28.10.2025 05:53:00";"NO SIGNAL";"3,4151";"3,4189";"3,4093";"3,4093";"3,4152751";"3,42078495"
"";"28.10.2025 05:54:00";"NO SIGNAL";"3,4093";"3,4158";"3,4093";"3,4135";"3,41392493";"3,41940022"
"";"28.10.2025 05:55:00";"NO SIGNAL";"3,4134";"3,4198";"3,4101";"3,4196";"3,41437507";"3,41850781"
"";"28.10.2025 05:56:00";"NO SIGNAL";"3,4195";"3,4200";"3,4152";"3,4155";"3,41447496";"3,41732311"
"";"28.10.2025 05:57:00";"NO SIGNAL";"3,4155";"3,4155";"3,4107";"3,4147";"3,41582489";"3,41640759"
"";"28.10.2025 05:58:00";"NO SIGNAL";"3,4151";"3,4153";"3,4134";"3,4153";"3,41627502";"3,41701555"
"";"28.10.2025 05:59:00";"NO SIGNAL";"3,4154";"3,4184";"3,4080";"3,4105";"3,4139998";"3,4163537"
"";"28.10.2025 06:00:00";"NO SIGNAL";"3,4106";"3,4136";"3,4104";"3,4120";"3,41312504";"3,41574597"
"";"28.10.2025 06:01:00";"NO SIGNAL";"3,4122";"3,4176";"3,4122";"3,4157";"3,4133749";"3,41532302"
"";"28.10.2025 06:02:00";"NO SIGNAL";"3,4155";"3,4155";"3,4118";"3,4144";"3,41314983";"3,4147923"
"84";"28.10.2025 06:03:00";"BUY";"3,4144";"3,4189";"3,4137";"3,4185";"3,41514993";"3,41476178"
"";"28.10.2025 06:04:00";"NO SIGNAL";"3,4185";"3,4190";"3,4161";"3,4165";"3,41627502";"3,41466212"
"";"28.10.2025 06:05:00";"NO SIGNAL";"3,4165";"3,4201";"3,4159";"3,4182";"3,41690016";"3,41490078"
"";"28.10.2025 06:06:00";"NO SIGNAL";"3,4183";"3,4201";"3,4148";"3,4163";"3,41737509";"3,41543889"
"";"28.10.2025 06:07:00";"NO SIGNAL";"3,4163";"3,4190";"3,4147";"3,4178";"3,41720009";"3,41576958"
"";"28.10.2025 06:08:00";"NO SIGNAL";"3,4178";"3,4184";"3,4161";"3,4184";"3,41767502";"3,41567707"
"";"28.10.2025 06:09:00";"NO SIGNAL";"3,4185";"3,4224";"3,4179";"3,4190";"3,41787481";"3,41594601"
"";"28.10.2025 06:10:00";"NO SIGNAL";"3,4189";"3,4203";"3,4160";"3,4179";"3,41827488";"3,41619205"
"";"28.10.2025 06:11:00";"NO SIGNAL";"3,4179";"3,4180";"3,4134";"3,4141";"3,41734982";"3,41609979"
"";"28.10.2025 06:12:00";"NO SIGNAL";"3,4140";"3,4162";"3,4123";"3,4158";"3,41669989";"3,41650748"
"85";"28.10.2025 06:13:00";"SELL";"3,4157";"3,4171";"3,4150";"3,4165";"3,41607499";"3,41685343"
"";"28.10.2025 06:14:00";"NO SIGNAL";"3,4166";"3,4197";"3,4162";"3,4197";"3,41652489";"3,41716123"
"86";"28.10.2025 06:15:00";"BUY";"3,4198";"3,4208";"3,4169";"3,4182";"3,41755009";"3,41745424"
"";"28.10.2025 06:16:00";"NO SIGNAL";"3,4182";"3,4199";"3,4147";"3,4188";"3,41829991";"3,41747737"
"";"28.10.2025 06:17:00";"NO SIGNAL";"3,4186";"3,4200";"3,4175";"3,4189";"3,41889977";"3,41766191"
"";"28.10.2025 06:18:00";"NO SIGNAL";"3,4190";"3,4205";"3,4110";"3,4141";"3,41750002";"3,41734648"
"";"28.10.2025 06:19:00";"NO SIGNAL";"3,4141";"3,4188";"3,4141";"3,4188";"3,41765022";"3,41753864"
"";"28.10.2025 06:20:00";"NO SIGNAL";"3,4188";"3,4198";"3,4174";"3,4193";"3,41777515";"3,41765404"
"";"28.10.2025 06:21:00";"NO SIGNAL";"3,4193";"3,4207";"3,4186";"3,4193";"3,41787505";"3,41772318"
"";"28.10.2025 06:22:00";"NO SIGNAL";"3,4194";"3,4201";"3,4145";"3,4164";"3,41845012";"3,41752338"
"";"28.10.2025 06:23:00";"NO SIGNAL";"3,4164";"3,4164";"3,4139";"3,4145";"3,41737509";"3,4172616"
"87";"28.10.2025 06:24:00";"SELL";"3,4146";"3,4182";"3,4146";"3,4182";"3,41709995";"3,41757751"
"";"28.10.2025 06:25:00";"NO SIGNAL";"3,4181";"3,4181";"3,4164";"3,4174";"3,41662502";"3,41770029"
"";"28.10.2025 06:26:00";"NO SIGNAL";"3,4174";"3,4194";"3,4174";"3,4192";"3,41732502";"3,41790819"
"88";"28.10.2025 06:27:00";"BUY";"3,4192";"3,4194";"3,4155";"3,4166";"3,41785002";"3,41766953"
"";"28.10.2025 06:28:00";"NO SIGNAL";"3,4166";"3,4184";"3,4160";"3,4184";"3,41790009";"3,41768479"
"";"28.10.2025 06:29:00";"NO SIGNAL";"3,4184";"3,4186";"3,4157";"3,4166";"3,41770005";"3,41751552"
"89";"28.10.2025 06:30:00";"SELL";"3,4166";"3,4166";"3,4140";"3,4143";"3,41647506";"3,4171617"
"";"28.10.2025 06:31:00";"NO SIGNAL";"3,4143";"3,4177";"3,4133";"3,4152";"3,41612506";"3,41724634"
"";"28.10.2025 06:32:00";"NO SIGNAL";"3,4153";"3,4201";"3,4149";"3,4192";"3,41632509";"3,41727686"
"90";"28.10.2025 06:33:00";"BUY";"3,4192";"3,4368";"3,4190";"3,4328";"3,42037511";"3,41831565"
"";"28.10.2025 06:34:00";"NO SIGNAL";"3,4327";"3,4412";"3,4321";"3,4398";"3,42674994";"3,41989255"
"";"28.10.2025 06:35:00";"NO SIGNAL";"3,4398";"3,4487";"3,4376";"3,4468";"3,43464994";"3,42223096"
"";"28.10.2025 06:36:00";"NO SIGNAL";"3,4468";"3,4503";"3,4442";"3,4459";"3,44132519";"3,42464638"
"";"28.10.2025 06:37:00";"NO SIGNAL";"3,4459";"3,4527";"3,4455";"3,4526";"3,446275";"3,42729235"
"";"28.10.2025 06:38:00";"NO SIGNAL";"3,4525";"3,4584";"3,4509";"3,4565";"3,45044994";"3,4303"
"";"28.10.2025 06:39:00";"NO SIGNAL";"3,4565";"3,4636";"3,4558";"3,4624";"3,45434999";"3,43362284"
"";"28.10.2025 06:40:00";"NO SIGNAL";"3,4628";"3,4635";"3,4550";"3,4557";"3,45679998";"3,43663073"
"";"28.10.2025 06:41:00";"NO SIGNAL";"3,4558";"3,4630";"3,4545";"3,4628";"3,45934987";"3,44004607"
"";"28.10.2025 06:42:00";"NO SIGNAL";"3,4629";"3,4658";"3,4629";"3,4641";"3,46124983";"3,44369984"
"";"28.10.2025 06:43:00";"NO SIGNAL";"3,4642";"3,4692";"3,4638";"3,4664";"3,46224999";"3,44770765"
"";"28.10.2025 06:44:00";"NO SIGNAL";"3,4663";"3,4740";"3,4660";"3,4717";"3,46624994";"3,45205402"
"";"28.10.2025 06:45:00";"NO SIGNAL";"3,4717";"3,4744";"3,4700";"3,4730";"3,46880007";"3,45619249"
"";"28.10.2025 06:46:00";"NO SIGNAL";"3,4729";"3,4782";"3,4723";"3,4765";"3,47189999";"3,45955372"
"";"28.10.2025 06:47:00";"NO SIGNAL";"3,4769";"3,4855";"3,4743";"3,4853";"3,47662497";"3,46305394"
"";"28.10.2025 06:48:00";"NO SIGNAL";"3,4852";"3,4857";"3,4762";"3,4763";"3,4777751";"3,46532297"
"";"28.10.2025 06:49:00";"NO SIGNAL";"3,4762";"3,4840";"3,4745";"3,4838";"3,48047495";"3,46823835"
"";"28.10.2025 06:50:00";"NO SIGNAL";"3,4838";"3,4918";"3,4837";"3,4909";"3,48407507";"3,47118473"
"";"28.10.2025 06:51:00";"NO SIGNAL";"3,4907";"3,4952";"3,4903";"3,4952";"3,48655009";"3,47416139"
"";"28.10.2025 06:52:00";"NO SIGNAL";"3,4952";"3,4999";"3,4952";"3,4981";"3,49199986";"3,47690773"
"";"28.10.2025 06:53:00";"NO SIGNAL";"3,4977";"3,5013";"3,4963";"3,4975";"3,49542499";"3,4801228"
"";"28.10.2025 06:54:00";"NO SIGNAL";"3,4975";"3,5060";"3,4973";"3,5018";"3,49815011";"3,48312306"
"";"28.10.2025 06:55:00";"NO SIGNAL";"3,5017";"3,5038";"3,4922";"3,4966";"3,49849987";"3,48562288"
"";"28.10.2025 06:56:00";"NO SIGNAL";"3,4967";"3,4985";"3,4903";"3,4911";"3,49674988";"3,48752284"
"";"28.10.2025 06:57:00";"NO SIGNAL";"3,4912";"3,4949";"3,4847";"3,4937";"3,49580002";"3,48921561"
"";"28.10.2025 06:58:00";"NO SIGNAL";"3,4936";"3,4987";"3,4936";"3,4963";"3,49442506";"3,49100804"
"";"28.10.2025 06:59:00";"NO SIGNAL";"3,4964";"3,4990";"3,4956";"3,4980";"3,49477506";"3,49266124"
"";"28.10.2025 07:00:00";"NO SIGNAL";"3,4981";"3,5038";"3,4951";"3,5005";"3,49712491";"3,49383092"
"";"28.10.2025 07:01:00";"NO SIGNAL";"3,5000";"3,5028";"3,4925";"3,4966";"3,49784994";"3,49539232"
"";"28.10.2025 07:02:00";"NO SIGNAL";"3,4966";"3,4971";"3,4879";"3,4885";"3,49589992";"3,495754"
"91";"28.10.2025 07:03:00";"SELL";"3,4885";"3,4924";"3,4859";"3,4910";"3,49414992";"3,49576163"
"";"28.10.2025 07:04:00";"NO SIGNAL";"3,4910";"3,4937";"3,4896";"3,4918";"3,49197507";"3,49550033"
"";"28.10.2025 07:05:00";"NO SIGNAL";"3,4916";"3,4917";"3,4860";"3,4860";"3,48932505";"3,49456954"
"";"28.10.2025 07:06:00";"NO SIGNAL";"3,4861";"3,4881";"3,4831";"3,4861";"3,48872519";"3,4936924"
"";"28.10.2025 07:07:00";"NO SIGNAL";"3,4862";"3,4878";"3,4820";"3,4833";"3,48680019";"3,49226928"
"";"28.10.2025 07:08:00";"NO SIGNAL";"3,4834";"3,4851";"3,4820";"3,4845";"3,4849751";"3,49133873"
"";"28.10.2025 07:09:00";"NO SIGNAL";"3,4846";"3,4871";"3,4837";"3,4847";"3,48465014";"3,49084663"
"";"28.10.2025 07:10:00";"NO SIGNAL";"3,4847";"3,4874";"3,4789";"3,4789";"3,48285007";"3,48970771"
"";"28.10.2025 07:11:00";"NO SIGNAL";"3,4790";"3,4830";"3,4779";"3,4812";"3,48232508";"3,48854637"
"";"28.10.2025 07:12:00";"NO SIGNAL";"3,4813";"3,4816";"3,4734";"3,4756";"3,48009992";"3,48682308"
"";"28.10.2025 07:13:00";"NO SIGNAL";"3,4759";"3,4781";"3,4751";"3,4777";"3,47834992";"3,48506904"
"";"28.10.2025 07:14:00";"NO SIGNAL";"3,4774";"3,4798";"3,4773";"3,4786";"3,47827506";"3,4836843"
"";"28.10.2025 07:15:00";"NO SIGNAL";"3,4786";"3,4791";"3,4768";"3,4781";"3,4775002";"3,48288465"
"";"28.10.2025 07:16:00";"NO SIGNAL";"3,4781";"3,4812";"3,4775";"3,4775";"3,47797513";"3,48184609"
"";"28.10.2025 07:17:00";"NO SIGNAL";"3,4775";"3,4786";"3,4698";"3,4698";"3,47599983";"3,4801538"
"";"28.10.2025 07:18:00";"NO SIGNAL";"3,4699";"3,4701";"3,4646";"3,4692";"3,47364998";"3,47886133"
"";"28.10.2025 07:19:00";"NO SIGNAL";"3,4692";"3,4706";"3,4672";"3,4699";"3,47159982";"3,47761512"
"";"28.10.2025 07:20:00";"NO SIGNAL";"3,4700";"3,4707";"3,4676";"3,4677";"3,46915007";"3,4764154"
"";"28.10.2025 07:21:00";"NO SIGNAL";"3,4678";"3,4696";"3,4656";"3,4688";"3,46889997";"3,47520781"
"";"28.10.2025 07:22:00";"NO SIGNAL";"3,4689";"3,4733";"3,4689";"3,4724";"3,4697001";"3,47426176"
"";"28.10.2025 07:23:00";"NO SIGNAL";"3,4724";"3,4731";"3,4700";"3,4708";"3,46992517";"3,47363877"
"";"28.10.2025 07:24:00";"NO SIGNAL";"3,4709";"3,4721";"3,4701";"3,4707";"3,47067499";"3,47283101"
"";"28.10.2025 07:25:00";"NO SIGNAL";"3,4706";"3,4706";"3,4677";"3,4677";"3,47040009";"3,47222328"
"";"28.10.2025 07:26:00";"NO SIGNAL";"3,4677";"3,4708";"3,4677";"3,4695";"3,46967506";"3,47159266"
"";"28.10.2025 07:27:00";"NO SIGNAL";"3,4694";"3,4738";"3,4694";"3,4717";"3,46990013";"3,47106147"
"";"28.10.2025 07:28:00";"NO SIGNAL";"3,4717";"3,4758";"3,4717";"3,4730";"3,47047496";"3,47066927"
"92";"28.10.2025 07:29:00";"BUY";"3,4728";"3,4728";"3,4696";"3,4707";"3,47122478";"3,47014594"
"";"28.10.2025 07:30:00";"NO SIGNAL";"3,4708";"3,4746";"3,4686";"3,4739";"3,47232509";"3,47046185"
"";"28.10.2025 07:31:00";"NO SIGNAL";"3,4739";"3,4744";"3,4717";"3,4744";"3,47300005";"3,47086143"
"";"28.10.2025 07:32:00";"NO SIGNAL";"3,4744";"3,4751";"3,4729";"3,4730";"3,47300005";"3,47110009"
"";"28.10.2025 07:33:00";"NO SIGNAL";"3,4730";"3,4730";"3,4641";"3,4655";"3,47170019";"3,47093058"
"93";"28.10.2025 07:34:00";"SELL";"3,4654";"3,4674";"3,4628";"3,4674";"3,47007513";"3,47082305"
"";"28.10.2025 07:35:00";"NO SIGNAL";"3,4674";"3,4679";"3,4649";"3,4663";"3,46805";"3,47035384"
"";"28.10.2025 07:36:00";"NO SIGNAL";"3,4663";"3,4681";"3,4649";"3,4676";"3,46670008";"3,47010779"
"";"28.10.2025 07:37:00";"NO SIGNAL";"3,4675";"3,4675";"3,4603";"3,4626";"3,46597481";"3,46948457"
"";"28.10.2025 07:38:00";"NO SIGNAL";"3,4625";"3,4648";"3,4601";"3,4601";"3,46414995";"3,46889997"
"";"28.10.2025 07:39:00";"NO SIGNAL";"3,4602";"3,4625";"3,4594";"3,4602";"3,46262503";"3,46818447"
"";"28.10.2025 07:40:00";"NO SIGNAL";"3,4601";"3,4630";"3,4598";"3,4598";"3,460675";"3,46726918"
"";"28.10.2025 07:41:00";"NO SIGNAL";"3,4598";"3,4616";"3,4586";"3,4586";"3,45967507";"3,46616149"
"";"28.10.2025 07:42:00";"NO SIGNAL";"3,4586";"3,4622";"3,4583";"3,4617";"3,46007514";"3,46546912"
"";"28.10.2025 07:43:00";"NO SIGNAL";"3,4616";"3,4631";"3,4611";"3,4629";"3,46074986";"3,46462321"
"";"28.10.2025 07:44:00";"NO SIGNAL";"3,4629";"3,4648";"3,4626";"3,4645";"3,46192479";"3,46386147"
"";"28.10.2025 07:45:00";"NO SIGNAL";"3,4642";"3,4642";"3,4604";"3,4624";"3,46287489";"3,46304655"
"";"28.10.2025 07:46:00";"NO SIGNAL";"3,4624";"3,4641";"3,4607";"3,4608";"3,46264982";"3,46268511"
"94";"28.10.2025 07:47:00";"BUY";"3,4609";"3,4626";"3,4609";"3,4615";"3,46229982";"3,46223116"
"";"28.10.2025 07:48:00";"NO SIGNAL";"3,4616";"3,4645";"3,4615";"3,4643";"3,46224976";"3,46207738"
"";"28.10.2025 07:49:00";"NO SIGNAL";"3,4643";"3,4659";"3,4633";"3,4633";"3,46247506";"3,46174645"
"";"28.10.2025 07:50:00";"NO SIGNAL";"3,4633";"3,4633";"3,4593";"3,4593";"3,46210003";"3,46149254"
"95";"28.10.2025 07:51:00";"SELL";"3,4592";"3,4612";"3,4569";"3,4574";"3,46107507";"3,46128488"
"";"28.10.2025 07:52:00";"NO SIGNAL";"3,4575";"3,4596";"3,4575";"3,4589";"3,4597249";"3,46118474"
"";"28.10.2025 07:53:00";"NO SIGNAL";"3,4589";"3,4589";"3,4531";"3,4544";"3,45749998";"3,46076918"
"";"28.10.2025 07:54:00";"NO SIGNAL";"3,4544";"3,4546";"3,4479";"3,4508";"3,45537496";"3,46016932"
"";"28.10.2025 07:55:00";"NO SIGNAL";"3,4508";"3,4514";"3,4501";"3,4507";"3,45370007";"3,45932293"
"";"28.10.2025 07:56:00";"NO SIGNAL";"3,4507";"3,4531";"3,4505";"3,4512";"3,45177507";"3,45842314"
"";"28.10.2025 07:57:00";"NO SIGNAL";"3,4511";"3,4547";"3,4493";"3,4547";"3,45184994";"3,45766902"
"";"28.10.2025 07:58:00";"NO SIGNAL";"3,4547";"3,4550";"3,4533";"3,4543";"3,45272493";"3,45704579"
"";"28.10.2025 07:59:00";"NO SIGNAL";"3,4543";"3,4572";"3,4543";"3,4558";"3,454";"3,45666146"
"";"28.10.2025 08:00:00";"NO SIGNAL";"3,4559";"3,4610";"3,4557";"3,4557";"3,45512486";"3,45621562"
"";"28.10.2025 08:01:00";"NO SIGNAL";"3,4556";"3,4581";"3,4556";"3,4566";"3,45560002";"3,45562339"
"96";"28.10.2025 08:02:00";"BUY";"3,4566";"3,4568";"3,4508";"3,4510";"3,45477509";"3,45467734"
"";"28.10.2025 08:03:00";"NO SIGNAL";"3,4511";"3,4547";"3,4511";"3,4547";"3,45449996";"3,45432329"
"";"28.10.2025 08:04:00";"NO SIGNAL";"3,4547";"3,4596";"3,4539";"3,4585";"3,45519996";"3,45440793"
"";"28.10.2025 08:05:00";"NO SIGNAL";"3,4585";"3,4606";"3,4577";"3,4606";"3,45620012";"3,45453835"
"";"28.10.2025 08:06:00";"NO SIGNAL";"3,4607";"3,4660";"3,4607";"3,4632";"3,45924997";"3,45521569"
"";"28.10.2025 08:07:00";"NO SIGNAL";"3,4633";"3,4638";"3,4587";"3,4588";"3,46027493";"3,45583057"
"";"28.10.2025 08:08:00";"NO SIGNAL";"3,4586";"3,4605";"3,4574";"3,4603";"3,46072483";"3,45656919"
"";"28.10.2025 08:09:00";"NO SIGNAL";"3,4604";"3,4636";"3,4604";"3,4636";"3,4614749";"3,45752311"
"";"28.10.2025 08:10:00";"NO SIGNAL";"3,4636";"3,4651";"3,4575";"3,4587";"3,46035004";"3,45783067"
"";"28.10.2025 08:11:00";"NO SIGNAL";"3,4586";"3,4593";"3,4579";"3,4590";"3,4604001";"3,45819211"
"";"28.10.2025 08:12:00";"NO SIGNAL";"3,4591";"3,4591";"3,4555";"3,4555";"3,45920014";"3,45816922"
"97";"28.10.2025 08:13:00";"SELL";"3,4554";"3,4554";"3,4510";"3,4531";"3,45657492";"3,45796943"
"";"28.10.2025 08:14:00";"NO SIGNAL";"3,4528";"3,4557";"3,4523";"3,4557";"3,45582485";"3,45790029"
"";"28.10.2025 08:15:00";"NO SIGNAL";"3,4558";"3,4570";"3,4549";"3,4563";"3,45514989";"3,45830774"
"";"28.10.2025 08:16:00";"NO SIGNAL";"3,4565";"3,4590";"3,4560";"3,4586";"3,45592499";"3,45860791"
"";"28.10.2025 08:17:00";"NO SIGNAL";"3,4584";"3,4585";"3,4553";"3,4562";"3,45669985";"3,45843101"
"";"28.10.2025 08:18:00";"NO SIGNAL";"3,4562";"3,4602";"3,4560";"3,4598";"3,45772481";"3,45836926"
"98";"28.10.2025 08:19:00";"BUY";"3,4600";"3,4661";"3,4582";"3,4661";"3,46017504";"3,45859241"
"";"28.10.2025 08:20:00";"NO SIGNAL";"3,4661";"3,4698";"3,4661";"3,4674";"3,46237493";"3,45925379"
"";"28.10.2025 08:21:00";"NO SIGNAL";"3,4675";"3,4696";"3,4662";"3,4696";"3,46572495";"3,45996928"
"";"28.10.2025 08:22:00";"NO SIGNAL";"3,4696";"3,4699";"3,4670";"3,4672";"3,46757483";"3,46024632"
"";"28.10.2025 08:23:00";"NO SIGNAL";"3,4673";"3,4730";"3,4672";"3,4722";"3,4691";"3,46128511"
"";"28.10.2025 08:24:00";"NO SIGNAL";"3,4722";"3,4753";"3,4709";"3,4709";"3,46997499";"3,46219993"
"";"28.10.2025 08:25:00";"NO SIGNAL";"3,4709";"3,4789";"3,4698";"3,4751";"3,47134995";"3,46370769"
"";"28.10.2025 08:26:00";"NO SIGNAL";"3,4750";"3,4794";"3,4739";"3,4779";"3,47402525";"3,46561551"
"";"28.10.2025 08:27:00";"NO SIGNAL";"3,4780";"3,4804";"3,4762";"3,4797";"3,47590017";"3,46746159"
"";"28.10.2025 08:28:00";"NO SIGNAL";"3,4796";"3,4805";"3,4764";"3,4797";"3,47809982";"3,46926165"
"";"28.10.2025 08:29:00";"NO SIGNAL";"3,4797";"3,4859";"3,4797";"3,4835";"3,48019981";"3,47117686"
"";"28.10.2025 08:30:00";"NO SIGNAL";"3,4836";"3,4839";"3,4809";"3,4835";"3,48160005";"3,47327709"
"";"28.10.2025 08:31:00";"NO SIGNAL";"3,4834";"3,4880";"3,4833";"3,4879";"3,48365021";"3,47543836"
"";"28.10.2025 08:32:00";"NO SIGNAL";"3,4880";"3,4922";"3,4879";"3,4901";"3,48624992";"3,47728467"
"";"28.10.2025 08:33:00";"NO SIGNAL";"3,4902";"3,4944";"3,4886";"3,4923";"3,48845005";"3,47920012"
"";"28.10.2025 08:34:00";"NO SIGNAL";"3,4922";"3,4956";"3,4918";"3,4943";"3,4911499";"3,48110008"
"";"28.10.2025 08:35:00";"NO SIGNAL";"3,4942";"3,4952";"3,4918";"3,4943";"3,49274993";"3,48318505"
"";"28.10.2025 08:36:00";"NO SIGNAL";"3,4942";"3,4993";"3,4942";"3,4972";"3,49452496";"3,48510814"
"";"28.10.2025 08:37:00";"NO SIGNAL";"3,4972";"3,4991";"3,4946";"3,4963";"3,49552488";"3,48706174"
"";"28.10.2025 08:38:00";"NO SIGNAL";"3,4963";"3,4974";"3,4931";"3,4936";"3,49534988";"3,48848462"
"";"28.10.2025 08:39:00";"NO SIGNAL";"3,4936";"3,4971";"3,4933";"3,4935";"3,49514985";"3,48968458"
"";"28.10.2025 08:40:00";"NO SIGNAL";"3,4935";"3,4968";"3,4934";"3,4941";"3,49437499";"3,49079251"
"";"28.10.2025 08:41:00";"NO SIGNAL";"3,4941";"3,4973";"3,4918";"3,4938";"3,49374986";"3,49187708"
"";"28.10.2025 08:42:00";"NO SIGNAL";"3,4938";"3,4971";"3,4937";"3,4950";"3,49410009";"3,49276209"
"";"28.10.2025 08:43:00";"NO SIGNAL";"3,4950";"3,4950";"3,4926";"3,4926";"3,49387503";"3,49346209"
"99";"28.10.2025 08:44:00";"SELL";"3,4926";"3,4957";"3,4923";"3,4941";"3,49387503";"3,49393868"
"";"28.10.2025 08:45:00";"NO SIGNAL";"3,4941";"3,4973";"3,4935";"3,4958";"3,49437499";"3,49437737"
"100";"28.10.2025 08:46:00";"BUY";"3,4957";"3,4975";"3,4950";"3,4966";"3,49477482";"3,49470758"
"";"28.10.2025 08:47:00";"NO SIGNAL";"3,4966";"3,4991";"3,4961";"3,4987";"3,49630022";"3,49504638"
"";"28.10.2025 08:48:00";"NO SIGNAL";"3,4988";"3,5004";"3,4981";"3,5002";"3,49782491";"3,49549985"
"";"28.10.2025 08:49:00";"NO SIGNAL";"3,5002";"3,5011";"3,4962";"3,4962";"3,49792504";"3,49542308"
"";"28.10.2025 08:50:00";"NO SIGNAL";"3,4962";"3,4968";"3,4949";"3,4959";"3,49775004";"3,49539232"
"";"28.10.2025 08:51:00";"NO SIGNAL";"3,4960";"3,4961";"3,4919";"3,4931";"3,49635005";"3,49535394"
"101";"28.10.2025 08:52:00";"SELL";"3,4932";"3,4940";"3,4906";"3,4910";"3,49405003";"3,49516153"
"";"28.10.2025 08:53:00";"NO SIGNAL";"3,4911";"3,4914";"3,4896";"3,4910";"3,49274993";"3,49492311"
"";"28.10.2025 08:54:00";"NO SIGNAL";"3,4910";"3,4910";"3,4850";"3,4885";"3,49090004";"3,49451518"
"";"28.10.2025 08:55:00";"NO SIGNAL";"3,4884";"3,4884";"3,4836";"3,4854";"3,48897505";"3,4937768"
"";"28.10.2025 08:56:00";"NO SIGNAL";"3,4854";"3,4866";"3,4849";"3,4849";"3,48744988";"3,4931848"
"";"28.10.2025 08:57:00";"NO SIGNAL";"3,4849";"3,4874";"3,4833";"3,4871";"3,48647499";"3,49264598"
"";"28.10.2025 08:58:00";"NO SIGNAL";"3,4871";"3,4874";"3,4849";"3,4858";"3,48580003";"3,4918766"
"";"28.10.2025 08:59:00";"NO SIGNAL";"3,4858";"3,4881";"3,4844";"3,4845";"3,48557472";"3,49094582"
"";"28.10.2025 09:00:00";"NO SIGNAL";"3,4845";"3,4851";"3,4815";"3,4824";"3,48494983";"3,48969221"
"";"28.10.2025 09:01:00";"NO SIGNAL";"3,4823";"3,4843";"3,4802";"3,4842";"3,4842248";"3,48846149"
"";"28.10.2025 09:02:00";"NO SIGNAL";"3,4843";"3,4887";"3,4838";"3,4881";"3,4848001";"3,48783851"
"";"28.10.2025 09:03:00";"NO SIGNAL";"3,4882";"3,4905";"3,4868";"3,4879";"3,48564982";"3,48722315"
"";"28.10.2025 09:04:00";"NO SIGNAL";"3,4879";"3,4880";"3,4851";"3,4863";"3,48662519";"3,4867003"
"102";"28.10.2025 09:05:00";"BUY";"3,4862";"3,4894";"3,4862";"3,4882";"3,48762488";"3,486485"
"";"28.10.2025 09:06:00";"NO SIGNAL";"3,4883";"3,4899";"3,4872";"3,4884";"3,48769999";"3,48628473"
"";"28.10.2025 09:07:00";"NO SIGNAL";"3,4884";"3,4932";"3,4884";"3,4900";"3,48822498";"3,48640037"
"";"28.10.2025 09:08:00";"NO SIGNAL";"3,4900";"3,4905";"3,4861";"3,4872";"3,48845005";"3,48653865"
"";"28.10.2025 09:09:00";"NO SIGNAL";"3,4871";"3,4876";"3,4827";"3,4827";"3,48707485";"3,48636937"
"103";"28.10.2025 09:10:00";"SELL";"3,4827";"3,4857";"3,4820";"3,4846";"3,48612499";"3,48617721"
"";"28.10.2025 09:11:00";"NO SIGNAL";"3,4845";"3,4845";"3,4792";"3,4823";"3,4842";"3,48590779"
"";"28.10.2025 09:12:00";"NO SIGNAL";"3,4824";"3,4824";"3,4779";"3,4790";"3,48215008";"3,48548436"
"";"28.10.2025 09:13:00";"NO SIGNAL";"3,4791";"3,4830";"3,4749";"3,4752";"3,48027492";"3,48493099"
"";"28.10.2025 09:14:00";"NO SIGNAL";"3,4753";"3,4755";"3,4730";"3,4731";"3,47739983";"3,48407698"
"";"28.10.2025 09:15:00";"NO SIGNAL";"3,4731";"3,4754";"3,4702";"3,4702";"3,47437501";"3,48270059"
"";"28.10.2025 09:16:00";"NO SIGNAL";"3,4702";"3,4719";"3,4680";"3,4681";"3,47164989";"3,48117733"
"";"28.10.2025 09:17:00";"NO SIGNAL";"3,4681";"3,4704";"3,4677";"3,4704";"3,47045016";"3,47995424"
"";"28.10.2025 09:18:00";"NO SIGNAL";"3,4704";"3,4727";"3,4704";"3,4725";"3,4703002";"3,47874665"
"";"28.10.2025 09:19:00";"NO SIGNAL";"3,4725";"3,4736";"3,4706";"3,4723";"3,4708252";"3,47750831"
"";"28.10.2025 09:20:00";"NO SIGNAL";"3,4723";"3,4736";"3,4711";"3,4733";"3,47212505";"3,47622347"
"";"28.10.2025 09:21:00";"NO SIGNAL";"3,4733";"3,4749";"3,4708";"3,4716";"3,47242498";"3,47502327"
"";"28.10.2025 09:22:00";"NO SIGNAL";"3,4716";"3,4716";"3,4671";"3,4682";"3,47135019";"3,47390795"
"";"28.10.2025 09:23:00";"NO SIGNAL";"3,4682";"3,4700";"3,4670";"3,4687";"3,47045016";"3,47268486"
"";"28.10.2025 09:24:00";"NO SIGNAL";"3,4688";"3,4701";"3,4674";"3,4674";"3,46897507";"3,47153878"
"";"28.10.2025 09:25:00";"NO SIGNAL";"3,4674";"3,4681";"3,4659";"3,4678";"3,46802497";"3,47067714"
"";"28.10.2025 09:26:00";"NO SIGNAL";"3,4676";"3,4676";"3,4623";"3,4629";"3,46670008";"3,46973085"
"";"28.10.2025 09:27:00";"NO SIGNAL";"3,4629";"3,4630";"3,4592";"3,4611";"3,46479988";"3,46880817"
"";"28.10.2025 09:28:00";"NO SIGNAL";"3,4611";"3,4614";"3,4591";"3,4603";"3,46302509";"3,46804667"
"";"28.10.2025 09:29:00";"NO SIGNAL";"3,4604";"3,4618";"3,4595";"3,4603";"3,46115017";"3,46744657"
"";"28.10.2025 09:30:00";"NO SIGNAL";"3,4604";"3,4625";"3,4591";"3,4611";"3,46070004";"3,46673131"
"";"28.10.2025 09:31:00";"NO SIGNAL";"3,4610";"3,4617";"3,4585";"3,4614";"3,4607749";"3,46587706"
"";"28.10.2025 09:32:00";"NO SIGNAL";"3,4615";"3,4645";"3,4610";"3,4635";"3,46157503";"3,46520019"
"";"28.10.2025 09:33:00";"NO SIGNAL";"3,4635";"3,4649";"3,4624";"3,4649";"3,46272516";"3,46455431"
"";"28.10.2025 09:34:00";"NO SIGNAL";"3,4648";"3,4654";"3,4625";"3,4629";"3,46317506";"3,46388483"
"104";"28.10.2025 09:35:00";"BUY";"3,4626";"3,4680";"3,4617";"3,4670";"3,46457505";"3,46379256"
"";"28.10.2025 09:36:00";"NO SIGNAL";"3,4671";"3,4680";"3,4671";"3,4673";"3,46552491";"3,46368456"
"";"28.10.2025 09:37:00";"NO SIGNAL";"3,4672";"3,4706";"3,4672";"3,4691";"3,46657515";"3,46381545"
"";"28.10.2025 09:38:00";"NO SIGNAL";"3,4692";"3,4712";"3,4688";"3,4688";"3,46805";"3,46389222"
"";"28.10.2025 09:39:00";"NO SIGNAL";"3,4688";"3,4705";"3,4676";"3,4699";"3,4687748";"3,46443105"
"";"28.10.2025 09:40:00";"NO SIGNAL";"3,4699";"3,4706";"3,4688";"3,4692";"3,46924996";"3,46505404"
"";"28.10.2025 09:41:00";"NO SIGNAL";"3,4692";"3,4693";"3,4669";"3,4671";"3,46875";"3,46557713"
"";"28.10.2025 09:42:00";"NO SIGNAL";"3,4671";"3,4705";"3,4659";"3,4695";"3,468925";"3,46628475"
"";"28.10.2025 09:43:00";"NO SIGNAL";"3,4694";"3,4726";"3,4694";"3,4711";"3,46922517";"3,46705365"
"";"28.10.2025 09:44:00";"NO SIGNAL";"3,4712";"3,4715";"3,4686";"3,4686";"3,4690752";"3,46760774"
"";"28.10.2025 09:45:00";"NO SIGNAL";"3,4687";"3,4698";"3,4679";"3,4679";"3,469275";"3,46794605"
"";"28.10.2025 09:46:00";"NO SIGNAL";"3,4679";"3,4723";"3,4667";"3,4723";"3,46997499";"3,4685154"
"";"28.10.2025 09:47:00";"NO SIGNAL";"3,4723";"3,4726";"3,4691";"3,4699";"3,46967506";"3,46905422"
"";"28.10.2025 09:48:00";"NO SIGNAL";"3,4699";"3,4714";"3,4697";"3,4705";"3,47015023";"3,46932316"
"";"28.10.2025 09:49:00";"NO SIGNAL";"3,4705";"3,4706";"3,4680";"3,4696";"3,47057486";"3,46949983"
"";"28.10.2025 09:50:00";"NO SIGNAL";"3,4697";"3,4704";"3,4681";"3,4688";"3,4697001";"3,4694767"
"";"28.10.2025 09:51:00";"NO SIGNAL";"3,4689";"3,4720";"3,4688";"3,4720";"3,47022486";"3,46972299"
"";"28.10.2025 09:52:00";"NO SIGNAL";"3,4720";"3,4761";"3,4713";"3,4754";"3,47145009";"3,47014642"
"";"28.10.2025 09:53:00";"NO SIGNAL";"3,4753";"3,4803";"3,4753";"3,4796";"3,47394991";"3,47094631"
"";"28.10.2025 09:54:00";"NO SIGNAL";"3,4797";"3,4797";"3,4770";"3,4785";"3,4763751";"3,47182322"
"";"28.10.2025 09:55:00";"NO SIGNAL";"3,4784";"3,4811";"3,4755";"3,4755";"3,47724986";"3,47228456"
"";"28.10.2025 09:56:00";"NO SIGNAL";"3,4754";"3,4761";"3,4720";"3,4725";"3,47652507";"3,47239256"
"";"28.10.2025 09:57:00";"NO SIGNAL";"3,4724";"3,4726";"3,4710";"3,4711";"3,47440004";"3,47258472"
"105";"28.10.2025 09:58:00";"SELL";"3,4711";"3,4711";"3,4701";"3,4702";"3,47232509";"3,47276163"
"";"28.10.2025 09:59:00";"NO SIGNAL";"3,4702";"3,4713";"3,4692";"3,4694";"3,47079992";"3,47253847"
"";"28.10.2025 10:00:00";"NO SIGNAL";"3,4694";"3,4708";"3,4654";"3,4662";"3,46922493";"3,47225404"
"";"28.10.2025 10:01:00";"NO SIGNAL";"3,4662";"3,4670";"3,4640";"3,4645";"3,46757507";"3,47179246"
"";"28.10.2025 10:02:00";"NO SIGNAL";"3,4645";"3,4654";"3,4604";"3,4604";"3,46512508";"3,47108483"
"";"28.10.2025 10:03:00";"NO SIGNAL";"3,4604";"3,4628";"3,4577";"3,4584";"3,46237516";"3,47028446"
"";"28.10.2025 10:04:00";"NO SIGNAL";"3,4583";"3,4584";"3,4559";"3,4562";"3,45987511";"3,469069"
"";"28.10.2025 10:05:00";"NO SIGNAL";"3,4562";"3,4568";"3,4545";"3,4562";"3,45779991";"3,46759224"
"";"28.10.2025 10:06:00";"NO SIGNAL";"3,4563";"3,4595";"3,4550";"3,4564";"3,45679975";"3,46580815"
"";"28.10.2025 10:07:00";"NO SIGNAL";"3,4563";"3,4574";"3,4529";"3,4531";"3,45547485";"3,46385384"
"";"28.10.2025 10:08:00";"NO SIGNAL";"3,4531";"3,4533";"3,4497";"3,4530";"3,45467496";"3,46212316"
"";"28.10.2025 10:09:00";"NO SIGNAL";"3,4530";"3,4540";"3,4504";"3,4538";"3,4540751";"3,46068478"
"";"28.10.2025 10:10:00";"NO SIGNAL";"3,4537";"3,4538";"3,4514";"3,4514";"3,45282507";"3,45916939"
"";"28.10.2025 10:11:00";"NO SIGNAL";"3,4513";"3,4515";"3,4492";"3,4511";"3,45232511";"3,45770001"
"";"28.10.2025 10:12:00";"NO SIGNAL";"3,4511";"3,4523";"3,4508";"3,4508";"3,45177507";"3,4562695"
"";"28.10.2025 10:13:00";"NO SIGNAL";"3,4509";"3,4527";"3,4509";"3,4526";"3,45147491";"3,45522332"
"";"28.10.2025 10:14:00";"NO SIGNAL";"3,4526";"3,4546";"3,4525";"3,4540";"3,45212507";"3,45441556"
"";"28.10.2025 10:15:00";"NO SIGNAL";"3,4540";"3,4570";"3,4538";"3,4561";"3,45337486";"3,45408463"
"";"28.10.2025 10:16:00";"NO SIGNAL";"3,4560";"3,4560";"3,4485";"3,4498";"3,453125";"3,45342326"
"";"28.10.2025 10:17:00";"NO SIGNAL";"3,4497";"3,4504";"3,4469";"3,4474";"3,45182514";"3,45274591"
"";"28.10.2025 10:18:00";"NO SIGNAL";"3,4476";"3,4507";"3,4444";"3,4507";"3,45100021";"3,45232296"
"";"28.10.2025 10:19:00";"NO SIGNAL";"3,4507";"3,4554";"3,4507";"3,4554";"3,45082521";"3,45224619"
"106";"28.10.2025 10:20:00";"BUY";"3,4555";"3,4582";"3,4555";"3,4581";"3,45289993";"3,452631"
"";"28.10.2025 10:21:00";"NO SIGNAL";"3,4581";"3,4595";"3,4575";"3,4594";"3,45589995";"3,45312333"
"";"28.10.2025 10:22:00";"NO SIGNAL";"3,4593";"3,4609";"3,4580";"3,4580";"3,45772505";"3,45344639"
"";"28.10.2025 10:23:00";"NO SIGNAL";"3,4580";"3,4594";"3,4564";"3,4589";"3,45860004";"3,45402336"
"";"28.10.2025 10:24:00";"NO SIGNAL";"3,4589";"3,4620";"3,4589";"3,4620";"3,45957494";"3,45486164"
"";"28.10.2025 10:25:00";"NO SIGNAL";"3,4612";"3,4636";"3,4604";"3,4604";"3,45982504";"3,45560002"
"";"28.10.2025 10:26:00";"NO SIGNAL";"3,4603";"3,4610";"3,4589";"3,4610";"3,4605751";"3,45624614"
"";"28.10.2025 10:27:00";"NO SIGNAL";"3,4609";"3,4621";"3,4598";"3,4598";"3,46080017";"3,45669246"
"";"28.10.2025 10:28:00";"NO SIGNAL";"3,4597";"3,4619";"3,4597";"3,4619";"3,4607749";"3,4571383"
"";"28.10.2025 10:29:00";"NO SIGNAL";"3,4620";"3,4630";"3,4614";"3,4625";"3,4612999";"3,45811534"
"";"28.10.2025 10:30:00";"NO SIGNAL";"3,4625";"3,4625";"3,4567";"3,4570";"3,46029997";"3,45885372"
"107";"28.10.2025 10:31:00";"SELL";"3,4569";"3,4569";"3,4531";"3,4546";"3,45899987";"3,45915389"
"";"28.10.2025 10:32:00";"NO SIGNAL";"3,4545";"3,4549";"3,4521";"3,4527";"3,45669985";"3,45894647"
"";"28.10.2025 10:33:00";"NO SIGNAL";"3,4527";"3,4551";"3,4509";"3,4528";"3,45427489";"3,45853877"
"";"28.10.2025 10:34:00";"NO SIGNAL";"3,4528";"3,4528";"3,4482";"3,4501";"3,45254993";"3,45782375"
"";"28.10.2025 10:35:00";"NO SIGNAL";"3,4502";"3,4545";"3,4502";"3,4538";"3,4523499";"3,45750022"
"";"28.10.2025 10:36:00";"NO SIGNAL";"3,4538";"3,4545";"3,4537";"3,4539";"3,45264983";"3,45711541"
"";"28.10.2025 10:37:00";"NO SIGNAL";"3,4538";"3,4551";"3,4496";"3,4496";"3,45184994";"3,45616174"
"";"28.10.2025 10:38:00";"NO SIGNAL";"3,4495";"3,4507";"3,4470";"3,4477";"3,45125008";"3,4551847"
"";"28.10.2025 10:39:00";"NO SIGNAL";"3,4476";"3,4508";"3,4458";"3,4500";"3,45030022";"3,45433879"
"";"28.10.2025 10:40:00";"NO SIGNAL";"3,4499";"3,4499";"3,4439";"3,4446";"3,44797516";"3,45316935"
"";"28.10.2025 10:41:00";"NO SIGNAL";"3,4446";"3,4470";"3,4442";"3,4464";"3,44717503";"3,45197749"
"";"28.10.2025 10:42:00";"NO SIGNAL";"3,4466";"3,4472";"3,4446";"3,4449";"3,44647503";"3,45062351"
"";"28.10.2025 10:43:00";"NO SIGNAL";"3,4450";"3,4476";"3,4450";"3,4461";"3,4454999";"3,44978499"
"";"28.10.2025 10:44:00";"NO SIGNAL";"3,4460";"3,4460";"3,4428";"3,4431";"3,4451251";"3,44890046"
"";"28.10.2025 10:45:00";"NO SIGNAL";"3,4432";"3,4479";"3,4432";"3,4475";"3,44540024";"3,44850016"
"";"28.10.2025 10:46:00";"NO SIGNAL";"3,4475";"3,4475";"3,4425";"3,4440";"3,44517517";"3,44782329"
"";"28.10.2025 10:47:00";"NO SIGNAL";"3,4441";"3,4449";"3,4428";"3,4428";"3,44435";"3,44726157"
"";"28.10.2025 10:48:00";"NO SIGNAL";"3,4429";"3,4479";"3,4428";"3,4470";"3,44532514";"3,44673872"
"";"28.10.2025 10:49:00";"NO SIGNAL";"3,4469";"3,4470";"3,4457";"3,4461";"3,4449749";"3,44613862"
"";"28.10.2025 10:50:00";"NO SIGNAL";"3,4460";"3,4489";"3,4455";"3,4476";"3,44587517";"3,44598484"
"108";"28.10.2025 10:51:00";"BUY";"3,4476";"3,4477";"3,4447";"3,4452";"3,44647503";"3,44579244"
"";"28.10.2025 10:52:00";"NO SIGNAL";"3,4452";"3,4468";"3,4452";"3,4462";"3,446275";"3,44550014"
"";"28.10.2025 10:53:00";"NO SIGNAL";"3,4462";"3,4470";"3,4452";"3,4458";"3,44619989";"3,44559216"
"";"28.10.2025 10:54:00";"NO SIGNAL";"3,4462";"3,4586";"3,4462";"3,4561";"3,44832516";"3,44633842"
"";"28.10.2025 10:55:00";"NO SIGNAL";"3,4560";"3,4595";"3,4560";"3,4595";"3,45190001";"3,44746137"
"";"28.10.2025 10:56:00";"NO SIGNAL";"3,4594";"3,4630";"3,4580";"3,4624";"3,45595002";"3,44871545"
"";"28.10.2025 10:57:00";"NO SIGNAL";"3,4624";"3,4740";"3,4624";"3,4711";"3,46227503";"3,45086908"
"";"28.10.2025 10:58:00";"NO SIGNAL";"3,4711";"3,4711";"3,4672";"3,4688";"3,46545005";"3,4525075"
"";"28.10.2025 10:59:00";"NO SIGNAL";"3,4688";"3,4710";"3,4688";"3,4709";"3,46829987";"3,45457673"
"";"28.10.2025 11:00:00";"NO SIGNAL";"3,4709";"3,4713";"3,4686";"3,4700";"3,47020006";"3,45666933"
"";"28.10.2025 11:01:00";"NO SIGNAL";"3,4700";"3,4708";"3,4640";"3,4697";"3,46985006";"3,45841575"
"";"28.10.2025 11:02:00";"NO SIGNAL";"3,4697";"3,4697";"3,4663";"3,4695";"3,47002506";"3,46021581"
"";"28.10.2025 11:03:00";"NO SIGNAL";"3,4696";"3,4730";"3,4689";"3,4730";"3,47055006";"3,46216941"
"";"28.10.2025 11:04:00";"NO SIGNAL";"3,4723";"3,4741";"3,4706";"3,4706";"3,47069979";"3,46412325"
"";"28.10.2025 11:05:00";"NO SIGNAL";"3,4706";"3,4727";"3,4698";"3,4719";"3,47125006";"3,46609998"
"";"28.10.2025 11:06:00";"NO SIGNAL";"3,4719";"3,4739";"3,4712";"3,4733";"3,47219992";"3,46821523"
"";"28.10.2025 11:07:00";"NO SIGNAL";"3,4732";"3,4732";"3,4694";"3,4711";"3,47172499";"3,46936893"
"";"28.10.2025 11:08:00";"NO SIGNAL";"3,4710";"3,4717";"3,4681";"3,4683";"3,47115016";"3,47004604"
"";"28.10.2025 11:09:00";"NO SIGNAL";"3,4683";"3,4701";"3,4682";"3,4698";"3,47062492";"3,47061563"
"109";"28.10.2025 11:10:00";"SELL";"3,4698";"3,4735";"3,4684";"3,4732";"3,47059989";"3,47077727"
"";"28.10.2025 11:11:00";"NO SIGNAL";"3,4732";"3,4732";"3,4707";"3,4721";"3,47084999";"3,47103143"
"110";"28.10.2025 11:12:00";"BUY";"3,4721";"3,4726";"3,4670";"3,4686";"3,47092509";"3,47085428"
"111";"28.10.2025 11:13:00";"SELL";"3,4686";"3,4717";"3,4644";"3,4644";"3,46957493";"3,47042322"
"";"28.10.2025 11:14:00";"NO SIGNAL";"3,4644";"3,4652";"3,4621";"3,4642";"3,46732521";"3,47000051"
"";"28.10.2025 11:15:00";"NO SIGNAL";"3,4637";"3,4687";"3,4637";"3,4678";"3,46625018";"3,46986961"
"";"28.10.2025 11:16:00";"NO SIGNAL";"3,4676";"3,4676";"3,4648";"3,4661";"3,46562505";"3,46933866"
"";"28.10.2025 11:17:00";"NO SIGNAL";"3,4661";"3,4732";"3,4641";"3,4722";"3,46757507";"3,46946168"
"112";"28.10.2025 11:18:00";"BUY";"3,4722";"3,4750";"3,4716";"3,4722";"3,46957493";"3,46948457"
"";"28.10.2025 11:19:00";"NO SIGNAL";"3,4722";"3,4796";"3,4711";"3,4716";"3,47052503";"3,46935368"
"";"28.10.2025 11:20:00";"NO SIGNAL";"3,4715";"3,4721";"3,4681";"3,4681";"3,47102499";"3,46912313"
"";"28.10.2025 11:21:00";"NO SIGNAL";"3,4681";"3,4712";"3,4669";"3,4694";"3,47032499";"3,469208"
"";"28.10.2025 11:22:00";"NO SIGNAL";"3,4694";"3,4694";"3,4648";"3,4669";"3,46899986";"3,46898508"
"113";"28.10.2025 11:23:00";"SELL";"3,4668";"3,4696";"3,4668";"3,4690";"3,46834993";"3,46866179"
"";"28.10.2025 11:24:00";"NO SIGNAL";"3,4690";"3,4690";"3,4641";"3,4641";"3,46735001";"3,46804643"
"";"28.10.2025 11:25:00";"NO SIGNAL";"3,4641";"3,4645";"3,4614";"3,4624";"3,46560001";"3,46756935"
"";"28.10.2025 11:26:00";"NO SIGNAL";"3,4624";"3,4650";"3,4613";"3,4634";"3,46472502";"3,4674921"
"";"28.10.2025 11:27:00";"NO SIGNAL";"3,4635";"3,4648";"3,4623";"3,4623";"3,46304989";"3,46734595"
"";"28.10.2025 11:28:00";"NO SIGNAL";"3,4623";"3,4636";"3,4609";"3,4632";"3,46282482";"3,46699214"
"";"28.10.2025 11:29:00";"NO SIGNAL";"3,4631";"3,4633";"3,4620";"3,4633";"3,46305013";"3,46677685"
"";"28.10.2025 11:30:00";"NO SIGNAL";"3,4634";"3,4653";"3,4634";"3,4640";"3,46320009";"3,46614623"
"";"28.10.2025 11:31:00";"NO SIGNAL";"3,4640";"3,4641";"3,4583";"3,4587";"3,46229982";"3,46510768"
"";"28.10.2025 11:32:00";"NO SIGNAL";"3,4586";"3,4599";"3,4569";"3,4599";"3,4614749";"3,46420765"
"";"28.10.2025 11:33:00";"NO SIGNAL";"3,4599";"3,4611";"3,4582";"3,4604";"3,46074986";"3,46361518"
"";"28.10.2025 11:34:00";"NO SIGNAL";"3,4602";"3,4602";"3,4592";"3,4601";"3,45977497";"3,46290016"
"";"28.10.2025 11:35:00";"NO SIGNAL";"3,4601";"3,4617";"3,4595";"3,4595";"3,459975";"3,46233082"
"";"28.10.2025 11:36:00";"NO SIGNAL";"3,4595";"3,4614";"3,4586";"3,4611";"3,46027517";"3,46172357"
"";"28.10.2025 11:37:00";"NO SIGNAL";"3,4610";"3,4644";"3,4604";"3,4636";"3,46107507";"3,46168494"
"114";"28.10.2025 11:38:00";"BUY";"3,4634";"3,4637";"3,4622";"3,4636";"3,46195006";"3,46177697"
"";"28.10.2025 11:39:00";"NO SIGNAL";"3,4637";"3,4644";"3,4625";"3,4625";"3,46269989";"3,46170759"
"";"28.10.2025 11:40:00";"NO SIGNAL";"3,4624";"3,4624";"3,4565";"3,4565";"3,46155";"3,46126151"
"115";"28.10.2025 11:41:00";"SELL";"3,4564";"3,4571";"3,4515";"3,4519";"3,45862508";"3,46039224"
"";"28.10.2025 11:42:00";"NO SIGNAL";"3,4519";"3,4563";"3,4519";"3,4548";"3,45642519";"3,45973873"
"";"28.10.2025 11:43:00";"NO SIGNAL";"3,4550";"3,4550";"3,4512";"3,4524";"3,4539001";"3,45884609"
"";"28.10.2025 11:44:00";"NO SIGNAL";"3,4525";"3,4532";"3,4518";"3,4518";"3,45272493";"3,45831513"
"";"28.10.2025 11:45:00";"NO SIGNAL";"3,4518";"3,4523";"3,4506";"3,4507";"3,452425";"3,45760775"
"";"28.10.2025 11:46:00";"NO SIGNAL";"3,4508";"3,4508";"3,4494";"3,4495";"3,45110011";"3,45676923"
"";"28.10.2025 11:47:00";"NO SIGNAL";"3,4494";"3,4494";"3,4436";"3,4478";"3,44994998";"3,45582294"
"";"28.10.2025 11:48:00";"NO SIGNAL";"3,4478";"3,4478";"3,4448";"3,4454";"3,44834995";"3,45473886"
"";"28.10.2025 11:49:00";"NO SIGNAL";"3,4454";"3,4457";"3,4450";"3,4452";"3,44697499";"3,45351577"
"";"28.10.2025 11:50:00";"NO SIGNAL";"3,4450";"3,4461";"3,4439";"3,4456";"3,44599986";"3,45213103"
"";"28.10.2025 11:51:00";"NO SIGNAL";"3,4457";"3,4480";"3,4457";"3,4457";"3,4454751";"3,45075417"
"";"28.10.2025 11:52:00";"NO SIGNAL";"3,4456";"3,4457";"3,4423";"3,4438";"3,44507504";"3,44931579"
"";"28.10.2025 11:53:00";"NO SIGNAL";"3,4438";"3,4438";"3,4404";"3,4410";"3,44402504";"3,44812322"
"";"28.10.2025 11:54:00";"NO SIGNAL";"3,4411";"3,4431";"3,4389";"3,4400";"3,44262505";"3,44720793"
"";"28.10.2025 11:55:00";"NO SIGNAL";"3,4399";"3,4407";"3,4394";"3,4397";"3,44112492";"3,44604611"
"";"28.10.2025 11:56:00";"NO SIGNAL";"3,4396";"3,4396";"3,4381";"3,4390";"3,43992496";"3,44501567"
"";"28.10.2025 11:57:00";"NO SIGNAL";"3,4391";"3,4457";"3,4391";"3,4455";"3,44105005";"3,44453096"
"";"28.10.2025 11:58:00";"NO SIGNAL";"3,4456";"3,4516";"3,4455";"3,4494";"3,44339991";"3,44443083"
"116";"28.10.2025 11:59:00";"BUY";"3,4494";"3,4497";"3,4479";"3,4491";"3,44575";"3,44440031"
"";"28.10.2025 12:00:00";"NO SIGNAL";"3,4491";"3,4522";"3,4467";"3,4498";"3,44845009";"3,44455409"
"";"28.10.2025 12:01:00";"NO SIGNAL";"3,4498";"3,4536";"3,4456";"3,4501";"3,44959998";"3,44491529"
"";"28.10.2025 12:02:00";"NO SIGNAL";"3,4506";"3,4510";"3,4446";"3,4446";"3,44840002";"3,44486928"
"";"28.10.2025 12:03:00";"NO SIGNAL";"3,4444";"3,4461";"3,4439";"3,4457";"3,44754982";"3,44487715"
"";"28.10.2025 12:04:00";"NO SIGNAL";"3,4457";"3,4480";"3,4453";"3,4470";"3,44685006";"3,44497705"
"";"28.10.2025 12:05:00";"NO SIGNAL";"3,4469";"3,4474";"3,4432";"3,4434";"3,44517493";"3,44494653"
"";"28.10.2025 12:06:00";"NO SIGNAL";"3,4435";"3,4462";"3,4424";"3,4462";"3,44557476";"3,44534612"
"117";"28.10.2025 12:07:00";"SELL";"3,4462";"3,4480";"3,4455";"3,4462";"3,44570017";"3,44582319"
"";"28.10.2025 12:08:00";"NO SIGNAL";"3,4463";"3,4463";"3,4429";"3,4434";"3,4447999";"3,44610786"
"";"28.10.2025 12:09:00";"NO SIGNAL";"3,4434";"3,4470";"3,4430";"3,4464";"3,44554996";"3,44667673"
"";"28.10.2025 12:10:00";"NO SIGNAL";"3,4464";"3,4515";"3,4463";"3,4500";"3,44649982";"3,44702268"
"118";"28.10.2025 12:11:00";"BUY";"3,4499";"3,4501";"3,4474";"3,4485";"3,44707489";"3,44695377"
"";"28.10.2025 12:12:00";"NO SIGNAL";"3,4485";"3,4494";"3,4469";"3,4476";"3,44812489";"3,44683814"
"";"28.10.2025 12:13:00";"NO SIGNAL";"3,4476";"3,4484";"3,4471";"3,4478";"3,44847488";"3,44668436"
"";"28.10.2025 12:14:00";"NO SIGNAL";"3,4477";"3,4500";"3,4476";"3,4500";"3,44847488";"3,44667673"
"";"28.10.2025 12:15:00";"NO SIGNAL";"3,4501";"3,4502";"3,4443";"3,4455";"3,44772482";"3,44674635"
"";"28.10.2025 12:16:00";"NO SIGNAL";"3,4451";"3,4466";"3,4450";"3,4466";"3,44747496";"3,44681573"
"";"28.10.2025 12:17:00";"NO SIGNAL";"3,4468";"3,4523";"3,4468";"3,4507";"3,44819999";"3,44710064"
"";"28.10.2025 12:18:00";"NO SIGNAL";"3,4514";"3,4525";"3,4497";"3,4497";"3,44812489";"3,44758511"
"";"28.10.2025 12:19:00";"NO SIGNAL";"3,4496";"3,4515";"3,4484";"3,4507";"3,44942498";"3,44793105"
"";"28.10.2025 12:20:00";"NO SIGNAL";"3,4506";"3,4520";"3,4495";"3,4513";"3,45059991";"3,44832325"
"";"28.10.2025 12:21:00";"NO SIGNAL";"3,4514";"3,4529";"3,4511";"3,4511";"3,45070004";"3,44891572"
"";"28.10.2025 12:22:00";"NO SIGNAL";"3,4510";"3,4510";"3,4485";"3,4506";"3,45092487";"3,44923878"
"";"28.10.2025 12:23:00";"NO SIGNAL";"3,4507";"3,4513";"3,4460";"3,4486";"3,45039988";"3,44913125"
"119";"28.10.2025 12:24:00";"SELL";"3,4486";"3,4486";"3,4446";"3,4452";"3,44887495";"3,44887733"
"";"28.10.2025 12:25:00";"NO SIGNAL";"3,4451";"3,4475";"3,4450";"3,4471";"3,44787478";"3,44883847"
"";"28.10.2025 12:26:00";"NO SIGNAL";"3,4472";"3,4474";"3,4427";"3,4444";"3,44632506";"3,44857693"
"";"28.10.2025 12:27:00";"NO SIGNAL";"3,4443";"3,4460";"3,4438";"3,4460";"3,4456749";"3,44826913"
"";"28.10.2025 12:28:00";"NO SIGNAL";"3,4462";"3,4483";"3,4453";"3,4483";"3,44645";"3,44848466"
"";"28.10.2025 12:29:00";"NO SIGNAL";"3,4483";"3,4495";"3,4479";"3,4490";"3,44692492";"3,4486692"
"120";"28.10.2025 12:30:00";"BUY";"3,4490";"3,4548";"3,4489";"3,4540";"3,44932485";"3,44892311"
"";"28.10.2025 12:31:00";"NO SIGNAL";"3,4537";"3,4550";"3,4522";"3,4522";"3,45087481";"3,44911551"
"";"28.10.2025 12:32:00";"NO SIGNAL";"3,4521";"3,4557";"3,4452";"3,4453";"3,45012474";"3,44870019"
"";"28.10.2025 12:33:00";"NO SIGNAL";"3,4454";"3,4469";"3,4447";"3,4447";"3,44904995";"3,44819236"
"121";"28.10.2025 12:34:00";"SELL";"3,4448";"3,4459";"3,4390";"3,4398";"3,4454999";"3,44732332"
"";"28.10.2025 12:35:00";"NO SIGNAL";"3,4398";"3,4423";"3,4381";"3,4414";"3,44280005";"3,44661546"
"";"28.10.2025 12:36:00";"NO SIGNAL";"3,4414";"3,4463";"3,4414";"3,4453";"3,44280005";"3,44636202"
"";"28.10.2025 12:37:00";"NO SIGNAL";"3,4453";"3,4472";"3,4453";"3,4472";"3,44342518";"3,4465158"
"";"28.10.2025 12:38:00";"NO SIGNAL";"3,4474";"3,4525";"3,4474";"3,4524";"3,44657516";"3,44692326"
"122";"28.10.2025 12:39:00";"BUY";"3,4524";"3,4564";"3,4513";"3,4564";"3,45032501";"3,44784641"
"";"28.10.2025 12:40:00";"NO SIGNAL";"3,4565";"3,4566";"3,4536";"3,4536";"3,45239997";"3,44843102"
"";"28.10.2025 12:41:00";"NO SIGNAL";"3,4536";"3,4551";"3,4526";"3,4550";"3,45434999";"3,44894648"
"";"28.10.2025 12:42:00";"NO SIGNAL";"3,4549";"3,4586";"3,4539";"3,4585";"3,45587492";"3,44967699"
"";"28.10.2025 12:43:00";"NO SIGNAL";"3,4586";"3,4600";"3,4586";"3,4593";"3,45659995";"3,45008445"
"";"28.10.2025 12:44:00";"NO SIGNAL";"3,4593";"3,4612";"3,4584";"3,4598";"3,45814991";"3,45066929"
"";"28.10.2025 12:45:00";"NO SIGNAL";"3,4598";"3,4656";"3,4595";"3,4656";"3,46079993";"3,45223069"
"";"28.10.2025 12:46:00";"NO SIGNAL";"3,4657";"3,4740";"3,4657";"3,4740";"3,46467495";"3,4544847"
"";"28.10.2025 12:47:00";"NO SIGNAL";"3,4742";"3,4768";"3,4684";"3,4684";"3,46694994";"3,45668459"
"";"28.10.2025 12:48:00";"NO SIGNAL";"3,4685";"3,4728";"3,4675";"3,4713";"3,46982503";"3,45898509"
"";"28.10.2025 12:49:00";"NO SIGNAL";"3,4713";"3,4769";"3,4711";"3,4757";"3,47234988";"3,4613235"
"";"28.10.2025 12:50:00";"NO SIGNAL";"3,4756";"3,4756";"3,4720";"3,4727";"3,47202492";"3,46328449"
"";"28.10.2025 12:51:00";"NO SIGNAL";"3,4728";"3,4742";"3,4712";"3,4712";"3,47272491";"3,4647305"
"";"28.10.2025 12:52:00";"NO SIGNAL";"3,4712";"3,4712";"3,4670";"3,4685";"3,47202492";"3,46566129"
"";"28.10.2025 12:53:00";"NO SIGNAL";"3,4686";"3,4720";"3,4686";"3,4710";"3,47084999";"3,46700001"
"";"28.10.2025 12:54:00";"NO SIGNAL";"3,4711";"3,4746";"3,4703";"3,4721";"3,47070003";"3,4683156"
"";"28.10.2025 12:55:00";"NO SIGNAL";"3,4721";"3,4748";"3,4721";"3,4745";"3,47152495";"3,46954632"
"";"28.10.2025 12:56:00";"NO SIGNAL";"3,4744";"3,4774";"3,4729";"3,4762";"3,47344995";"3,47084618"
"";"28.10.2025 12:57:00";"NO SIGNAL";"3,4761";"3,4787";"3,4761";"3,4787";"3,47537494";"3,47229981"
"";"28.10.2025 12:58:00";"NO SIGNAL";"3,4787";"3,4792";"3,4785";"3,4785";"3,47697496";"3,47329187"
"";"28.10.2025 12:59:00";"NO SIGNAL";"3,4785";"3,4786";"3,4734";"3,4756";"3,47724986";"3,47341514"
"";"28.10.2025 13:00:00";"NO SIGNAL";"3,4757";"3,4792";"3,4757";"3,4761";"3,47722507";"3,47400784"
"";"28.10.2025 13:01:00";"NO SIGNAL";"3,4762";"3,4792";"3,4762";"3,4773";"3,47687483";"3,47446918"
"";"28.10.2025 13:02:00";"NO SIGNAL";"3,4774";"3,4842";"3,4774";"3,4824";"3,47784996";"3,47498441"
"";"28.10.2025 13:03:00";"NO SIGNAL";"3,4824";"3,4884";"3,4821";"3,4861";"3,48047495";"3,47601533"
"";"28.10.2025 13:04:00";"NO SIGNAL";"3,4864";"3,4872";"3,4838";"3,4859";"3,48292494";"3,47714591"
"";"28.10.2025 13:05:00";"NO SIGNAL";"3,4860";"3,4896";"3,4832";"3,4855";"3,4849751";"3,47845387"
"";"28.10.2025 13:06:00";"NO SIGNAL";"3,4856";"3,4869";"3,4816";"3,4818";"3,48482513";"3,47928452"
"";"28.10.2025 13:07:00";"NO SIGNAL";"3,4818";"3,4818";"3,4757";"3,4810";"3,48355007";"3,47996879"
"";"28.10.2025 13:08:00";"NO SIGNAL";"3,4811";"3,4904";"3,4811";"3,4866";"3,48372507";"3,48090005"
"";"28.10.2025 13:09:00";"NO SIGNAL";"3,4866";"3,4930";"3,4851";"3,4898";"3,48479986";"3,48194599"
"";"28.10.2025 13:10:00";"NO SIGNAL";"3,4898";"3,4905";"3,4815";"3,4818";"3,4848001";"3,48218489"
"";"28.10.2025 13:11:00";"NO SIGNAL";"3,4811";"3,4825";"3,4794";"3,4813";"3,48487496";"3,48239994"
"";"28.10.2025 13:12:00";"NO SIGNAL";"3,4813";"3,4841";"3,4805";"3,4838";"3,48417521";"3,4830308"
"123";"28.10.2025 13:13:00";"SELL";"3,4842";"3,4869";"3,4819";"3,4848";"3,48292518";"3,48370004"
"";"28.10.2025 13:14:00";"NO SIGNAL";"3,4846";"3,4846";"3,4787";"3,4801";"3,48250008";"3,48391533"
"";"28.10.2025 13:15:00";"NO SIGNAL";"3,4802";"3,4886";"3,4792";"3,4799";"3,48215008";"3,48372316"
"";"28.10.2025 13:16:00";"NO SIGNAL";"3,4799";"3,4833";"3,4794";"3,4801";"3,48122501";"3,48326159"
"";"28.10.2025 13:17:00";"NO SIGNAL";"3,4801";"3,4845";"3,4801";"3,4811";"3,48029971";"3,48289204"
"";"28.10.2025 13:18:00";"NO SIGNAL";"3,4812";"3,4830";"3,4793";"3,4803";"3,48035002";"3,48249245"
"";"28.10.2025 13:19:00";"NO SIGNAL";"3,4803";"3,4817";"3,4797";"3,4811";"3,48064995";"3,48243833"
"";"28.10.2025 13:20:00";"NO SIGNAL";"3,4810";"3,4874";"3,4800";"3,4834";"3,48147511";"3,48262334"
"124";"28.10.2025 13:21:00";"BUY";"3,4834";"3,4915";"3,4834";"3,4882";"3,4832499";"3,4827466"
"";"28.10.2025 13:22:00";"NO SIGNAL";"3,4884";"3,4886";"3,4843";"3,4857";"3,48460007";"3,48243117"
"";"28.10.2025 13:23:00";"NO SIGNAL";"3,4857";"3,4885";"3,4845";"3,4875";"3,48620009";"3,48286915"
"";"28.10.2025 13:24:00";"NO SIGNAL";"3,4875";"3,4956";"3,4873";"3,4956";"3,48924994";"3,48396897"
"";"28.10.2025 13:25:00";"NO SIGNAL";"3,4956";"3,4957";"3,4869";"3,4948";"3,49090004";"3,48481536"
"";"28.10.2025 13:26:00";"NO SIGNAL";"3,4949";"3,4949";"3,4890";"3,4922";"3,4925251";"3,48538494"
"";"28.10.2025 13:27:00";"NO SIGNAL";"3,4926";"3,4934";"3,4902";"3,4907";"3,49332476";"3,48619962"
"";"28.10.2025 13:28:00";"NO SIGNAL";"3,4906";"3,4916";"3,4868";"3,4906";"3,49207497";"3,48702335"
"";"28.10.2025 13:29:00";"NO SIGNAL";"3,4908";"3,4938";"3,4874";"3,4885";"3,49049997";"3,48766923"
"";"28.10.2025 13:30:00";"NO SIGNAL";"3,4884";"3,4954";"3,4836";"3,4836";"3,48834991";"3,48786187"
"125";"28.10.2025 13:31:00";"SELL";"3,4840";"3,4911";"3,4822";"3,4852";"3,48697519";"3,48823857"
"";"28.10.2025 13:32:00";"NO SIGNAL";"3,4851";"3,4881";"3,4802";"3,4881";"3,48635006";"3,48877692"
"";"28.10.2025 13:33:00";"NO SIGNAL";"3,4881";"3,4905";"3,4835";"3,4836";"3,48512483";"3,48879266"
"";"28.10.2025 13:34:00";"NO SIGNAL";"3,4834";"3,4834";"3,4780";"3,4817";"3,4846499";"3,48829246"
"";"28.10.2025 13:35:00";"NO SIGNAL";"3,4815";"3,4817";"3,4774";"3,4777";"3,48277497";"3,4876771"
"";"28.10.2025 13:36:00";"NO SIGNAL";"3,4776";"3,4810";"3,4743";"3,4793";"3,48057485";"3,48704648"
"";"28.10.2025 13:37:00";"NO SIGNAL";"3,4792";"3,4822";"3,4764";"3,4773";"3,47900009";"3,48563862"
"";"28.10.2025 13:38:00";"NO SIGNAL";"3,4773";"3,4802";"3,4725";"3,4802";"3,47862506";"3,48451543"
"";"28.10.2025 13:39:00";"NO SIGNAL";"3,4803";"3,4842";"3,4786";"3,4797";"3,47912502";"3,48355412"
"";"28.10.2025 13:40:00";"NO SIGNAL";"3,4796";"3,4848";"3,4759";"3,4848";"3,48049998";"3,48310018"
"";"28.10.2025 13:41:00";"NO SIGNAL";"3,4848";"3,4873";"3,4836";"3,4837";"3,48210001";"3,48256922"
"126";"28.10.2025 13:42:00";"BUY";"3,4841";"3,4856";"3,4813";"3,4844";"3,48315001";"3,48225379"
"";"28.10.2025 13:43:00";"NO SIGNAL";"3,4844";"3,4869";"3,4833";"3,4866";"3,48487496";"3,48248482"
"";"28.10.2025 13:44:00";"NO SIGNAL";"3,4867";"3,4951";"3,4867";"3,4951";"3,48744988";"3,48324656"
"";"28.10.2025 13:45:00";"NO SIGNAL";"3,4942";"3,4976";"3,4930";"3,4975";"3,49090004";"3,48396969"
"";"28.10.2025 13:46:00";"NO SIGNAL";"3,4976";"3,5015";"3,4961";"3,4985";"3,49442506";"3,48511577"
"";"28.10.2025 13:47:00";"NO SIGNAL";"3,4986";"3,5023";"3,4963";"3,4976";"3,49717522";"3,48633862"
"";"28.10.2025 13:48:00";"NO SIGNAL";"3,4975";"3,4999";"3,4898";"3,4914";"3,49625015";"3,48739266"
"";"28.10.2025 13:49:00";"NO SIGNAL";"3,4915";"3,4958";"3,4899";"3,4946";"3,49552512";"3,48856926"
"";"28.10.2025 13:50:00";"NO SIGNAL";"3,4945";"3,4978";"3,4903";"3,4914";"3,4937501";"3,48965406"
"";"28.10.2025 13:51:00";"NO SIGNAL";"3,4913";"3,4913";"3,4869";"3,4891";"3,49162507";"3,49033833"
"127";"28.10.2025 13:52:00";"SELL";"3,4891";"3,4906";"3,4870";"3,4872";"3,49057508";"3,49091554"
"";"28.10.2025 13:53:00";"NO SIGNAL";"3,4873";"3,4903";"3,4872";"3,4881";"3,48894978";"3,49116945"
"";"28.10.2025 13:54:00";"NO SIGNAL";"3,4881";"3,4882";"3,4811";"3,4813";"3,48642492";"3,49098516"
"";"28.10.2025 13:55:00";"NO SIGNAL";"3,4813";"3,4829";"3,4800";"3,4819";"3,48462486";"3,49079227"
"";"28.10.2025 13:56:00";"NO SIGNAL";"3,4820";"3,4927";"3,4819";"3,4917";"3,48574996";"3,49118471"
"";"28.10.2025 13:57:00";"NO SIGNAL";"3,4918";"3,4935";"3,4840";"3,4841";"3,48475003";"3,49033904"
"";"28.10.2025 13:58:00";"NO SIGNAL";"3,4838";"3,4901";"3,4821";"3,4901";"3,48695016";"3,48976946"
"";"28.10.2025 13:59:00";"NO SIGNAL";"3,4900";"3,4921";"3,4890";"3,4906";"3,48912501";"3,48916173"
"";"28.10.2025 14:00:00";"NO SIGNAL";"3,4907";"3,4919";"3,4880";"3,4880";"3,48820019";"3,48842335"
"128";"28.10.2025 14:01:00";"BUY";"3,4879";"3,4893";"3,4816";"3,4839";"3,48814988";"3,48784614"
"129";"28.10.2025 14:02:00";"SELL";"3,4840";"3,4872";"3,4815";"3,4846";"3,48677492";"3,487077"
"";"28.10.2025 14:03:00";"NO SIGNAL";"3,4846";"3,4863";"3,4823";"3,4859";"3,48559999";"3,48665404"
"";"28.10.2025 14:04:00";"NO SIGNAL";"3,4862";"3,4901";"3,4854";"3,4901";"3,48612499";"3,48673105"
"130";"28.10.2025 14:05:00";"BUY";"3,4901";"3,4948";"3,4879";"3,4879";"3,48712492";"3,48678493"
"";"28.10.2025 14:06:00";"NO SIGNAL";"3,4879";"3,4896";"3,4845";"3,4856";"3,48737502";"3,48659253"
"";"28.10.2025 14:07:00";"NO SIGNAL";"3,4859";"3,4932";"3,4847";"3,4922";"3,48895001";"3,48743105"
"";"28.10.2025 14:08:00";"NO SIGNAL";"3,4924";"3,4931";"3,4904";"3,4908";"3,48912477";"3,48811555"
"";"28.10.2025 14:09:00";"NO SIGNAL";"3,4904";"3,4913";"3,4884";"3,4904";"3,48974991";"3,48801589"
"";"28.10.2025 14:10:00";"NO SIGNAL";"3,4904";"3,4923";"3,4887";"3,4892";"3,49064994";"3,48840785"
"";"28.10.2025 14:11:00";"NO SIGNAL";"3,4891";"3,4906";"3,4870";"3,4871";"3,48937511";"3,48817682"
"";"28.10.2025 14:12:00";"NO SIGNAL";"3,4871";"3,4917";"3,4871";"3,4917";"3,48960018";"3,48826146"
"";"28.10.2025 14:13:00";"NO SIGNAL";"3,4917";"3,5002";"3,4907";"3,4986";"3,4916501";"3,48907709"
"";"28.10.2025 14:14:00";"NO SIGNAL";"3,4985";"3,5021";"3,4965";"3,4983";"3,49392486";"3,49018455"
"";"28.10.2025 14:15:00";"NO SIGNAL";"3,4984";"3,5017";"3,4966";"3,4971";"3,49642515";"3,49114656"
"";"28.10.2025 14:16:00";"NO SIGNAL";"3,4973";"3,5030";"3,4968";"3,4997";"3,49842501";"3,49220777"
"";"28.10.2025 14:17:00";"NO SIGNAL";"3,4996";"3,5064";"3,4983";"3,5035";"3,49965";"3,49323845"
"";"28.10.2025 14:18:00";"NO SIGNAL";"3,5036";"3,5084";"3,5024";"3,5073";"3,50189996";"3,49473047"
"";"28.10.2025 14:19:00";"NO SIGNAL";"3,5071";"3,5081";"3,5035";"3,5045";"3,50374985";"3,49618459"
"";"28.10.2025 14:20:00";"NO SIGNAL";"3,5045";"3,5095";"3,5045";"3,5079";"3,50579977";"3,49739242"
"";"28.10.2025 14:21:00";"NO SIGNAL";"3,5079";"3,5090";"3,5044";"3,5061";"3,5064497";"3,49856925"
"";"28.10.2025 14:22:00";"NO SIGNAL";"3,5061";"3,5062";"3,4933";"3,4958";"3,50357485";"3,49898458"
"";"28.10.2025 14:23:00";"NO SIGNAL";"3,4959";"3,4984";"3,4910";"3,4926";"3,5006001";"3,49924636"
"131";"28.10.2025 14:24:00";"SELL";"3,4930";"3,4955";"3,4902";"3,4955";"3,49749994";"3,49989223"
"";"28.10.2025 14:25:00";"NO SIGNAL";"3,4953";"3,4960";"3,4863";"3,4863";"3,4925499";"3,49947691"
"";"28.10.2025 14:26:00";"NO SIGNAL";"3,4863";"3,4877";"3,4803";"3,4810";"3,48885012";"3,49812293"
"";"28.10.2025 14:27:00";"NO SIGNAL";"3,4810";"3,4828";"3,4788";"3,4828";"3,48640013";"3,49693108"
"";"28.10.2025 14:28:00";"NO SIGNAL";"3,4829";"3,4884";"3,4829";"3,4883";"3,48460007";"3,49625373"
"";"28.10.2025 14:29:00";"NO SIGNAL";"3,4884";"3,4903";"3,4862";"3,4881";"3,48504996";"3,49536204"
"";"28.10.2025 14:30:00";"NO SIGNAL";"3,4882";"3,4929";"3,4881";"3,4921";"3,48782492";"3,4944849"
"";"28.10.2025 14:31:00";"NO SIGNAL";"3,4918";"3,4926";"3,4859";"3,4871";"3,48890018";"3,49293089"
"";"28.10.2025 14:32:00";"NO SIGNAL";"3,4867";"3,4867";"3,4722";"3,4722";"3,48487496";"3,49044609"
"";"28.10.2025 14:33:00";"NO SIGNAL";"3,4720";"3,4781";"3,4686";"3,4756";"3,48174977";"3,48796153"
"";"28.10.2025 14:34:00";"NO SIGNAL";"3,4760";"3,4766";"3,4697";"3,4745";"3,47735";"3,48553109"
"";"28.10.2025 14:35:00";"NO SIGNAL";"3,4744";"3,4785";"3,4722";"3,4771";"3,47485018";"3,48409247"
"";"28.10.2025 14:36:00";"NO SIGNAL";"3,4772";"3,4773";"3,4707";"3,4750";"3,47554994";"3,48273873"
"";"28.10.2025 14:37:00";"NO SIGNAL";"3,4754";"3,4797";"3,4720";"3,4796";"3,47654986";"3,48151565"
"";"28.10.2025 14:38:00";"NO SIGNAL";"3,4793";"3,4829";"3,4723";"3,4726";"3,47607517";"3,4804616"
"";"28.10.2025 14:39:00";"NO SIGNAL";"3,4727";"3,4736";"3,4674";"3,4704";"3,47440004";"3,47964668"
"";"28.10.2025 14:40:00";"NO SIGNAL";"3,4698";"3,4698";"3,4539";"3,4584";"3,47024989";"3,47776961"
"";"28.10.2025 14:41:00";"NO SIGNAL";"3,4582";"3,4614";"3,4485";"3,4599";"3,46532488";"3,47558498"
"";"28.10.2025 14:42:00";"NO SIGNAL";"3,4601";"3,4607";"3,4515";"3,4558";"3,4611249";"3,47309995"
"";"28.10.2025 14:43:00";"NO SIGNAL";"3,4558";"3,4578";"3,4379";"3,4399";"3,45350003";"3,46908474"
"";"28.10.2025 14:44:00";"NO SIGNAL";"3,4409";"3,4455";"3,4359";"3,4425";"3,44952488";"3,46565366"
"";"28.10.2025 14:45:00";"NO SIGNAL";"3,4425";"3,4428";"3,3773";"3,4063";"3,43612504";"3,46058464"
"";"28.10.2025 14:46:00";"NO SIGNAL";"3,4067";"3,4306";"3,3988";"3,4259";"3,4286499";"3,45676136"
"";"28.10.2025 14:47:00";"NO SIGNAL";"3,4262";"3,4350";"3,4259";"3,4329";"3,42690015";"3,45356178"
"";"28.10.2025 14:48:00";"NO SIGNAL";"3,4329";"3,4406";"3,4295";"3,4359";"3,42525005";"3,45039225"
"";"28.10.2025 14:49:00";"NO SIGNAL";"3,4359";"3,4462";"3,4359";"3,4399";"3,43365002";"3,44769239"
"";"28.10.2025 14:50:00";"NO SIGNAL";"3,4403";"3,4519";"3,4386";"3,4518";"3,44012499";"3,44555378"
"132";"28.10.2025 14:51:00";"BUY";"3,4516";"3,4519";"3,4434";"3,4477";"3,44382477";"3,44363856"
"";"28.10.2025 14:52:00";"NO SIGNAL";"3,4477";"3,4493";"3,4446";"3,4461";"3,44637489";"3,44176912"
"";"28.10.2025 14:53:00";"NO SIGNAL";"3,4462";"3,4486";"3,4452";"3,4468";"3,44810009";"3,44087672"
"";"28.10.2025 14:54:00";"NO SIGNAL";"3,4467";"3,4532";"3,4462";"3,4524";"3,44824982";"3,44029975"
"";"28.10.2025 14:55:00";"NO SIGNAL";"3,4526";"3,4566";"3,4523";"3,4544";"3,44992518";"3,44019246"
"";"28.10.2025 14:56:00";"NO SIGNAL";"3,4543";"3,4667";"3,4543";"3,4636";"3,45430017";"3,44201565"
"";"28.10.2025 14:57:00";"NO SIGNAL";"3,4636";"3,4645";"3,4573";"3,4577";"3,45702505";"3,44318461"
"";"28.10.2025 14:58:00";"NO SIGNAL";"3,4573";"3,4590";"3,4550";"3,4573";"3,45825005";"3,44710779"
"";"28.10.2025 14:59:00";"NO SIGNAL";"3,4572";"3,4586";"3,4549";"3,4583";"3,45922494";"3,44960046"
"";"28.10.2025 15:00:00";"NO SIGNAL";"3,4584";"3,4618";"3,4558";"3,4604";"3,45842505";"3,45171571"
"";"28.10.2025 15:01:00";"NO SIGNAL";"3,4603";"3,4651";"3,4591";"3,4622";"3,4595499";"3,45373869"
"";"28.10.2025 15:02:00";"NO SIGNAL";"3,4620";"3,4629";"3,4593";"3,4619";"3,46070004";"3,45543098"
"";"28.10.2025 15:03:00";"NO SIGNAL";"3,4619";"3,4650";"3,4605";"3,4634";"3,4619751";"3,45632339"
"";"28.10.2025 15:04:00";"NO SIGNAL";"3,4630";"3,4664";"3,4626";"3,4640";"3,46287489";"3,45757699"
"";"28.10.2025 15:05:00";"NO SIGNAL";"3,4641";"3,4720";"3,4627";"3,4711";"3,46510005";"3,45950007"
"";"28.10.2025 15:06:00";"NO SIGNAL";"3,4712";"3,4754";"3,4703";"3,4741";"3,4681499";"3,46159983"
"";"28.10.2025 15:07:00";"NO SIGNAL";"3,4742";"3,4743";"3,4658";"3,4658";"3,46875";"3,46263075"
"";"28.10.2025 15:08:00";"NO SIGNAL";"3,4658";"3,4658";"3,4607";"3,4620";"3,46825004";"3,46321535"
"";"28.10.2025 15:09:00";"NO SIGNAL";"3,4620";"3,4652";"3,4612";"3,4629";"3,46620011";"3,46316195"
"";"28.10.2025 15:10:00";"NO SIGNAL";"3,4628";"3,4692";"3,4627";"3,4657";"3,46410012";"3,4637773"
"133";"28.10.2025 15:11:00";"SELL";"3,4658";"3,4695";"3,4657";"3,4665";"3,46427488";"3,46448469"
"134";"28.10.2025 15:12:00";"BUY";"3,4668";"3,4683";"3,4632";"3,4650";"3,46502495";"3,46499991"
"";"28.10.2025 15:13:00";"NO SIGNAL";"3,4649";"3,4673";"3,4636";"3,4673";"3,46612501";"3,46553087"
"";"28.10.2025 15:14:00";"NO SIGNAL";"3,4673";"3,4704";"3,4670";"3,4670";"3,46644998";"3,46590018"
"135";"28.10.2025 15:15:00";"SELL";"3,4670";"3,4670";"3,4585";"3,4585";"3,46444988";"3,4656384"
"";"28.10.2025 15:16:00";"NO SIGNAL";"3,4584";"3,4584";"3,4528";"3,4553";"3,46202517";"3,46501565"
"";"28.10.2025 15:17:00";"NO SIGNAL";"3,4554";"3,4569";"3,4508";"3,4560";"3,45920014";"3,46440029"
"";"28.10.2025 15:18:00";"NO SIGNAL";"3,4562";"3,4637";"3,4562";"3,4576";"3,45685005";"3,46336198"
"";"28.10.2025 15:19:00";"NO SIGNAL";"3,4576";"3,4642";"3,4575";"3,4627";"3,45790005";"3,46248436"
"";"28.10.2025 15:20:00";"NO SIGNAL";"3,4627";"3,4651";"3,4580";"3,4601";"3,45910001";"3,46204615"
"";"28.10.2025 15:21:00";"NO SIGNAL";"3,4601";"3,4630";"3,4581";"3,4591";"3,45987511";"3,46182299"
"";"28.10.2025 15:22:00";"NO SIGNAL";"3,4590";"3,4596";"3,4562";"3,4580";"3,459975";"3,46144605"
"";"28.10.2025 15:23:00";"NO SIGNAL";"3,4579";"3,4579";"3,4466";"3,4470";"3,45604992";"3,46000767"
"";"28.10.2025 15:24:00";"NO SIGNAL";"3,4469";"3,4511";"3,4467";"3,4467";"3,4526999";"3,45848441"
"";"28.10.2025 15:25:00";"NO SIGNAL";"3,4468";"3,4524";"3,4468";"3,4492";"3,45022488";"3,45726943"
"";"28.10.2025 15:26:00";"NO SIGNAL";"3,4490";"3,4516";"3,4483";"3,4502";"3,44827509";"3,45595384"
"";"28.10.2025 15:27:00";"NO SIGNAL";"3,4503";"3,4504";"3,4460";"3,4460";"3,44802499";"3,45433879"
"";"28.10.2025 15:28:00";"NO SIGNAL";"3,4459";"3,4479";"3,4432";"3,4466";"3,44799995";"3,4534235"
"";"28.10.2025 15:29:00";"NO SIGNAL";"3,4466";"3,4477";"3,4408";"3,4413";"3,44602513";"3,45234632"
"";"28.10.2025 15:30:00";"NO SIGNAL";"3,4413";"3,4413";"3,4310";"3,4381";"3,44300008";"3,45096922"
"";"28.10.2025 15:31:00";"NO SIGNAL";"3,4379";"3,4467";"3,4356";"3,4442";"3,44255018";"3,4499383"
"";"28.10.2025 15:32:00";"NO SIGNAL";"3,4441";"3,4447";"3,4379";"3,4407";"3,44107485";"3,44824576"
"";"28.10.2025 15:33:00";"NO SIGNAL";"3,4407";"3,4439";"3,4361";"3,4398";"3,44069982";"3,44668436"
"";"28.10.2025 15:34:00";"NO SIGNAL";"3,4398";"3,4454";"3,4398";"3,4424";"3,44177532";"3,4454"
"";"28.10.2025 15:35:00";"NO SIGNAL";"3,4424";"3,4430";"3,4310";"3,4356";"3,43962526";"3,44367695"
"";"28.10.2025 15:36:00";"NO SIGNAL";"3,4356";"3,4365";"3,4318";"3,4322";"3,4375";"3,44253874"
"";"28.10.2025 15:37:00";"NO SIGNAL";"3,4322";"3,4397";"3,4312";"3,4374";"3,43690014";"3,44182301"
"";"28.10.2025 15:38:00";"NO SIGNAL";"3,4373";"3,4446";"3,4373";"3,4436";"3,43720007";"3,44139266"
"";"28.10.2025 15:39:00";"NO SIGNAL";"3,4437";"3,4494";"3,4437";"3,4453";"3,43962479";"3,44101548"
"136";"28.10.2025 15:40:00";"BUY";"3,4452";"3,4452";"3,4351";"3,4382";"3,44112492";"3,44041514"
"";"28.10.2025 15:41:00";"NO SIGNAL";"3,4383";"3,4398";"3,4349";"3,4374";"3,44112492";"3,43970776"
"";"28.10.2025 15:42:00";"NO SIGNAL";"3,4374";"3,4416";"3,4357";"3,4401";"3,44025016";"3,43961549"
"137";"28.10.2025 15:43:00";"SELL";"3,4397";"3,4405";"3,4339";"3,4380";"3,43842506";"3,43960786"
"";"28.10.2025 15:44:00";"NO SIGNAL";"3,4377";"3,4386";"3,4355";"3,4369";"3,43809986";"3,43904591"
"";"28.10.2025 15:45:00";"NO SIGNAL";"3,4368";"3,4395";"3,4359";"3,4384";"3,43834996";"3,43886971"
"138";"28.10.2025 15:46:00";"BUY";"3,4383";"3,4486";"3,4381";"3,4485";"3,44044995";"3,43953896"
"";"28.10.2025 15:47:00";"NO SIGNAL";"3,4485";"3,4516";"3,4454";"3,4516";"3,44385004";"3,44024634"
"";"28.10.2025 15:48:00";"NO SIGNAL";"3,4516";"3,4548";"3,4499";"3,4542";"3,44817495";"3,44167733"
"";"28.10.2025 15:49:00";"NO SIGNAL";"3,4539";"3,4539";"3,4510";"3,4519";"3,45155001";"3,44319248"
"";"28.10.2025 15:50:00";"NO SIGNAL";"3,4520";"3,4598";"3,4520";"3,4595";"3,45429993";"3,44489241"
"";"28.10.2025 15:51:00";"NO SIGNAL";"3,4596";"3,4609";"3,4564";"3,4578";"3,45584989";"3,44598484"
"";"28.10.2025 15:52:00";"NO SIGNAL";"3,4577";"3,4606";"3,4522";"3,4540";"3,45580006";"3,44665432"
"";"28.10.2025 15:53:00";"NO SIGNAL";"3,4539";"3,4540";"3,4501";"3,4501";"3,45535016";"3,44756937"
"";"28.10.2025 15:54:00";"NO SIGNAL";"3,4502";"3,4504";"3,4454";"3,4483";"3,45254993";"3,44840789"
"";"28.10.2025 15:55:00";"NO SIGNAL";"3,4483";"3,4505";"3,4457";"3,4494";"3,45044994";"3,44912362"
"139";"28.10.2025 15:56:00";"SELL";"3,4494";"3,4505";"3,4478";"3,4478";"3,44889975";"3,44987726"
"";"28.10.2025 15:57:00";"NO SIGNAL";"3,4478";"3,4482";"3,4462";"3,4476";"3,44827509";"3,45070004"
"";"28.10.2025 15:58:00";"NO SIGNAL";"3,4476";"3,4510";"3,4465";"3,4503";"3,44877481";"3,45161533"
"";"28.10.2025 15:59:00";"NO SIGNAL";"3,4502";"3,4503";"3,4470";"3,4477";"3,44834995";"3,45155406"
"";"28.10.2025 16:00:00";"NO SIGNAL";"3,4477";"3,4500";"3,4456";"3,4500";"3,44890022";"3,4514308"
"";"28.10.2025 16:01:00";"NO SIGNAL";"3,4500";"3,4543";"3,4477";"3,4507";"3,44967508";"3,45116138"
"";"28.10.2025 16:02:00";"NO SIGNAL";"3,4510";"3,4524";"3,4470";"3,4509";"3,44982481";"3,45108438"
"140";"28.10.2025 16:03:00";"BUY";"3,4510";"3,4530";"3,4463";"3,4522";"3,45094991";"3,4505229"
"";"28.10.2025 16:04:00";"NO SIGNAL";"3,4518";"3,4602";"3,4509";"3,4600";"3,45344996";"3,45069218"
"";"28.10.2025 16:05:00";"NO SIGNAL";"3,4602";"3,4640";"3,4569";"3,4617";"3,45619988";"3,45128465"
"";"28.10.2025 16:06:00";"NO SIGNAL";"3,4616";"3,4628";"3,4578";"3,4610";"3,45872498";"3,45212364"
"";"28.10.2025 16:07:00";"NO SIGNAL";"3,4603";"3,4604";"3,4551";"3,4585";"3,46029997";"3,45290804"
"";"28.10.2025 16:08:00";"NO SIGNAL";"3,4584";"3,4598";"3,4538";"3,4539";"3,45877504";"3,45325398"
"";"28.10.2025 16:09:00";"NO SIGNAL";"3,4539";"3,4585";"3,4539";"3,4577";"3,45777512";"3,45401549"
"";"28.10.2025 16:10:00";"NO SIGNAL";"3,4577";"3,4585";"3,4519";"3,4581";"3,45705009";"3,45482302"
"";"28.10.2025 16:11:00";"NO SIGNAL";"3,4582";"3,4590";"3,4560";"3,4576";"3,45682502";"3,45538497"
"";"28.10.2025 16:12:00";"NO SIGNAL";"3,4576";"3,4592";"3,4542";"3,4542";"3,45690012";"3,4558847"
"";"28.10.2025 16:13:00";"NO SIGNAL";"3,4543";"3,4563";"3,4529";"3,4558";"3,45642495";"3,45633101"
"141";"28.10.2025 16:14:00";"SELL";"3,4558";"3,4571";"3,4533";"3,4533";"3,45522499";"3,45653105"
"";"28.10.2025 16:15:00";"NO SIGNAL";"3,4534";"3,4552";"3,4514";"3,4534";"3,454175";"3,45672321"
"";"28.10.2025 16:16:00";"NO SIGNAL";"3,4534";"3,4560";"3,4444";"3,4460";"3,45212483";"3,45624614"
"";"28.10.2025 16:17:00";"NO SIGNAL";"3,4460";"3,4471";"3,4415";"3,4442";"3,44922495";"3,45503092"
"";"28.10.2025 16:18:00";"NO SIGNAL";"3,4443";"3,4510";"3,4443";"3,4510";"3,44864988";"3,45420766"
"";"28.10.2025 16:19:00";"NO SIGNAL";"3,4510";"3,4531";"3,4493";"3,4522";"3,44835019";"3,45353103"
"";"28.10.2025 16:20:00";"NO SIGNAL";"3,4522";"3,4526";"3,4426";"3,4443";"3,44792509";"3,45243859"
"";"28.10.2025 16:21:00";"NO SIGNAL";"3,4445";"3,4464";"3,4414";"3,4432";"3,44767499";"3,45161533"
"";"28.10.2025 16:22:00";"NO SIGNAL";"3,4432";"3,4447";"3,4381";"3,4394";"3,44477487";"3,45020771"
"";"28.10.2025 16:23:00";"NO SIGNAL";"3,4394";"3,4411";"3,4356";"3,4356";"3,44062495";"3,44847703"
"";"28.10.2025 16:24:00";"NO SIGNAL";"3,4357";"3,4404";"3,4357";"3,4394";"3,43939996";"3,44707704"
"";"28.10.2025 16:25:00";"NO SIGNAL";"3,4395";"3,4420";"3,4378";"3,4415";"3,43897486";"3,44610023"
"";"28.10.2025 16:26:00";"NO SIGNAL";"3,4411";"3,4472";"3,4409";"3,4458";"3,44057512";"3,44533086"
"";"28.10.2025 16:27:00";"NO SIGNAL";"3,4458";"3,4524";"3,4457";"3,4515";"3,4445498";"3,4451921"
"142";"28.10.2025 16:28:00";"BUY";"3,4515";"3,4572";"3,4504";"3,4509";"3,44742489";"3,44499993"
"";"28.10.2025 16:29:00";"NO SIGNAL";"3,4509";"3,4510";"3,4490";"3,4490";"3,44930005";"3,44523072"
"";"28.10.2025 16:30:00";"NO SIGNAL";"3,4491";"3,4666";"3,4482";"3,4610";"3,45309997";"3,44652295"
"";"28.10.2025 16:31:00";"NO SIGNAL";"3,4610";"3,4734";"3,4584";"3,4584";"3,45482516";"3,44709253"
"";"28.10.2025 16:32:00";"NO SIGNAL";"3,4587";"3,4652";"3,4581";"3,4594";"3,45694971";"3,44764614"
"";"28.10.2025 16:33:00";"NO SIGNAL";"3,4592";"3,4632";"3,4532";"3,4567";"3,45887518";"3,44860029"
"";"28.10.2025 16:34:00";"NO SIGNAL";"3,4571";"3,4576";"3,4528";"3,4528";"3,45682502";"3,44933867"
"";"28.10.2025 16:35:00";"NO SIGNAL";"3,4533";"3,4610";"3,4529";"3,4552";"3,45602512";"3,45055437"
"";"28.10.2025 16:36:00";"NO SIGNAL";"3,4550";"3,4607";"3,4550";"3,4576";"3,45557499";"3,45224667"
"";"28.10.2025 16:37:00";"NO SIGNAL";"3,4573";"3,4631";"3,4573";"3,4607";"3,45657492";"3,45388484"
"";"28.10.2025 16:38:00";"NO SIGNAL";"3,4608";"3,4621";"3,4588";"3,4616";"3,45877504";"3,45543122"
"";"28.10.2025 16:39:00";"NO SIGNAL";"3,4617";"3,4633";"3,4573";"3,4573";"3,45930004";"3,45631576"
"";"28.10.2025 16:40:00";"NO SIGNAL";"3,4572";"3,4572";"3,4503";"3,4512";"3,45770001";"3,45629239"
"143";"28.10.2025 16:41:00";"SELL";"3,4511";"3,4565";"3,4502";"3,4556";"3,45642519";"3,45665407"
"";"28.10.2025 16:42:00";"NO SIGNAL";"3,4556";"3,4590";"3,4553";"3,4582";"3,45557499";"3,45736146"
"";"28.10.2025 16:43:00";"NO SIGNAL";"3,4582";"3,4589";"3,4550";"3,4555";"3,45512486";"3,45693874"
"";"28.10.2025 16:44:00";"NO SIGNAL";"3,4555";"3,4579";"3,4555";"3,4577";"3,45674992";"3,45688462"
"144";"28.10.2025 16:45:00";"BUY";"3,4578";"3,4626";"3,4569";"3,4571";"3,45712471";"3,45670772"
"";"28.10.2025 16:46:00";"NO SIGNAL";"3,4576";"3,4641";"3,4576";"3,4618";"3,45802498";"3,45710039"
"";"28.10.2025 16:47:00";"NO SIGNAL";"3,4619";"3,4631";"3,4590";"3,4601";"3,45917487";"3,45766187"
"";"28.10.2025 16:48:00";"NO SIGNAL";"3,4601";"3,4674";"3,4599";"3,4653";"3,46107483";"3,45843863"
"";"28.10.2025 16:49:00";"NO SIGNAL";"3,4653";"3,4706";"3,4647";"3,4680";"3,46379995";"3,45923853"
"";"28.10.2025 16:50:00";"NO SIGNAL";"3,4681";"3,4724";"3,4677";"3,4704";"3,46595001";"3,45998454"
"";"28.10.2025 16:51:00";"NO SIGNAL";"3,4705";"3,4755";"3,4705";"3,4751";"3,46969986";"3,46102309"
"";"28.10.2025 16:52:00";"NO SIGNAL";"3,4751";"3,4780";"3,4751";"3,4763";"3,47244978";"3,4624846"
"";"28.10.2025 16:53:00";"NO SIGNAL";"3,4763";"3,4780";"3,4735";"3,4741";"3,47397518";"3,46424651"
"";"28.10.2025 16:54:00";"NO SIGNAL";"3,4741";"3,4757";"3,4722";"3,4730";"3,47462511";"3,46558452"
"";"28.10.2025 16:55:00";"NO SIGNAL";"3,4730";"3,4730";"3,4691";"3,4693";"3,47317505";"3,46643877"
"";"28.10.2025 16:56:00";"NO SIGNAL";"3,4693";"3,4698";"3,4639";"3,4648";"3,4703002";"3,46715379"
"";"28.10.2025 16:57:00";"NO SIGNAL";"3,4648";"3,4674";"3,4648";"3,4670";"3,46852493";"3,46786928"
"145";"28.10.2025 16:58:00";"SELL";"3,4671";"3,4672";"3,4640";"3,4659";"3,46674991";"3,46854615"
"";"28.10.2025 16:59:00";"NO SIGNAL";"3,4659";"3,4661";"3,4649";"3,4653";"3,46574998";"3,46881533"
"";"28.10.2025 17:00:00";"NO SIGNAL";"3,4654";"3,4684";"3,4648";"3,4664";"3,46615005";"3,46930003"
"";"28.10.2025 17:01:00";"NO SIGNAL";"3,4665";"3,4704";"3,4659";"3,4699";"3,46687508";"3,46965384"
"";"28.10.2025 17:02:00";"NO SIGNAL";"3,4699";"3,4704";"3,4663";"3,4694";"3,46775007";"3,46976185"
"";"28.10.2025 17:03:00";"NO SIGNAL";"3,4694";"3,4703";"3,4661";"3,4692";"3,46872497";"3,46966982"
"";"28.10.2025 17:04:00";"NO SIGNAL";"3,4691";"3,4691";"3,4614";"3,4615";"3,46749997";"3,46862316"
"";"28.10.2025 17:05:00";"NO SIGNAL";"3,4615";"3,4664";"3,4615";"3,4630";"3,46577501";"3,46759987"
"";"28.10.2025 17:06:00";"NO SIGNAL";"3,4631";"3,4652";"3,4628";"3,4628";"3,46412516";"3,46673059"
"";"28.10.2025 17:07:00";"NO SIGNAL";"3,4627";"3,4669";"3,4627";"3,4634";"3,46267509";"3,46599245"
"";"28.10.2025 17:08:00";"NO SIGNAL";"3,4632";"3,4676";"3,4627";"3,4660";"3,46380019";"3,46573877"
"";"28.10.2025 17:09:00";"NO SIGNAL";"3,4663";"3,4696";"3,4663";"3,4687";"3,46522498";"3,4660387"
"146";"28.10.2025 17:10:00";"BUY";"3,4687";"3,4710";"3,4677";"3,4708";"3,46722507";"3,46633101"
"";"28.10.2025 17:11:00";"NO SIGNAL";"3,4709";"3,4742";"3,4709";"3,4731";"3,46964979";"3,46688437"
"";"28.10.2025 17:12:00";"NO SIGNAL";"3,4731";"3,4761";"3,4731";"3,4750";"3,47189999";"3,46763062"
"";"28.10.2025 17:13:00";"NO SIGNAL";"3,4750";"3,4757";"3,4739";"3,4751";"3,47349977";"3,46829963"
"";"28.10.2025 17:14:00";"NO SIGNAL";"3,4750";"3,4761";"3,4736";"3,4736";"3,47420001";"3,46858454"
"";"28.10.2025 17:15:00";"NO SIGNAL";"3,4737";"3,4740";"3,4679";"3,4679";"3,47289991";"3,46846938"
"";"28.10.2025 17:16:00";"NO SIGNAL";"3,4679";"3,4679";"3,4647";"3,4666";"3,47079992";"3,46826959"
"";"28.10.2025 17:17:00";"NO SIGNAL";"3,4667";"3,4719";"3,4663";"3,4719";"3,46999979";"3,46906972"
"";"28.10.2025 17:18:00";"NO SIGNAL";"3,4720";"3,4782";"3,4720";"3,4749";"3,47032523";"3,46998501"
"";"28.10.2025 17:19:00";"NO SIGNAL";"3,4749";"3,4753";"3,4708";"3,4723";"3,47142506";"3,47071552"
"";"28.10.2025 17:20:00";"NO SIGNAL";"3,4723";"3,4738";"3,4715";"3,4724";"3,47287512";"3,47140789"
"";"28.10.2025 17:21:00";"NO SIGNAL";"3,4724";"3,4724";"3,4690";"3,4692";"3,47220016";"3,4716537"
"147";"28.10.2025 17:22:00";"SELL";"3,4693";"3,4704";"3,4688";"3,4703";"3,47104979";"3,47177672"
"";"28.10.2025 17:23:00";"NO SIGNAL";"3,4703";"3,4724";"3,4685";"3,4699";"3,47044992";"3,47170758"
"";"28.10.2025 17:24:00";"NO SIGNAL";"3,4699";"3,4710";"3,4691";"3,4709";"3,47007489";"3,47153831"
"";"28.10.2025 17:25:00";"NO SIGNAL";"3,4709";"3,4714";"3,4660";"3,4679";"3,46974993";"3,47099233"
"";"28.10.2025 17:26:00";"NO SIGNAL";"3,4669";"3,4684";"3,4658";"3,4674";"3,46902514";"3,47039986"
"";"28.10.2025 17:27:00";"NO SIGNAL";"3,4674";"3,4712";"3,4674";"3,4698";"3,46899986";"3,47010779"
"";"28.10.2025 17:28:00";"NO SIGNAL";"3,4698";"3,4701";"3,4650";"3,4650";"3,46752524";"3,46988487"
"";"28.10.2025 17:29:00";"NO SIGNAL";"3,4649";"3,4651";"3,4624";"3,4625";"3,46617508";"3,46956944"
"";"28.10.2025 17:30:00";"NO SIGNAL";"3,4626";"3,4628";"3,4573";"3,4574";"3,46367502";"3,46845412"
"";"28.10.2025 17:31:00";"NO SIGNAL";"3,4574";"3,4599";"3,4556";"3,4579";"3,46070004";"3,46714616"
"";"28.10.2025 17:32:00";"NO SIGNAL";"3,4580";"3,4615";"3,4562";"3,4610";"3,45970011";"3,46627712"
"";"28.10.2025 17:33:00";"NO SIGNAL";"3,4610";"3,4659";"3,4600";"3,4658";"3,46052504";"3,46576905"
"";"28.10.2025 17:34:00";"NO SIGNAL";"3,4658";"3,4713";"3,4655";"3,4713";"3,46399999";"3,4659307"
"148";"28.10.2025 17:35:00";"BUY";"3,4714";"3,4772";"3,4709";"3,4772";"3,46882486";"3,46646142"
"";"28.10.2025 17:36:00";"NO SIGNAL";"3,4773";"3,4835";"3,4773";"3,4833";"3,47440004";"3,46749234"
"";"28.10.2025 17:37:00";"NO SIGNAL";"3,4833";"3,4847";"3,4815";"3,4820";"3,47845006";"3,46834612"
"";"28.10.2025 17:38:00";"NO SIGNAL";"3,4820";"3,4828";"3,4795";"3,4805";"3,48075008";"3,46931529"
"";"28.10.2025 17:39:00";"NO SIGNAL";"3,4805";"3,4816";"3,4796";"3,4810";"3,48170018";"3,47036195"
"";"28.10.2025 17:40:00";"NO SIGNAL";"3,4810";"3,4851";"3,4809";"3,4829";"3,48160005";"3,47136974"
"";"28.10.2025 17:41:00";"NO SIGNAL";"3,4829";"3,4870";"3,4829";"3,4861";"3,48262501";"3,47299266"
"";"28.10.2025 17:42:00";"NO SIGNAL";"3,4862";"3,4870";"3,4822";"3,4822";"3,48304987";"3,47450757"
"";"28.10.2025 17:43:00";"NO SIGNAL";"3,4821";"3,4821";"3,4786";"3,4786";"3,48245001";"3,47613859"
"";"28.10.2025 17:44:00";"NO SIGNAL";"3,4787";"3,4798";"3,4783";"3,4788";"3,48142505";"3,47774601"
"149";"28.10.2025 17:45:00";"SELL";"3,4788";"3,4791";"3,4750";"3,4755";"3,47877479";"3,47886181"
"";"28.10.2025 17:46:00";"NO SIGNAL";"3,4754";"3,4787";"3,4752";"3,4778";"3,47767496";"3,47978425"
"";"28.10.2025 17:47:00";"NO SIGNAL";"3,4778";"3,4825";"3,4763";"3,4766";"3,477175";"3,48019218"
"";"28.10.2025 17:48:00";"NO SIGNAL";"3,4767";"3,4806";"3,4767";"3,4806";"3,47762489";"3,48045373"
"";"28.10.2025 17:49:00";"NO SIGNAL";"3,4803";"3,4803";"3,4773";"3,4777";"3,47817516";"3,48002291"
"";"28.10.2025 17:50:00";"NO SIGNAL";"3,4778";"3,4804";"3,4771";"3,4771";"3,47799993";"3,47964597"
"";"28.10.2025 17:51:00";"NO SIGNAL";"3,4771";"3,4806";"3,4770";"3,4806";"3,47900009";"3,4796536"
"";"28.10.2025 17:52:00";"NO SIGNAL";"3,4805";"3,4805";"3,4772";"3,4797";"3,47877526";"3,47955394"
"";"28.10.2025 17:53:00";"NO SIGNAL";"3,4797";"3,4807";"3,4680";"3,4759";"3,47832489";"3,47901559"
"";"28.10.2025 17:54:00";"NO SIGNAL";"3,4760";"3,4772";"3,4745";"3,4749";"3,4777751";"3,47815418"
"";"28.10.2025 17:55:00";"NO SIGNAL";"3,4747";"3,4771";"3,4734";"3,4771";"3,47689986";"3,47776198"
"";"28.10.2025 17:56:00";"NO SIGNAL";"3,4772";"3,4789";"3,4767";"3,4769";"3,47619987";"3,47763109"
"";"28.10.2025 17:57:00";"NO SIGNAL";"3,4770";"3,4775";"3,4752";"3,4752";"3,47602487";"3,47735381"
"";"28.10.2025 17:58:00";"NO SIGNAL";"3,4751";"3,4757";"3,4732";"3,4751";"3,47607517";"3,47732329"
"";"28.10.2025 17:59:00";"NO SIGNAL";"3,4751";"3,4756";"3,4743";"3,4754";"3,47565007";"3,47713828"
"";"28.10.2025 18:00:00";"NO SIGNAL";"3,4754";"3,4760";"3,4736";"3,4737";"3,47484994";"3,47691536"
"";"28.10.2025 18:01:00";"NO SIGNAL";"3,4736";"3,4736";"3,4668";"3,4689";"3,47327518";"3,47601533"
"";"28.10.2025 18:02:00";"NO SIGNAL";"3,4689";"3,4711";"3,4673";"3,4711";"3,47227502";"3,47550774"
"";"28.10.2025 18:03:00";"NO SIGNAL";"3,4711";"3,4712";"3,4665";"3,4689";"3,4706502";"3,47487712"
"";"28.10.2025 18:04:00";"NO SIGNAL";"3,4689";"3,4707";"3,4665";"3,4700";"3,46972489";"3,47406125"
"";"28.10.2025 18:05:00";"NO SIGNAL";"3,4701";"3,4741";"3,4700";"3,4718";"3,47044992";"3,473454"
"";"28.10.2025 18:06:00";"NO SIGNAL";"3,4719";"3,4719";"3,4687";"3,4714";"3,47052503";"3,47310805"
"";"28.10.2025 18:07:00";"NO SIGNAL";"3,4714";"3,4758";"3,4714";"3,4758";"3,47224998";"3,47317719"
"150";"28.10.2025 18:08:00";"BUY";"3,4759";"3,4803";"3,4759";"3,4782";"3,47429991";"3,47326207"
"";"28.10.2025 18:09:00";"NO SIGNAL";"3,4783";"3,4784";"3,4739";"3,4752";"3,47514987";"3,47313118"
"";"28.10.2025 18:10:00";"NO SIGNAL";"3,4751";"3,4763";"3,4741";"3,4757";"3,4762249";"3,47316933"
"";"28.10.2025 18:11:00";"NO SIGNAL";"3,4757";"3,4770";"3,4744";"3,4756";"3,47617483";"3,47320771"
"";"28.10.2025 18:12:00";"NO SIGNAL";"3,4755";"3,4758";"3,4732";"3,4740";"3,47512507";"3,47309995"
"";"28.10.2025 18:13:00";"NO SIGNAL";"3,4741";"3,4760";"3,4739";"3,4758";"3,47527504";"3,47326136"
"";"28.10.2025 18:14:00";"NO SIGNAL";"3,4759";"3,4786";"3,4759";"3,4783";"3,47592521";"3,47398472"
"";"28.10.2025 18:15:00";"NO SIGNAL";"3,4782";"3,4801";"3,4780";"3,4786";"3,47667503";"3,47456193"
"";"28.10.2025 18:16:00";"NO SIGNAL";"3,4786";"3,4809";"3,4777";"3,4784";"3,4777751";"3,47529292"
"";"28.10.2025 18:17:00";"NO SIGNAL";"3,4785";"3,4799";"3,4785";"3,4787";"3,47849989";"3,47596192"
"";"28.10.2025 18:18:00";"NO SIGNAL";"3,4786";"3,4788";"3,4765";"3,4766";"3,47807503";"3,47633076"
"";"28.10.2025 18:19:00";"NO SIGNAL";"3,4765";"3,4765";"3,4735";"3,4736";"3,476825";"3,4764998"
"151";"28.10.2025 18:20:00";"SELL";"3,4736";"3,4767";"3,4731";"3,4752";"3,47602487";"3,47645402"
"";"28.10.2025 18:21:00";"NO SIGNAL";"3,4752";"3,4757";"3,4720";"3,4720";"3,47434974";"3,47597694"
"";"28.10.2025 18:22:00";"NO SIGNAL";"3,4719";"3,4722";"3,4685";"3,4693";"3,47252512";"3,47552323"
"";"28.10.2025 18:23:00";"NO SIGNAL";"3,4695";"3,4695";"3,4681";"3,4681";"3,47114992";"3,47493863"
"";"28.10.2025 18:24:00";"NO SIGNAL";"3,4681";"3,4681";"3,4652";"3,4664";"3,46895003";"3,474231"
"";"28.10.2025 18:25:00";"NO SIGNAL";"3,4665";"3,4671";"3,4640";"3,4663";"3,46752524";"3,47363877"
"";"28.10.2025 18:26:00";"NO SIGNAL";"3,4664";"3,4664";"3,4643";"3,4643";"3,46627522";"3,47275448"
"";"28.10.2025 18:27:00";"NO SIGNAL";"3,4642";"3,4662";"3,4641";"3,4662";"3,46580005";"3,47182322"
"";"28.10.2025 18:28:00";"NO SIGNAL";"3,4663";"3,4675";"3,4658";"3,4668";"3,46589994";"3,47091532"
"";"28.10.2025 18:29:00";"NO SIGNAL";"3,4668";"3,4668";"3,4586";"3,4633";"3,46515012";"3,46975374"
"";"28.10.2025 18:30:00";"NO SIGNAL";"3,4633";"3,4667";"3,4624";"3,4666";"3,46572495";"3,46882296"
"";"28.10.2025 18:31:00";"NO SIGNAL";"3,4666";"3,4699";"3,4657";"3,4699";"3,46664977";"3,46830797"
"";"28.10.2025 18:32:00";"NO SIGNAL";"3,4698";"3,4733";"3,4696";"3,4715";"3,4678247";"3,46814632"
"152";"28.10.2025 18:33:00";"BUY";"3,4716";"3,4716";"3,4695";"3,4696";"3,46939993";"3,46771574"
"";"28.10.2025 18:34:00";"NO SIGNAL";"3,4695";"3,4708";"3,4663";"3,4663";"3,46932507";"3,46727729"
"";"28.10.2025 18:35:00";"NO SIGNAL";"3,4662";"3,4662";"3,4618";"3,4618";"3,46729994";"3,46670055"
"153";"28.10.2025 18:36:00";"SELL";"3,4619";"3,4636";"3,4600";"3,4623";"3,46499991";"3,46625423"
"";"28.10.2025 18:37:00";"NO SIGNAL";"3,4623";"3,4625";"3,4524";"3,4526";"3,46074986";"3,46519256"
"";"28.10.2025 18:38:00";"NO SIGNAL";"3,4524";"3,4558";"3,4520";"3,4558";"3,45812511";"3,46438503"
"";"28.10.2025 18:39:00";"NO SIGNAL";"3,4553";"3,4590";"3,4548";"3,4588";"3,45737529";"3,46396208"
"";"28.10.2025 18:40:00";"NO SIGNAL";"3,4587";"3,4588";"3,4566";"3,4566";"3,45595026";"3,46322298"
"";"28.10.2025 18:41:00";"NO SIGNAL";"3,4566";"3,4589";"3,4549";"3,4555";"3,45667505";"3,46235371"
"";"28.10.2025 18:42:00";"NO SIGNAL";"3,4555";"3,4555";"3,4528";"3,4536";"3,45612502";"3,46160746"
"";"28.10.2025 18:43:00";"NO SIGNAL";"3,4536";"3,4540";"3,4503";"3,4503";"3,454";"3,46035361"
"";"28.10.2025 18:44:00";"NO SIGNAL";"3,4503";"3,4522";"3,4503";"3,4520";"3,45284986";"3,45897722"
"";"28.10.2025 18:45:00";"NO SIGNAL";"3,4520";"3,4527";"3,4470";"3,4488";"3,45117497";"3,45723128"
"";"28.10.2025 18:46:00";"NO SIGNAL";"3,4487";"3,4522";"3,4487";"3,4503";"3,45035005";"3,45574617"
"";"28.10.2025 18:47:00";"NO SIGNAL";"3,4504";"3,4547";"3,4504";"3,4545";"3,4513998";"3,45483828"
"";"28.10.2025 18:48:00";"NO SIGNAL";"3,4545";"3,4546";"3,4507";"3,4507";"3,45107508";"3,4539845"
"";"28.10.2025 18:49:00";"NO SIGNAL";"3,4506";"3,4543";"3,4498";"3,4534";"3,45222497";"3,4533"
"154";"28.10.2025 18:50:00";"BUY";"3,4534";"3,4607";"3,4534";"3,4588";"3,45434999";"3,45377707"
"";"28.10.2025 18:51:00";"NO SIGNAL";"3,4588";"3,4594";"3,4539";"3,4547";"3,45439982";"3,45369267"
"";"28.10.2025 18:52:00";"NO SIGNAL";"3,4547";"3,4577";"3,4543";"3,4571";"3,45599985";"3,45356178"
"";"28.10.2025 18:53:00";"NO SIGNAL";"3,4570";"3,4570";"3,4553";"3,4553";"3,45647502";"3,45346165"
"";"28.10.2025 18:54:00";"NO SIGNAL";"3,4554";"3,4578";"3,4554";"3,4574";"3,45612526";"3,45360756"
"";"28.10.2025 18:55:00";"NO SIGNAL";"3,4573";"3,4595";"3,4570";"3,4584";"3,45705009";"3,45397663"
"";"28.10.2025 18:56:00";"NO SIGNAL";"3,4583";"3,4613";"3,4583";"3,4608";"3,45797515";"3,45478463"
"";"28.10.2025 18:57:00";"NO SIGNAL";"3,4609";"3,4616";"3,4602";"3,4605";"3,45927501";"3,45543838"
"";"28.10.2025 18:58:00";"NO SIGNAL";"3,4605";"3,4648";"3,4604";"3,4642";"3,46097493";"3,45662284"
"";"28.10.2025 18:59:00";"NO SIGNAL";"3,4642";"3,4650";"3,4639";"3,4650";"3,46262503";"3,4577539"
"";"28.10.2025 19:00:00";"NO SIGNAL";"3,4651";"3,4687";"3,4643";"3,4651";"3,46370006";"3,45856929"
"";"28.10.2025 19:01:00";"NO SIGNAL";"3,4650";"3,4660";"3,4624";"3,4624";"3,46417499";"3,45946956"
"";"28.10.2025 19:02:00";"NO SIGNAL";"3,4624";"3,4639";"3,4591";"3,4591";"3,46290016";"3,45990801"
"";"28.10.2025 19:03:00";"NO SIGNAL";"3,4600";"3,4636";"3,4600";"3,4634";"3,46249986";"3,46026158"
"";"28.10.2025 19:04:00";"NO SIGNAL";"3,4633";"3,4633";"3,4605";"3,4616";"3,4616251";"3,4607923"
"";"28.10.2025 19:05:00";"NO SIGNAL";"3,4616";"3,4636";"3,4605";"3,4635";"3,4619";"3,46128488"
"";"28.10.2025 19:06:00";"NO SIGNAL";"3,4636";"3,4681";"3,4635";"3,4672";"3,46392512";"3,4622004"
"";"28.10.2025 19:07:00";"NO SIGNAL";"3,4672";"3,4679";"3,4648";"3,4649";"3,46430016";"3,46277714"
"";"28.10.2025 19:08:00";"NO SIGNAL";"3,4649";"3,4680";"3,4649";"3,4680";"3,46589994";"3,46351528"
"";"28.10.2025 19:09:00";"NO SIGNAL";"3,4680";"3,4696";"3,4680";"3,4692";"3,46732497";"3,46416163"
"";"28.10.2025 19:10:00";"NO SIGNAL";"3,4693";"3,4701";"3,4674";"3,4674";"3,46737504";"3,46469235"
"";"28.10.2025 19:11:00";"NO SIGNAL";"3,4673";"3,4696";"3,4655";"3,4678";"3,46810007";"3,46496892"
"";"28.10.2025 19:12:00";"NO SIGNAL";"3,4678";"3,4679";"3,4661";"3,4671";"3,467875";"3,46513057"
"";"28.10.2025 19:13:00";"NO SIGNAL";"3,4672";"3,4673";"3,4643";"3,4673";"3,46740007";"3,46530008"
"";"28.10.2025 19:14:00";"NO SIGNAL";"3,4673";"3,4673";"3,4621";"3,4621";"3,46607494";"3,46527696"
"155";"28.10.2025 19:15:00";"SELL";"3,4620";"3,4620";"3,4554";"3,4561";"3,46315002";"3,46504641"
"";"28.10.2025 19:16:00";"NO SIGNAL";"3,4560";"3,4561";"3,4505";"3,4512";"3,45917511";"3,46410823"
"";"28.10.2025 19:17:00";"NO SIGNAL";"3,4513";"3,4526";"3,4421";"3,4431";"3,453125";"3,46268511"
"";"28.10.2025 19:18:00";"NO SIGNAL";"3,4432";"3,4491";"3,4405";"3,4434";"3,44845009";"3,46113873"
"";"28.10.2025 19:19:00";"NO SIGNAL";"3,4434";"3,4449";"3,4383";"3,4400";"3,44442511";"3,45904636"
"";"28.10.2025 19:20:00";"NO SIGNAL";"3,4396";"3,4406";"3,4270";"3,4343";"3,44019985";"3,45669222"
"";"28.10.2025 19:21:00";"NO SIGNAL";"3,4347";"3,4399";"3,4314";"3,4338";"3,43787479";"3,45406151"
"";"28.10.2025 19:22:00";"NO SIGNAL";"3,4338";"3,4368";"3,4308";"3,4340";"3,43552494";"3,45135403"
"";"28.10.2025 19:23:00";"NO SIGNAL";"3,4340";"3,4368";"3,4322";"3,4347";"3,43419981";"3,44883847"
"";"28.10.2025 19:24:00";"NO SIGNAL";"3,4347";"3,4356";"3,4282";"3,4355";"3,43449998";"3,44635415"
"";"28.10.2025 19:25:00";"NO SIGNAL";"3,4357";"3,4364";"3,4303";"3,4340";"3,43455005";"3,44380784"
"";"28.10.2025 19:26:00";"NO SIGNAL";"3,4340";"3,4384";"3,4328";"3,4343";"3,43462491";"3,4412694"
"";"28.10.2025 19:27:00";"NO SIGNAL";"3,4344";"3,4375";"3,4324";"3,4324";"3,43405008";"3,43898463"
"";"28.10.2025 19:28:00";"NO SIGNAL";"3,4322";"3,4325";"3,4261";"3,4324";"3,43327498";"3,43716145"
"";"28.10.2025 19:29:00";"NO SIGNAL";"3,4322";"3,4367";"3,4286";"3,4286";"3,43192482";"3,43542314"
"";"28.10.2025 19:30:00";"NO SIGNAL";"3,4284";"3,4284";"3,4172";"3,4242";"3,42939997";"3,43396926"
"";"28.10.2025 19:31:00";"NO SIGNAL";"3,4241";"3,4387";"3,4199";"3,4387";"3,43097496";"3,43360734"
"";"28.10.2025 19:32:00";"NO SIGNAL";"3,4386";"3,4403";"3,4348";"3,4375";"3,43225002";"3,43341517"
"156";"28.10.2025 19:33:00";"BUY";"3,4375";"3,4408";"3,4350";"3,4387";"3,43477488";"3,43375421"
"";"28.10.2025 19:34:00";"NO SIGNAL";"3,4386";"3,4421";"3,4384";"3,4409";"3,43895006";"3,43429995"
"";"28.10.2025 19:35:00";"NO SIGNAL";"3,4409";"3,4479";"3,4406";"3,4464";"3,44087505";"3,4352541"
"";"28.10.2025 19:36:00";"NO SIGNAL";"3,4464";"3,4478";"3,4413";"3,4427";"3,44217491";"3,43586922"
"";"28.10.2025 19:37:00";"NO SIGNAL";"3,4427";"3,4474";"3,4427";"3,4462";"3,44404984";"3,43669248"
"";"28.10.2025 19:38:00";"NO SIGNAL";"3,4461";"3,4466";"3,4439";"3,4444";"3,44492483";"3,43749213"
"";"28.10.2025 19:39:00";"NO SIGNAL";"3,4444";"3,4466";"3,4420";"3,4420";"3,44382477";"3,4380846"
"";"28.10.2025 19:40:00";"NO SIGNAL";"3,4419";"3,4419";"3,4369";"3,4375";"3,44252491";"3,43847728"
"";"28.10.2025 19:41:00";"NO SIGNAL";"3,4374";"3,4374";"3,4322";"3,4347";"3,43964982";"3,43865418"
"157";"28.10.2025 19:42:00";"SELL";"3,4347";"3,4368";"3,4312";"3,4354";"3,43739986";"3,43917751"
"";"28.10.2025 19:43:00";"NO SIGNAL";"3,4355";"3,4363";"3,4335";"3,4362";"3,43595004";"3,44010019"
"";"28.10.2025 19:44:00";"NO SIGNAL";"3,4362";"3,4368";"3,4320";"3,4358";"3,43552494";"3,43987703"
"";"28.10.2025 19:45:00";"NO SIGNAL";"3,4357";"3,4386";"3,4304";"3,4304";"3,43444991";"3,43933082"
"";"28.10.2025 19:46:00";"NO SIGNAL";"3,4303";"3,4303";"3,4259";"3,4287";"3,43277502";"3,43856144"
"";"28.10.2025 19:47:00";"NO SIGNAL";"3,4287";"3,4290";"3,4261";"3,4267";"3,43039989";"3,43746924"
"";"28.10.2025 19:48:00";"NO SIGNAL";"3,4266";"3,4320";"3,4257";"3,4273";"3,42827487";"3,43600011"
"";"28.10.2025 19:49:00";"NO SIGNAL";"3,4273";"3,4305";"3,4150";"3,4150";"3,42442513";"3,4338696"
"";"28.10.2025 19:50:00";"NO SIGNAL";"3,4150";"3,4158";"3,4054";"3,4094";"3,41960001";"3,43103862"
"";"28.10.2025 19:51:00";"NO SIGNAL";"3,4095";"3,4177";"3,4087";"3,4177";"3,41734982";"3,42898488"
"";"28.10.2025 19:52:00";"NO SIGNAL";"3,4171";"3,4222";"3,4171";"3,4201";"3,41554999";"3,42730021"
"";"28.10.2025 19:53:00";"NO SIGNAL";"3,4202";"3,4236";"3,4186";"3,4215";"3,41717505";"3,42606902"
"";"28.10.2025 19:54:00";"NO SIGNAL";"3,4215";"3,4237";"3,4213";"3,4232";"3,42062497";"3,42518449"
"";"28.10.2025 19:55:00";"NO SIGNAL";"3,4233";"3,4242";"3,4185";"3,4230";"3,4219501";"3,42423081"
"";"28.10.2025 19:56:00";"NO SIGNAL";"3,4230";"3,4230";"3,4137";"3,4139";"3,4203999";"3,42251539"
"";"28.10.2025 19:57:00";"NO SIGNAL";"3,4138";"3,4145";"3,4099";"3,4130";"3,41827488";"3,42076159"
"";"28.10.2025 19:58:00";"NO SIGNAL";"3,4130";"3,4158";"3,4093";"3,4145";"3,41610003";"3,4195385"
"";"28.10.2025 19:59:00";"NO SIGNAL";"3,4148";"3,4205";"3,4139";"3,4195";"3,41522503";"3,41883111"
"";"28.10.2025 20:00:00";"NO SIGNAL";"3,4191";"3,4191";"3,4150";"3,4151";"3,4155252";"3,41793871"
"";"28.10.2025 20:01:00";"NO SIGNAL";"3,4150";"3,4176";"3,4106";"3,4168";"3,41647506";"3,41713119"
"";"28.10.2025 20:02:00";"NO SIGNAL";"3,4169";"3,4180";"3,4138";"3,4160";"3,41685009";"3,41720819"
"";"28.10.2025 20:03:00";"NO SIGNAL";"3,4160";"3,4160";"3,4120";"3,4147";"3,41564989";"3,41761589"
"";"28.10.2025 20:04:00";"NO SIGNAL";"3,4146";"3,4147";"3,4069";"3,4115";"3,4147501";"3,41713881"
"";"28.10.2025 20:05:00";"NO SIGNAL";"3,4112";"3,4115";"3,3924";"3,4079";"3,41252518";"3,41619992"
"";"28.10.2025 20:06:00";"NO SIGNAL";"3,4078";"3,4078";"3,3720";"3,3737";"3,40194988";"3,41252303"
"";"28.10.2025 20:07:00";"NO SIGNAL";"3,3735";"3,3823";"3,3651";"3,3808";"3,39347506";"3,40926147"
"";"28.10.2025 20:08:00";"NO SIGNAL";"3,3808";"3,3855";"3,3720";"3,3789";"3,38532495";"3,40586948"
"";"28.10.2025 20:09:00";"NO SIGNAL";"3,3788";"3,3838";"3,3731";"3,3838";"3,37930012";"3,40355396"
"";"28.10.2025 20:10:00";"NO SIGNAL";"3,3838";"3,3886";"3,3802";"3,3817";"3,38129997";"3,40114641"
"";"28.10.2025 20:11:00";"NO SIGNAL";"3,3818";"3,3859";"3,3768";"3,3819";"3,38157511";"3,39863873"
"";"28.10.2025 20:12:00";"NO SIGNAL";"3,3822";"3,3822";"3,3632";"3,3665";"3,37847519";"3,39456201"
"";"28.10.2025 20:13:00";"NO SIGNAL";"3,3668";"3,3755";"3,3572";"3,3740";"3,3760252";"3,39140034"
"";"28.10.2025 20:14:00";"NO SIGNAL";"3,3743";"3,3799";"3,3678";"3,3700";"3,37310004";"3,38780022"
"";"28.10.2025 20:15:00";"NO SIGNAL";"3,3700";"3,3759";"3,3657";"3,3744";"3,37122512";"3,38460016"
"";"28.10.2025 20:16:00";"NO SIGNAL";"3,3744";"3,3802";"3,3720";"3,3738";"3,37305021";"3,38145399"
"";"28.10.2025 20:17:00";"NO SIGNAL";"3,3736";"3,3838";"3,3732";"3,3763";"3,37362504";"3,37874651"
"";"28.10.2025 20:18:00";"NO SIGNAL";"3,3764";"3,3801";"3,3646";"3,3646";"3,37227511";"3,37541533"
"";"28.10.2025 20:19:00";"NO SIGNAL";"3,3646";"3,3646";"3,3189";"3,3435";"3,36455011";"3,37309217"
"";"28.10.2025 20:20:00";"NO SIGNAL";"3,3436";"3,3528";"3,3255";"3,3342";"3,35465002";"3,36950779"
"";"28.10.2025 20:21:00";"NO SIGNAL";"3,3342";"3,3420";"3,3296";"3,3404";"3,34567499";"3,36654639"
"";"28.10.2025 20:22:00";"NO SIGNAL";"3,3405";"3,3490";"3,3398";"3,3458";"3,34097505";"3,36362314"
"";"28.10.2025 20:23:00";"NO SIGNAL";"3,3454";"3,3540";"3,3451";"3,3515";"3,3429749";"3,36129999"
"";"28.10.2025 20:24:00";"NO SIGNAL";"3,3515";"3,3525";"3,3449";"3,3462";"3,34597492";"3,35855412"
"";"28.10.2025 20:25:00";"NO SIGNAL";"3,3468";"3,3511";"3,3372";"3,3507";"3,34854984";"3,35733867"
"";"28.10.2025 20:26:00";"NO SIGNAL";"3,3498";"3,3531";"3,3460";"3,3462";"3,34864998";"3,35520005"
"";"28.10.2025 20:27:00";"NO SIGNAL";"3,3462";"3,3472";"3,3384";"3,3401";"3,34580016";"3,35290051"
"";"28.10.2025 20:28:00";"NO SIGNAL";"3,3398";"3,3433";"3,3342";"3,3374";"3,3435998";"3,35005403"
"";"28.10.2025 20:29:00";"NO SIGNAL";"3,3372";"3,3466";"3,3349";"3,3364";"3,34002495";"3,34717727"
"";"28.10.2025 20:30:00";"NO SIGNAL";"3,3367";"3,3478";"3,3337";"3,3478";"3,34042525";"3,34498501"
"";"28.10.2025 20:31:00";"NO SIGNAL";"3,3475";"3,3475";"3,3384";"3,3399";"3,34037495";"3,34308457"
"";"28.10.2025 20:32:00";"NO SIGNAL";"3,3394";"3,3406";"3,3326";"3,3405";"3,34115005";"3,34285402"
"";"28.10.2025 20:33:00";"NO SIGNAL";"3,3401";"3,3401";"3,3263";"3,3365";"3,34117508";"3,34303093"
"";"28.10.2025 20:34:00";"NO SIGNAL";"3,3364";"3,3485";"3,3355";"3,3480";"3,34122491";"3,34361553"
"";"28.10.2025 20:35:00";"NO SIGNAL";"3,3480";"3,3498";"3,3445";"3,3455";"3,3426249";"3,34359264"
"";"28.10.2025 20:36:00";"NO SIGNAL";"3,3456";"3,3460";"3,3399";"3,3405";"3,34262514";"3,34274626"
"158";"28.10.2025 20:37:00";"BUY";"3,3405";"3,3445";"3,3376";"3,3394";"3,34334993";"3,34222317"
"159";"28.10.2025 20:38:00";"SELL";"3,3393";"3,3403";"3,3338";"3,3391";"3,34112501";"3,34133077"
"160";"28.10.2025 20:39:00";"BUY";"3,3391";"3,3735";"3,3391";"3,3715";"3,34762502";"3,34327674"
"";"28.10.2025 20:40:00";"NO SIGNAL";"3,3714";"3,3714";"3,3532";"3,3537";"3,35092497";"3,34432292"
"";"28.10.2025 20:41:00";"NO SIGNAL";"3,3536";"3,3602";"3,3534";"3,3595";"3,35594988";"3,34602332"
"";"28.10.2025 20:42:00";"NO SIGNAL";"3,3598";"3,3612";"3,3549";"3,3581";"3,36069989";"3,34769225"
"";"28.10.2025 20:43:00";"NO SIGNAL";"3,3579";"3,3659";"3,3560";"3,3638";"3,3587749";"3,34892297"
"";"28.10.2025 20:44:00";"NO SIGNAL";"3,3638";"3,3663";"3,3595";"3,3595";"3,36022496";"3,35043049"
"";"28.10.2025 20:45:00";"NO SIGNAL";"3,3594";"3,3594";"3,3505";"3,3528";"3,35854983";"3,35137677"
"";"28.10.2025 20:46:00";"NO SIGNAL";"3,3529";"3,3530";"3,3471";"3,3500";"3,35652494";"3,35241556"
"";"28.10.2025 20:47:00";"NO SIGNAL";"3,3500";"3,3529";"3,3478";"3,3495";"3,35294986";"3,35253119"
"161";"28.10.2025 20:48:00";"SELL";"3,3496";"3,3518";"3,3478";"3,3506";"3,35072517";"3,35292363"
"";"28.10.2025 20:49:00";"NO SIGNAL";"3,3506";"3,3560";"3,3501";"3,3510";"3,35027504";"3,35373092"
"";"28.10.2025 20:50:00";"NO SIGNAL";"3,3512";"3,3543";"3,3461";"3,3467";"3,34944987";"3,35429239"
"";"28.10.2025 20:51:00";"NO SIGNAL";"3,3466";"3,3466";"3,3371";"3,3375";"3,34645009";"3,35416961"
"";"28.10.2025 20:52:00";"NO SIGNAL";"3,3379";"3,3465";"3,3339";"3,3443";"3,34487486";"3,35207701"
"";"28.10.2025 20:53:00";"NO SIGNAL";"3,3443";"3,3503";"3,3432";"3,3493";"3,34444976";"3,35173869"
"";"28.10.2025 20:54:00";"NO SIGNAL";"3,3494";"3,3581";"3,3466";"3,3576";"3,34717512";"3,35159254"
"";"28.10.2025 20:55:00";"NO SIGNAL";"3,3574";"3,3582";"3,3533";"3,3534";"3,35115004";"3,35123086"
"162";"28.10.2025 20:56:00";"BUY";"3,3535";"3,3543";"3,3498";"3,3512";"3,35287523";"3,35026145"
"";"28.10.2025 20:57:00";"NO SIGNAL";"3,3512";"3,3516";"3,3485";"3,3495";"3,35292506";"3,34949207"
"";"28.10.2025 20:58:00";"NO SIGNAL";"3,3495";"3,3507";"3,3474";"3,3498";"3,35097504";"3,34926152"
"163";"28.10.2025 20:59:00";"SELL";"3,3500";"3,3509";"3,3446";"3,3447";"3,34879994";"3,34885383"
"";"28.10.2025 21:00:00";"NO SIGNAL";"3,3448";"3,3469";"3,3385";"3,3463";"3,34757495";"3,34860802"
"";"28.10.2025 21:01:00";"NO SIGNAL";"3,3463";"3,3484";"3,3369";"3,3393";"3,34502506";"3,34773874"
"";"28.10.2025 21:02:00";"NO SIGNAL";"3,3389";"3,3400";"3,3337";"3,3361";"3,34159994";"3,34659243"
"";"28.10.2025 21:03:00";"NO SIGNAL";"3,3361";"3,3399";"3,3342";"3,3388";"3,34012508";"3,34598494"
"";"28.10.2025 21:04:00";"NO SIGNAL";"3,3386";"3,3427";"3,3355";"3,3403";"3,33862495";"3,34620023"
"";"28.10.2025 21:05:00";"NO SIGNAL";"3,3404";"3,3471";"3,3374";"3,3428";"3,33949995";"3,34608507"
"";"28.10.2025 21:06:00";"NO SIGNAL";"3,3429";"3,3435";"3,3362";"3,3368";"3,33967495";"3,34512353"
"";"28.10.2025 21:07:00";"NO SIGNAL";"3,3368";"3,3375";"3,2995";"3,3115";"3,33284998";"3,34157681"
"";"28.10.2025 21:08:00";"NO SIGNAL";"3,3110";"3,3247";"3,3072";"3,3194";"3,32762527";"3,33896184"
"";"28.10.2025 21:09:00";"NO SIGNAL";"3,3195";"3,3225";"3,3135";"3,3172";"3,32122517";"3,33634615"
"";"28.10.2025 21:10:00";"NO SIGNAL";"3,3171";"3,3181";"3,3103";"3,3163";"3,31610012";"3,33379221"
"";"28.10.2025 21:11:00";"NO SIGNAL";"3,3160";"3,3245";"3,3104";"3,3234";"3,31907487";"3,33176136"
"";"28.10.2025 21:12:00";"NO SIGNAL";"3,3233";"3,3315";"3,3207";"3,3283";"3,32130003";"3,33049989"
"";"28.10.2025 21:13:00";"NO SIGNAL";"3,3284";"3,3298";"3,3258";"3,3278";"3,32394981";"3,32907701"
"";"28.10.2025 21:14:00";"NO SIGNAL";"3,3277";"3,3327";"3,3276";"3,3288";"3,327075";"3,32826948"
"164";"28.10.2025 21:15:00";"BUY";"3,3288";"3,3329";"3,3257";"3,3266";"3,32787514";"3,32753873"
"";"28.10.2025 21:16:00";"NO SIGNAL";"3,3266";"3,3266";"3,3216";"3,3242";"3,32684994";"3,32641554"
"";"28.10.2025 21:17:00";"NO SIGNAL";"3,3240";"3,3363";"3,3221";"3,3352";"3,32870007";"3,32602334"
"";"28.10.2025 21:18:00";"NO SIGNAL";"3,3350";"3,3364";"3,3300";"3,3308";"3,32920003";"3,32510042"
"";"28.10.2025 21:19:00";"NO SIGNAL";"3,3306";"3,3314";"3,3240";"3,3245";"3,32867503";"3,32415438"
"";"28.10.2025 21:20:00";"NO SIGNAL";"3,3246";"3,3248";"3,3203";"3,3237";"3,3285501";"3,32509255"
"";"28.10.2025 21:21:00";"NO SIGNAL";"3,3239";"3,3268";"3,3225";"3,3243";"3,32582498";"3,32546926"
"165";"28.10.2025 21:22:00";"SELL";"3,3243";"3,3278";"3,3215";"3,3267";"3,32480001";"3,32620025"
"";"28.10.2025 21:23:00";"NO SIGNAL";"3,3266";"3,3266";"3,3216";"3,3228";"3,32437491";"3,32670021"
"";"28.10.2025 21:24:00";"NO SIGNAL";"3,3227";"3,3255";"3,3209";"3,3221";"3,32397485";"3,32660007"
"";"28.10.2025 21:25:00";"NO SIGNAL";"3,3220";"3,3244";"3,3203";"3,3225";"3,32352495";"3,32615399"
"";"28.10.2025 21:26:00";"NO SIGNAL";"3,3228";"3,3259";"3,3226";"3,3240";"3,32284975";"3,32586145"
"";"28.10.2025 21:27:00";"NO SIGNAL";"3,3242";"3,3303";"3,3242";"3,3268";"3,32384992";"3,32570767"
"";"28.10.2025 21:28:00";"NO SIGNAL";"3,3269";"3,3278";"3,3225";"3,3225";"3,32395005";"3,32539272"
"";"28.10.2025 21:29:00";"NO SIGNAL";"3,3224";"3,3227";"3,3162";"3,3184";"3,32292509";"3,32494664"
"";"28.10.2025 21:30:00";"NO SIGNAL";"3,3184";"3,3222";"3,3164";"3,3222";"3,32247519";"3,32394624"
"";"28.10.2025 21:31:00";"NO SIGNAL";"3,3223";"3,3233";"3,3188";"3,3230";"3,3215251";"3,32334614"
"166";"28.10.2025 21:32:00";"BUY";"3,3232";"3,3325";"3,3232";"3,3325";"3,32402515";"3,3239615"
"";"28.10.2025 21:33:00";"NO SIGNAL";"3,3323";"3,3356";"3,3319";"3,3356";"3,32832503";"3,32487679"
"";"28.10.2025 21:34:00";"NO SIGNAL";"3,3356";"3,3443";"3,3355";"3,3440";"3,33377504";"3,32639241"
"";"28.10.2025 21:35:00";"NO SIGNAL";"3,3441";"3,3441";"3,3377";"3,3378";"3,33747482";"3,32724619"
"";"28.10.2025 21:36:00";"NO SIGNAL";"3,3378";"3,3379";"3,3318";"3,3318";"3,33730006";"3,3279388"
"";"28.10.2025 21:37:00";"NO SIGNAL";"3,3316";"3,3337";"3,3292";"3,3328";"3,33659983";"3,32876158"
"";"28.10.2025 21:38:00";"NO SIGNAL";"3,3328";"3,3389";"3,3315";"3,3388";"3,33529997";"3,33001566"
"";"28.10.2025 21:39:00";"NO SIGNAL";"3,3389";"3,3414";"3,3384";"3,3389";"3,3355751";"3,33116174"
"";"28.10.2025 21:40:00";"NO SIGNAL";"3,3388";"3,3418";"3,3375";"3,3417";"3,33804989";"3,33230805"
"";"28.10.2025 21:41:00";"NO SIGNAL";"3,3418";"3,3453";"3,3408";"3,3445";"3,34097528";"3,33400035"
"";"28.10.2025 21:42:00";"NO SIGNAL";"3,3447";"3,3476";"3,3438";"3,3445";"3,34240007";"3,33600783"
"";"28.10.2025 21:43:00";"NO SIGNAL";"3,3445";"3,3494";"3,3443";"3,3490";"3,34492493";"3,33806968"
"";"28.10.2025 21:44:00";"NO SIGNAL";"3,3487";"3,3487";"3,3473";"3,3481";"3,34652472";"3,34000039"
"";"28.10.2025 21:45:00";"NO SIGNAL";"3,3482";"3,3492";"3,3481";"3,3488";"3,34759998";"3,34125423"
"";"28.10.2025 21:46:00";"NO SIGNAL";"3,3488";"3,3538";"3,3487";"3,3538";"3,34992504";"3,34265375"
"";"28.10.2025 21:47:00";"NO SIGNAL";"3,3538";"3,3557";"3,3537";"3,3557";"3,35159993";"3,34355378"
"";"28.10.2025 21:48:00";"NO SIGNAL";"3,3557";"3,3561";"3,3528";"3,3528";"3,35277486";"3,34470773"
"";"28.10.2025 21:49:00";"NO SIGNAL";"3,3528";"3,3528";"3,3491";"3,3498";"3,35302496";"3,34609246"
"";"28.10.2025 21:50:00";"NO SIGNAL";"3,3497";"3,3497";"3,3426";"3,3428";"3,35027504";"3,34686184"
"167";"28.10.2025 21:51:00";"SELL";"3,3427";"3,3434";"3,3405";"3,3407";"3,34652519";"3,34700847"
"";"28.10.2025 21:52:00";"NO SIGNAL";"3,3408";"3,3408";"3,3371";"3,3371";"3,34260011";"3,34686971"
"";"28.10.2025 21:53:00";"NO SIGNAL";"3,3370";"3,3370";"3,3351";"3,3351";"3,33892512";"3,34636211"
"";"28.10.2025 21:54:00";"NO SIGNAL";"3,3351";"3,3351";"3,3323";"3,3329";"3,3364501";"3,34546947"
"";"28.10.2025 21:55:00";"NO SIGNAL";"3,3330";"3,3367";"3,3328";"3,3367";"3,33544993";"3,34486938"
"";"28.10.2025 21:56:00";"NO SIGNAL";"3,3368";"3,3448";"3,3367";"3,3432";"3,3369751";"3,34442353"
"";"28.10.2025 21:57:00";"NO SIGNAL";"3,3430";"3,3430";"3,3336";"3,3336";"3,33660007";"3,34330821"
"";"28.10.2025 21:58:00";"NO SIGNAL";"3,3336";"3,3345";"3,3306";"3,3312";"3,33617496";"3,34195423"
"";"28.10.2025 21:59:00";"NO SIGNAL";"3,3312";"3,3326";"3,3289";"3,3309";"3,3347249";"3,34019208"
"";"28.10.2025 22:00:00";"NO SIGNAL";"3,3309";"3,3309";"3,3242";"3,3244";"3,33002496";"3,33778453"
"";"28.10.2025 22:01:00";"NO SIGNAL";"3,3243";"3,3284";"3,3228";"3,3276";"3,32852483";"3,33584619"
"";"28.10.2025 22:02:00";"NO SIGNAL";"3,3275";"3,3374";"3,3266";"3,3350";"3,32947493";"3,33470774"
"";"28.10.2025 22:03:00";"NO SIGNAL";"3,3350";"3,3384";"3,3340";"3,3384";"3,33134985";"3,33436918"
"";"28.10.2025 22:04:00";"NO SIGNAL";"3,3385";"3,3385";"3,3311";"3,3320";"3,33325005";"3,33370018"
"";"28.10.2025 22:05:00";"NO SIGNAL";"3,3316";"3,3318";"3,3237";"3,3256";"3,33275008";"3,33281541"
"";"28.10.2025 22:06:00";"NO SIGNAL";"3,3256";"3,3272";"3,3243";"3,3245";"3,33012486";"3,33200026"
"";"28.10.2025 22:07:00";"NO SIGNAL";"3,3248";"3,3306";"3,3248";"3,3301";"3,3280499";"3,33178496"
"";"28.10.2025 22:08:00";"NO SIGNAL";"3,3300";"3,3321";"3,3283";"3,3308";"3,32774997";"3,33133054"
"";"28.10.2025 22:09:00";"NO SIGNAL";"3,3308";"3,3308";"3,3231";"3,3259";"3,32782507";"3,32999992"
"";"28.10.2025 22:10:00";"NO SIGNAL";"3,3259";"3,3262";"3,3222";"3,3231";"3,32747507";"3,3291924"
"";"28.10.2025 22:11:00";"NO SIGNAL";"3,3231";"3,3290";"3,3231";"3,3288";"3,32715011";"3,32900739"
"";"28.10.2025 22:12:00";"NO SIGNAL";"3,3289";"3,3322";"3,3289";"3,3313";"3,32727504";"3,32903886"
"";"28.10.2025 22:13:00";"NO SIGNAL";"3,3314";"3,3334";"3,3285";"3,3334";"3,32914996";"3,32973075"
"168";"28.10.2025 22:14:00";"BUY";"3,3335";"3,3335";"3,3289";"3,3305";"3,33100009";"3,32995391"
"";"28.10.2025 22:15:00";"NO SIGNAL";"3,3305";"3,3325";"3,3283";"3,3295";"3,33117485";"3,32953119"
"";"28.10.2025 22:16:00";"NO SIGNAL";"3,3295";"3,3323";"3,3283";"3,3317";"3,33127499";"3,32901573"
"";"28.10.2025 22:17:00";"NO SIGNAL";"3,3318";"3,3358";"3,3305";"3,3356";"3,33182502";"3,32929277"
"";"28.10.2025 22:18:00";"NO SIGNAL";"3,3357";"3,3412";"3,3353";"3,3392";"3,33400011";"3,33033872"
"";"28.10.2025 22:19:00";"NO SIGNAL";"3,3392";"3,3392";"3,3363";"3,3386";"3,3362751";"3,33142328"
"";"28.10.2025 22:20:00";"NO SIGNAL";"3,3386";"3,3388";"3,3366";"3,3369";"3,33757496";"3,33194637"
"";"28.10.2025 22:21:00";"NO SIGNAL";"3,3370";"3,3399";"3,3370";"3,3383";"3,33824992";"3,33252311"
"";"28.10.2025 22:22:00";"NO SIGNAL";"3,3383";"3,3427";"3,3382";"3,3426";"3,33910012";"3,33380795"
"";"28.10.2025 22:23:00";"NO SIGNAL";"3,3425";"3,3441";"3,3425";"3,3440";"3,34045005";"3,3354156"
"";"28.10.2025 22:24:00";"NO SIGNAL";"3,3440";"3,3455";"3,3426";"3,3455";"3,34259987";"3,3367002"
"";"28.10.2025 22:25:00";"NO SIGNAL";"3,3454";"3,3480";"3,3446";"3,3462";"3,34457493";"3,33784652"
"";"28.10.2025 22:26:00";"NO SIGNAL";"3,3461";"3,3461";"3,3403";"3,3419";"3,34439993";"3,33850002"
"";"28.10.2025 22:27:00";"NO SIGNAL";"3,3420";"3,3426";"3,3406";"3,3426";"3,34405017";"3,33943105"
"";"28.10.2025 22:28:00";"NO SIGNAL";"3,3427";"3,3457";"3,3422";"3,3454";"3,34402514";"3,34065413"
"";"28.10.2025 22:29:00";"NO SIGNAL";"3,3454";"3,3509";"3,3454";"3,3497";"3,34489989";"3,34203887"
"";"28.10.2025 22:30:00";"NO SIGNAL";"3,3497";"3,3522";"3,3490";"3,3517";"3,34734988";"3,34327674"
"";"28.10.2025 22:31:00";"NO SIGNAL";"3,3517";"3,3518";"3,3483";"3,3515";"3,34957504";"3,34422326"
"";"28.10.2025 22:32:00";"NO SIGNAL";"3,3514";"3,3525";"3,3499";"3,3515";"3,35109997";"3,34521556"
"";"28.10.2025 22:33:00";"NO SIGNAL";"3,3515";"3,3515";"3,3494";"3,3509";"3,3513999";"3,3462925"
"";"28.10.2025 22:34:00";"NO SIGNAL";"3,3509";"3,3544";"3,3507";"3,3542";"3,35202503";"3,34751582"
"";"28.10.2025 22:35:00";"NO SIGNAL";"3,3542";"3,3542";"3,3500";"3,3500";"3,35164976";"3,34808469"
"";"28.10.2025 22:36:00";"NO SIGNAL";"3,3500";"3,3500";"3,3465";"3,3465";"3,35039973";"3,34827709"
"";"28.10.2025 22:37:00";"NO SIGNAL";"3,3466";"3,3490";"3,3465";"3,3476";"3,34957504";"3,34843874"
"169";"28.10.2025 22:38:00";"SELL";"3,3475";"3,3479";"3,3451";"3,3454";"3,34737492";"3,34837747"
"";"28.10.2025 22:39:00";"NO SIGNAL";"3,3454";"3,3460";"3,3442";"3,3444";"3,34597492";"3,34856987"
"";"28.10.2025 22:40:00";"NO SIGNAL";"3,3443";"3,3487";"3,3438";"3,3466";"3,34599996";"3,34887743"
"";"28.10.2025 22:41:00";"NO SIGNAL";"3,3466";"3,3466";"3,3437";"3,3459";"3,34557486";"3,34891582"
"";"28.10.2025 22:42:00";"NO SIGNAL";"3,3459";"3,3537";"3,3454";"3,3528";"3,34742498";"3,349154"
"170";"28.10.2025 22:43:00";"BUY";"3,3528";"3,3566";"3,3525";"3,3546";"3,34997511";"3,34937739"
"";"28.10.2025 22:44:00";"NO SIGNAL";"3,3542";"3,3543";"3,3510";"3,3510";"3,3510747";"3,34933829"
"";"28.10.2025 22:45:00";"NO SIGNAL";"3,3510";"3,3511";"3,3494";"3,3508";"3,35230017";"3,34928441"
"";"28.10.2025 22:46:00";"NO SIGNAL";"3,3508";"3,3526";"3,3460";"3,3488";"3,3513";"3,349123"
"";"28.10.2025 22:47:00";"NO SIGNAL";"3,3489";"3,3520";"3,3489";"3,3517";"3,35057497";"3,34893084"
"";"28.10.2025 22:48:00";"NO SIGNAL";"3,3517";"3,3573";"3,3514";"3,3561";"3,35185003";"3,34940004"
"";"28.10.2025 22:49:00";"NO SIGNAL";"3,3561";"3,3596";"3,3561";"3,3581";"3,35367489";"3,35029244"
"";"28.10.2025 22:50:00";"NO SIGNAL";"3,3581";"3,3581";"3,3528";"3,3532";"3,35477495";"3,35072303"
"";"28.10.2025 22:51:00";"NO SIGNAL";"3,3532";"3,3552";"3,3525";"3,3529";"3,35507488";"3,3513"
"";"28.10.2025 22:52:00";"NO SIGNAL";"3,3529";"3,3550";"3,3528";"3,3532";"3,35434985";"3,35197687"
"";"28.10.2025 22:53:00";"NO SIGNAL";"3,3531";"3,3556";"3,3525";"3,3551";"3,35359979";"3,35263085"
"";"28.10.2025 22:54:00";"NO SIGNAL";"3,3551";"3,3567";"3,3543";"3,3559";"3,35427475";"3,35340023"
"";"28.10.2025 22:55:00";"NO SIGNAL";"3,3559";"3,3570";"3,3542";"3,3570";"3,35529995";"3,35372329"
"";"28.10.2025 22:56:00";"NO SIGNAL";"3,3570";"3,3575";"3,3553";"3,3553";"3,35582495";"3,35377741"
"";"28.10.2025 22:57:00";"NO SIGNAL";"3,3553";"3,3557";"3,3545";"3,3548";"3,35575008";"3,35406971"
"";"28.10.2025 22:58:00";"NO SIGNAL";"3,3550";"3,3555";"3,3542";"3,3546";"3,35542512";"3,35436201"
"";"28.10.2025 22:59:00";"NO SIGNAL";"3,3545";"3,3567";"3,3545";"3,3549";"3,35489988";"3,35483098"
"171";"28.10.2025 23:00:00";"SELL";"3,3548";"3,3571";"3,3525";"3,3531";"3,35435009";"3,35493898"
"";"28.10.2025 23:01:00";"NO SIGNAL";"3,3530";"3,3546";"3,3522";"3,3546";"3,35429978";"3,35482335"
"";"28.10.2025 23:02:00";"NO SIGNAL";"3,3547";"3,3553";"3,3520";"3,3529";"3,35387516";"3,35442305"
"";"28.10.2025 23:03:00";"NO SIGNAL";"3,3530";"3,3560";"3,3530";"3,3549";"3,35387492";"3,35455394"
"";"28.10.2025 23:04:00";"NO SIGNAL";"3,3548";"3,3556";"3,3537";"3,3556";"3,35450006";"3,35476136"
"";"28.10.2025 23:05:00";"NO SIGNAL";"3,3556";"3,3565";"3,3540";"3,3565";"3,35497475";"3,35501504"
"172";"28.10.2025 23:06:00";"BUY";"3,3564";"3,3564";"3,3538";"3,3555";"3,35562515";"3,35504627"
"";"28.10.2025 23:07:00";"NO SIGNAL";"3,3555";"3,3583";"3,3547";"3,3583";"3,35647511";"3,35523081"
"";"28.10.2025 23:08:00";"NO SIGNAL";"3,3584";"3,3585";"3,3555";"3,3555";"3,35644984";"3,35511565"
"";"28.10.2025 23:09:00";"NO SIGNAL";"3,3556";"3,3583";"3,3556";"3,3583";"3,35689998";"3,3553462"
"";"28.10.2025 23:10:00";"NO SIGNAL";"3,3583";"3,3586";"3,3543";"3,3543";"3,35660005";"3,35530782"
"";"28.10.2025 23:11:00";"NO SIGNAL";"3,3542";"3,3542";"3,3527";"3,3538";"3,35547519";"3,35524654"
"";"28.10.2025 23:12:00";"NO SIGNAL";"3,3537";"3,3552";"3,3531";"3,3552";"3,35540009";"3,35526943"
"173";"28.10.2025 23:13:00";"SELL";"3,3553";"3,3564";"3,3547";"3,3551";"3,35459995";"3,35542321"
"";"28.10.2025 23:14:00";"NO SIGNAL";"3,3552";"3,3562";"3,3531";"3,3537";"3,35444999";"3,35535383"
"";"28.10.2025 23:15:00";"NO SIGNAL";"3,3538";"3,3548";"3,3532";"3,3548";"3,35469985";"3,35549974"
"";"28.10.2025 23:16:00";"NO SIGNAL";"3,3547";"3,3578";"3,3538";"3,3574";"3,35524988";"3,35569191"
"174";"28.10.2025 23:17:00";"BUY";"3,3574";"3,3609";"3,3570";"3,3608";"3,35667491";"3,35609221"
"";"28.10.2025 23:18:00";"NO SIGNAL";"3,3608";"3,3608";"3,3571";"3,3575";"3,35762501";"3,35616922"
"";"28.10.2025 23:19:00";"NO SIGNAL";"3,3576";"3,3576";"3,3488";"3,3490";"3,35617495";"3,35566926"
"175";"28.10.2025 23:20:00";"SELL";"3,3490";"3,3490";"3,3460";"3,3479";"3,35379982";"3,35486937"
"";"28.10.2025 23:21:00";"NO SIGNAL";"3,3478";"3,3478";"3,3436";"3,3457";"3,35002494";"3,35411572"
"";"28.10.2025 23:22:00";"NO SIGNAL";"3,3457";"3,3471";"3,3456";"3,3457";"3,34707499";"3,35314655"
"";"28.10.2025 23:23:00";"NO SIGNAL";"3,3456";"3,3504";"3,3456";"3,3496";"3,34722519";"3,35278487"
"";"28.10.2025 23:24:00";"NO SIGNAL";"3,3496";"3,3504";"3,3484";"3,3504";"3,34785008";"3,35252309"
"";"28.10.2025 23:25:00";"NO SIGNAL";"3,3504";"3,3523";"3,3500";"3,3500";"3,34892511";"3,35212302"
"";"28.10.2025 23:26:00";"NO SIGNAL";"3,3499";"3,3499";"3,3479";"3,3491";"3,34977484";"3,35166144"
"";"28.10.2025 23:27:00";"NO SIGNAL";"3,3490";"3,3490";"3,3476";"3,3482";"3,34942508";"3,35123897"
"";"28.10.2025 23:28:00";"NO SIGNAL";"3,3483";"3,3501";"3,3476";"3,3496";"3,34922504";"3,35083842"
"";"28.10.2025 23:29:00";"NO SIGNAL";"3,3495";"3,3512";"3,3495";"3,3512";"3,34952497";"3,35036135"
"176";"28.10.2025 23:30:00";"BUY";"3,3512";"3,3523";"3,3503";"3,3506";"3,34990001";"3,34957719"
"";"28.10.2025 23:31:00";"NO SIGNAL";"3,3506";"3,3546";"3,3499";"3,3546";"3,35150003";"3,34935403"
"";"28.10.2025 23:32:00";"NO SIGNAL";"3,3546";"3,3585";"3,3544";"3,3548";"3,35280013";"3,34980035"
"";"28.10.2025 23:33:00";"NO SIGNAL";"3,3549";"3,3568";"3,3549";"3,3556";"3,35390019";"3,35039234"
"";"28.10.2025 23:34:00";"NO SIGNAL";"3,3555";"3,3566";"3,3533";"3,3551";"3,35502505";"3,35111547"
"";"28.10.2025 23:35:00";"NO SIGNAL";"3,3550";"3,3560";"3,3543";"3,3557";"3,35530019";"3,3518846"
"";"28.10.2025 23:36:00";"NO SIGNAL";"3,3558";"3,3579";"3,3547";"3,3576";"3,35599995";"3,3525002"
"";"28.10.2025 23:37:00";"NO SIGNAL";"3,3575";"3,3603";"3,3572";"3,3594";"3,35695004";"3,35319233"
"";"28.10.2025 23:38:00";"NO SIGNAL";"3,3594";"3,3594";"3,3569";"3,3578";"3,35762501";"3,35379267"
"";"28.10.2025 23:39:00";"NO SIGNAL";"3,3578";"3,3578";"3,3527";"3,3548";"3,35739994";"3,35423112"
"";"28.10.2025 23:40:00";"NO SIGNAL";"3,3547";"3,3576";"3,3542";"3,3569";"3,35722494";"3,35490012"
"";"28.10.2025 23:41:00";"NO SIGNAL";"3,3568";"3,3570";"3,3526";"3,3535";"3,35575008";"3,35520005"
"177";"28.10.2025 23:42:00";"SELL";"3,3535";"3,3574";"3,3531";"3,3549";"3,35502505";"3,35548472"
"";"28.10.2025 23:43:00";"NO SIGNAL";"3,3550";"3,3550";"3,3500";"3,3512";"3,35412502";"3,3555305"
"";"28.10.2025 23:44:00";"NO SIGNAL";"3,3511";"3,3528";"3,3500";"3,3528";"3,35309982";"3,35539198"
"";"28.10.2025 23:45:00";"NO SIGNAL";"3,3527";"3,3558";"3,3524";"3,3548";"3,35342503";"3,35539222"
"";"28.10.2025 23:46:00";"NO SIGNAL";"3,3548";"3,3551";"3,3520";"3,3532";"3,35300016";"3,35520792"
"";"28.10.2025 23:47:00";"NO SIGNAL";"3,3533";"3,3564";"3,3533";"3,3549";"3,35392475";"3,35519266"
"";"28.10.2025 23:48:00";"NO SIGNAL";"3,3549";"3,3567";"3,3546";"3,3567";"3,35490012";"3,35526967"
"";"28.10.2025 23:49:00";"NO SIGNAL";"3,3567";"3,3567";"3,3546";"3,3550";"3,35494995";"3,3550694"
"178";"28.10.2025 23:50:00";"BUY";"3,3549";"3,3553";"3,3537";"3,3548";"3,35535002";"3,35471559"
"";"28.10.2025 23:51:00";"NO SIGNAL";"3,3548";"3,3548";"3,3515";"3,3541";"3,35514998";"3,35443091"
"";"28.10.2025 23:52:00";"NO SIGNAL";"3,3542";"3,3556";"3,3539";"3,3556";"3,35487509";"3,35449243"
"";"28.10.2025 23:53:00";"NO SIGNAL";"3,3556";"3,3585";"3,3549";"3,3583";"3,35570002";"3,35459995"
"";"28.10.2025 23:54:00";"NO SIGNAL";"3,3583";"3,3592";"3,3579";"3,3586";"3,35665011";"3,35499239"
"";"28.10.2025 23:55:00";"NO SIGNAL";"3,3586";"3,3586";"3,3564";"3,3568";"3,35732508";"3,35513854"
"";"28.10.2025 23:56:00";"NO SIGNAL";"3,3568";"3,3579";"3,3553";"3,3559";"3,35739994";"3,35549998"
"";"28.10.2025 23:57:00";"NO SIGNAL";"3,3558";"3,3574";"3,3557";"3,3564";"3,35692501";"3,35577703"
"";"28.10.2025 23:58:00";"NO SIGNAL";"3,3564";"3,3564";"3,3519";"3,3540";"3,35577512";"3,35571527"
"179";"28.10.2025 23:59:00";"SELL";"3,3541";"3,3544";"3,3537";"3,3544";"3,35517502";"3,35580778"
"";"29.10.2025 00:00:00";"NO SIGNAL";"3,3544";"3,3573";"3,3503";"3,3503";"3,35377502";"3,35545421"
"";"29.10.2025 00:01:00";"NO SIGNAL";"3,3503";"3,3544";"3,3503";"3,3532";"3,35297489";"3,35518456"
"";"29.10.2025 00:02:00";"NO SIGNAL";"3,3533";"3,3574";"3,3490";"3,3510";"3,35222483";"3,354877"
"";"29.10.2025 00:03:00";"NO SIGNAL";"3,3512";"3,3520";"3,3492";"3,3515";"3,35150003";"3,35462284"
"";"29.10.2025 00:04:00";"NO SIGNAL";"3,3515";"3,3542";"3,3489";"3,3542";"3,35247493";"3,35463071"
"";"29.10.2025 00:05:00";"NO SIGNAL";"3,3542";"3,3556";"3,3527";"3,3534";"3,35252476";"3,35446143"
"";"29.10.2025 00:06:00";"NO SIGNAL";"3,3534";"3,3539";"3,3485";"3,3485";"3,3519001";"3,35370803"
"";"29.10.2025 00:07:00";"NO SIGNAL";"3,3486";"3,3527";"3,3486";"3,3527";"3,35220003";"3,35325408"
"";"29.10.2025 00:08:00";"NO SIGNAL";"3,3527";"3,3537";"3,3493";"3,3529";"3,35187507";"3,35295391"
"";"29.10.2025 00:09:00";"NO SIGNAL";"3,3528";"3,3529";"3,3491";"3,3491";"3,35080004";"3,35243082"
"";"29.10.2025 00:10:00";"NO SIGNAL";"3,3491";"3,3491";"3,3451";"3,3485";"3,35080028";"3,35182309"
"";"29.10.2025 00:11:00";"NO SIGNAL";"3,3486";"3,3507";"3,3474";"3,3504";"3,35022497";"3,35154629"
"";"29.10.2025 00:12:00";"NO SIGNAL";"3,3503";"3,3572";"3,3497";"3,3571";"3,35127497";"3,35175395"
"180";"29.10.2025 00:13:00";"BUY";"3,3571";"3,3582";"3,3528";"3,3540";"3,3525002";"3,35203862"
"";"29.10.2025 00:14:00";"NO SIGNAL";"3,3539";"3,3556";"3,3534";"3,3542";"3,35392499";"3,35211539"
"";"29.10.2025 00:15:00";"NO SIGNAL";"3,3542";"3,3588";"3,3540";"3,3555";"3,35519981";"3,35246134"
"";"29.10.2025 00:16:00";"NO SIGNAL";"3,3554";"3,3610";"3,3549";"3,3585";"3,35554981";"3,35299993"
"";"29.10.2025 00:17:00";"NO SIGNAL";"3,3585";"3,3597";"3,3563";"3,3571";"3,35632515";"3,35322309"
"";"29.10.2025 00:18:00";"NO SIGNAL";"3,3570";"3,3593";"3,3562";"3,3587";"3,35745025";"3,35363078"
"";"29.10.2025 00:19:00";"NO SIGNAL";"3,3586";"3,3586";"3,3523";"3,3541";"3,35710001";"3,35406184"
"";"29.10.2025 00:20:00";"NO SIGNAL";"3,3541";"3,3541";"3,3496";"3,3515";"3,35535002";"3,3539691"
"181";"29.10.2025 00:21:00";"SELL";"3,3515";"3,3515";"3,3492";"3,3492";"3,35337496";"3,35368466"
"";"29.10.2025 00:22:00";"NO SIGNAL";"3,3491";"3,3524";"3,3491";"3,3515";"3,35157514";"3,35386944"
"";"29.10.2025 00:23:00";"NO SIGNAL";"3,3515";"3,3536";"3,3513";"3,3530";"3,35130024";"3,35421538"
"";"29.10.2025 00:24:00";"NO SIGNAL";"3,3530";"3,3565";"3,3530";"3,3543";"3,352";"3,35451555"
"";"29.10.2025 00:25:00";"NO SIGNAL";"3,3542";"3,3544";"3,3523";"3,3525";"3,35282516";"3,35416126"
"";"29.10.2025 00:26:00";"NO SIGNAL";"3,3524";"3,3524";"3,3488";"3,3499";"3,35242486";"3,35384607"
"";"29.10.2025 00:27:00";"NO SIGNAL";"3,3499";"3,3517";"3,3499";"3,3517";"3,3520999";"3,35365391"
"";"29.10.2025 00:28:00";"NO SIGNAL";"3,3516";"3,3563";"3,3516";"3,3563";"3,3526001";"3,35371566"
"182";"29.10.2025 00:29:00";"BUY";"3,3564";"3,3589";"3,3563";"3,3575";"3,35385013";"3,35363865"
"";"29.10.2025 00:30:00";"NO SIGNAL";"3,3576";"3,3618";"3,3576";"3,3582";"3,35592508";"3,35372329"
"";"29.10.2025 00:31:00";"NO SIGNAL";"3,3583";"3,3587";"3,3552";"3,3552";"3,35680008";"3,35345411"
"";"29.10.2025 00:32:00";"NO SIGNAL";"3,3551";"3,3551";"3,3465";"3,3485";"3,35485005";"3,35302329"
"183";"29.10.2025 00:33:00";"SELL";"3,3485";"3,3501";"3,3468";"3,3485";"3,3526001";"3,35279274"
"";"29.10.2025 00:34:00";"NO SIGNAL";"3,3484";"3,3509";"3,3484";"3,3507";"3,35072494";"3,35290813"
"";"29.10.2025 00:35:00";"NO SIGNAL";"3,3509";"3,3509";"3,3488";"3,3502";"3,34947515";"3,35280824"
"";"29.10.2025 00:36:00";"NO SIGNAL";"3,3503";"3,3540";"3,3503";"3,3532";"3,35065007";"3,3528235"
"";"29.10.2025 00:37:00";"NO SIGNAL";"3,3531";"3,3538";"3,3515";"3,3515";"3,3513999";"3,35260749"
"";"29.10.2025 00:38:00";"NO SIGNAL";"3,3515";"3,3535";"3,3511";"3,3515";"3,35159993";"3,35253072"
"";"29.10.2025 00:39:00";"NO SIGNAL";"3,3515";"3,3524";"3,3502";"3,3502";"3,35159993";"3,35255384"
"";"29.10.2025 00:40:00";"NO SIGNAL";"3,3502";"3,3502";"3,3468";"3,3484";"3,35039997";"3,35230041"
"";"29.10.2025 00:41:00";"NO SIGNAL";"3,3485";"3,3494";"3,3483";"3,3483";"3,34959984";"3,35168481"
"";"29.10.2025 00:42:00";"NO SIGNAL";"3,3483";"3,3486";"3,3473";"3,3478";"3,34867501";"3,3509388"
"";"29.10.2025 00:43:00";"NO SIGNAL";"3,3479";"3,3480";"3,3463";"3,3480";"3,34812498";"3,35015416"
"";"29.10.2025 00:44:00";"NO SIGNAL";"3,3480";"3,3498";"3,3465";"3,3465";"3,34765005";"3,34948468"
"";"29.10.2025 00:45:00";"NO SIGNAL";"3,3466";"3,3466";"3,3438";"3,3446";"3,34672523";"3,34918499"
"";"29.10.2025 00:46:00";"NO SIGNAL";"3,3445";"3,3445";"3,3409";"3,3422";"3,34532499";"3,34870005"
"";"29.10.2025 00:47:00";"NO SIGNAL";"3,3421";"3,3428";"3,3364";"3,3398";"3,34327507";"3,34786177"
"";"29.10.2025 00:48:00";"NO SIGNAL";"3,3399";"3,3447";"3,3399";"3,3445";"3,34277487";"3,34742332"
"";"29.10.2025 00:49:00";"NO SIGNAL";"3,3446";"3,3459";"3,3435";"3,3435";"3,34249997";"3,34667706"
"";"29.10.2025 00:50:00";"NO SIGNAL";"3,3436";"3,3463";"3,3429";"3,3430";"3,3427";"3,34602332"
"";"29.10.2025 00:51:00";"NO SIGNAL";"3,3429";"3,3429";"3,3398";"3,3417";"3,34317493";"3,34526944"
"";"29.10.2025 00:52:00";"NO SIGNAL";"3,3417";"3,3417";"3,3402";"3,3417";"3,34247494";"3,3446157"
"";"29.10.2025 00:53:00";"NO SIGNAL";"3,3417";"3,3427";"3,3383";"3,3427";"3,34227514";"3,34417701"
"";"29.10.2025 00:54:00";"NO SIGNAL";"3,3427";"3,3427";"3,3414";"3,3417";"3,34194994";"3,34366941"
"";"29.10.2025 00:55:00";"NO SIGNAL";"3,3416";"3,3416";"3,3393";"3,3397";"3,34145021";"3,34304643"
"";"29.10.2025 00:56:00";"NO SIGNAL";"3,3397";"3,3406";"3,3364";"3,3364";"3,34012485";"3,34215403"
"";"29.10.2025 00:57:00";"NO SIGNAL";"3,3365";"3,3401";"3,3359";"3,3389";"3,33917522";"3,34156966"
"";"29.10.2025 00:58:00";"NO SIGNAL";"3,3388";"3,3431";"3,3364";"3,3420";"3,33924985";"3,34136987"
"";"29.10.2025 00:59:00";"NO SIGNAL";"3,3420";"3,3420";"3,3391";"3,3393";"3,33915019";"3,34114623"
"";"29.10.2025 01:00:00";"NO SIGNAL";"3,3392";"3,3392";"3,3346";"3,3374";"3,33939981";"3,34096169"
"";"29.10.2025 01:01:00";"NO SIGNAL";"3,3374";"3,3401";"3,3360";"3,3396";"3,33957505";"3,34058475"
"";"29.10.2025 01:02:00";"NO SIGNAL";"3,3396";"3,3433";"3,3394";"3,3414";"3,33942509";"3,34042335"
"";"29.10.2025 01:03:00";"NO SIGNAL";"3,3413";"3,3413";"3,3375";"3,3392";"3,33940029";"3,34013152"
"";"29.10.2025 01:04:00";"NO SIGNAL";"3,3392";"3,3399";"3,3364";"3,3368";"3,33925009";"3,33975434"
"";"29.10.2025 01:05:00";"NO SIGNAL";"3,3368";"3,3368";"3,3321";"3,3361";"3,33837509";"3,33932328"
"";"29.10.2025 01:06:00";"NO SIGNAL";"3,3360";"3,3384";"3,3360";"3,3367";"3,33719993";"3,3388617"
"";"29.10.2025 01:07:00";"NO SIGNAL";"3,3366";"3,3366";"3,3323";"3,3350";"3,33615017";"3,33834624"
"";"29.10.2025 01:08:00";"NO SIGNAL";"3,3350";"3,3355";"3,3335";"3,3340";"3,33545017";"3,33790779"
"";"29.10.2025 01:09:00";"NO SIGNAL";"3,3342";"3,3399";"3,3342";"3,3392";"3,33622503";"3,33812284"
"";"29.10.2025 01:10:00";"NO SIGNAL";"3,3393";"3,3406";"3,3392";"3,3395";"3,33692503";"3,33816886"
"184";"29.10.2025 01:11:00";"BUY";"3,3395";"3,3421";"3,3395";"3,3406";"3,33832502";"3,33806157"
"";"29.10.2025 01:12:00";"NO SIGNAL";"3,3405";"3,3420";"3,3403";"3,3403";"3,33990002";"3,33813834"
"";"29.10.2025 01:13:00";"NO SIGNAL";"3,3404";"3,3420";"3,3402";"3,3418";"3,34054995";"3,33847713"
"";"29.10.2025 01:14:00";"NO SIGNAL";"3,3418";"3,3430";"3,3407";"3,3408";"3,34087491";"3,33856916"
"";"29.10.2025 01:15:00";"NO SIGNAL";"3,3408";"3,3427";"3,3392";"3,3427";"3,34140015";"3,3386693"
"";"29.10.2025 01:16:00";"NO SIGNAL";"3,3426";"3,3463";"3,3426";"3,3463";"3,34290004";"3,33921552"
"";"29.10.2025 01:17:00";"NO SIGNAL";"3,3461";"3,3463";"3,3452";"3,3463";"3,3440249";"3,33994627"
"";"29.10.2025 01:18:00";"NO SIGNAL";"3,3462";"3,3472";"3,3446";"3,3472";"3,34562492";"3,34079981"
"";"29.10.2025 01:19:00";"NO SIGNAL";"3,3471";"3,3485";"3,3433";"3,3451";"3,34622502";"3,34144616"
"";"29.10.2025 01:20:00";"NO SIGNAL";"3,3451";"3,3471";"3,3442";"3,3471";"3,34642506";"3,34237695"
"";"29.10.2025 01:21:00";"NO SIGNAL";"3,3470";"3,3472";"3,3438";"3,3468";"3,34654999";"3,34336162"
"";"29.10.2025 01:22:00";"NO SIGNAL";"3,3468";"3,3492";"3,3468";"3,3476";"3,34665012";"3,34400773"
"";"29.10.2025 01:23:00";"NO SIGNAL";"3,3475";"3,3475";"3,3443";"3,3450";"3,34662509";"3,34443116"
"";"29.10.2025 01:24:00";"NO SIGNAL";"3,3449";"3,3449";"3,3414";"3,3414";"3,34520006";"3,34449291"
"185";"29.10.2025 01:25:00";"SELL";"3,3415";"3,3415";"3,3385";"3,3407";"3,3436749";"3,34452343"
"";"29.10.2025 01:26:00";"NO SIGNAL";"3,3408";"3,3431";"3,3408";"3,3423";"3,34235001";"3,34456158"
"";"29.10.2025 01:27:00";"NO SIGNAL";"3,3423";"3,3431";"3,3416";"3,3430";"3,34185004";"3,34473085"
"";"29.10.2025 01:28:00";"NO SIGNAL";"3,3431";"3,3454";"3,3430";"3,3439";"3,34247494";"3,34482265"
"";"29.10.2025 01:29:00";"NO SIGNAL";"3,3439";"3,3442";"3,3409";"3,3409";"3,34252501";"3,3444078"
"";"29.10.2025 01:30:00";"NO SIGNAL";"3,3408";"3,3471";"3,3408";"3,3454";"3,34329987";"3,34433842"
"";"29.10.2025 01:31:00";"NO SIGNAL";"3,3454";"3,3456";"3,3419";"3,3435";"3,34342504";"3,34405422"
"";"29.10.2025 01:32:00";"NO SIGNAL";"3,3433";"3,3443";"3,3414";"3,3443";"3,34352493";"3,34399247"
"186";"29.10.2025 01:33:00";"BUY";"3,3442";"3,3509";"3,3442";"3,3484";"3,34540009";"3,34409261"
"";"29.10.2025 01:34:00";"NO SIGNAL";"3,3484";"3,3536";"3,3481";"3,3514";"3,34689999";"3,34444642"
"";"29.10.2025 01:35:00";"NO SIGNAL";"3,3515";"3,3520";"3,3503";"3,3517";"3,34895015";"3,34476161"
"";"29.10.2025 01:36:00";"NO SIGNAL";"3,3517";"3,3536";"3,3513";"3,3536";"3,35127497";"3,34542298"
"";"29.10.2025 01:37:00";"NO SIGNAL";"3,3535";"3,3535";"3,3499";"3,3513";"3,35199976";"3,34618449"
"";"29.10.2025 01:38:00";"NO SIGNAL";"3,3512";"3,3512";"3,3465";"3,3476";"3,3510499";"3,34671521"
"";"29.10.2025 01:39:00";"NO SIGNAL";"3,3476";"3,3510";"3,3464";"3,3510";"3,3508749";"3,34738469"
"";"29.10.2025 01:40:00";"NO SIGNAL";"3,3510";"3,3633";"3,3510";"3,3625";"3,35310006";"3,34888482"
"";"29.10.2025 01:41:00";"NO SIGNAL";"3,3616";"3,3700";"3,3613";"3,3643";"3,35634995";"3,35045409"
"";"29.10.2025 01:42:00";"NO SIGNAL";"3,3643";"3,3683";"3,3632";"3,3635";"3,3603251";"3,3521924"
"";"29.10.2025 01:43:00";"NO SIGNAL";"3,3636";"3,3643";"3,3618";"3,3630";"3,36332512";"3,3535459"
"";"29.10.2025 01:44:00";"NO SIGNAL";"3,3629";"3,3629";"3,3587";"3,3587";"3,36237478";"3,35471511"
"";"29.10.2025 01:45:00";"NO SIGNAL";"3,3588";"3,3603";"3,3575";"3,3586";"3,36094999";"3,35581517"
"";"29.10.2025 01:46:00";"NO SIGNAL";"3,3586";"3,3590";"3,3555";"3,3561";"3,35909986";"3,35640764"
"";"29.10.2025 01:47:00";"NO SIGNAL";"3,3560";"3,3573";"3,3544";"3,3546";"3,35699987";"3,35665369"
"187";"29.10.2025 01:48:00";"SELL";"3,3547";"3,3553";"3,3538";"3,3541";"3,35584998";"3,35683846"
"";"29.10.2025 01:49:00";"NO SIGNAL";"3,3541";"3,3545";"3,3528";"3,3532";"3,35450006";"3,35680795"
"";"29.10.2025 01:50:00";"NO SIGNAL";"3,3531";"3,3531";"3,3481";"3,3500";"3,35297489";"3,35670805"
"";"29.10.2025 01:51:00";"NO SIGNAL";"3,3499";"3,3500";"3,3461";"3,3484";"3,35142493";"3,35676932"
"";"29.10.2025 01:52:00";"NO SIGNAL";"3,3484";"3,3496";"3,3473";"3,3486";"3,35004997";"3,35658455"
"";"29.10.2025 01:53:00";"NO SIGNAL";"3,3484";"3,3486";"3,3467";"3,3469";"3,34847498";"3,35538459"
"";"29.10.2025 01:54:00";"NO SIGNAL";"3,3468";"3,3490";"3,3464";"3,3482";"3,34802485";"3,35414577"
"";"29.10.2025 01:55:00";"NO SIGNAL";"3,3482";"3,3499";"3,3478";"3,3489";"3,34815025";"3,35302329"
"";"29.10.2025 01:56:00";"NO SIGNAL";"3,3489";"3,3529";"3,3485";"3,3521";"3,34902501";"3,35218477"
"";"29.10.2025 01:57:00";"NO SIGNAL";"3,3520";"3,3532";"3,3517";"3,3530";"3,35054994";"3,35174608"
"188";"29.10.2025 01:58:00";"BUY";"3,3529";"3,3539";"3,3524";"3,3530";"3,3517499";"3,3513155"
"";"29.10.2025 01:59:00";"NO SIGNAL";"3,3532";"3,3532";"3,3506";"3,3507";"3,35220003";"3,35089993"
"";"29.10.2025 02:00:00";"NO SIGNAL";"3,3507";"3,3512";"3,3466";"3,3473";"3,35099983";"3,35033846"
"189";"29.10.2025 02:01:00";"SELL";"3,3472";"3,3491";"3,3451";"3,3454";"3,34909987";"3,34966898"
"";"29.10.2025 02:02:00";"NO SIGNAL";"3,3454";"3,3484";"3,3450";"3,3476";"3,34775019";"3,34923863"
"";"29.10.2025 02:03:00";"NO SIGNAL";"3,3476";"3,3482";"3,3463";"3,3464";"3,34667492";"3,34896183"
"";"29.10.2025 02:04:00";"NO SIGNAL";"3,3464";"3,3477";"3,3460";"3,3460";"3,34634995";"3,34877729"
"";"29.10.2025 02:05:00";"NO SIGNAL";"3,3459";"3,3459";"3,3438";"3,3443";"3,34607506";"3,34844661"
"";"29.10.2025 02:06:00";"NO SIGNAL";"3,3443";"3,3468";"3,3438";"3,3467";"3,34584999";"3,34843111"
"";"29.10.2025 02:07:00";"NO SIGNAL";"3,3467";"3,3481";"3,3462";"3,3476";"3,34614992";"3,34838462"
"";"29.10.2025 02:08:00";"NO SIGNAL";"3,3477";"3,3488";"3,3476";"3,3480";"3,34665012";"3,34831572"
"";"29.10.2025 02:09:00";"NO SIGNAL";"3,3479";"3,3489";"3,3479";"3,3488";"3,34777498";"3,34806156"
"190";"29.10.2025 02:10:00";"BUY";"3,3488";"3,3491";"3,3465";"3,3489";"3,34832501";"3,34774637"
"";"29.10.2025 02:11:00";"NO SIGNAL";"3,3489";"3,3489";"3,3470";"3,3477";"3,34835005";"3,34733891"
"";"29.10.2025 02:12:00";"NO SIGNAL";"3,3476";"3,3490";"3,3461";"3,3490";"3,34859991";"3,34720802"
"";"29.10.2025 02:13:00";"NO SIGNAL";"3,3490";"3,3496";"3,3489";"3,3491";"3,34867501";"3,34734631"
"";"29.10.2025 02:14:00";"NO SIGNAL";"3,3492";"3,3509";"3,3490";"3,3490";"3,34870005";"3,34762359"
"";"29.10.2025 02:15:00";"NO SIGNAL";"3,3488";"3,3498";"3,3470";"3,3493";"3,34909987";"3,34775376"
"";"29.10.2025 02:16:00";"NO SIGNAL";"3,3493";"3,3506";"3,3474";"3,3477";"3,34877491";"3,3478539"
"191";"29.10.2025 02:17:00";"SELL";"3,3477";"3,3478";"3,3448";"3,3449";"3,34772515";"3,34776926"
"";"29.10.2025 02:18:00";"NO SIGNAL";"3,3448";"3,3463";"3,3438";"3,3457";"3,34689999";"3,34787679"
"";"29.10.2025 02:19:00";"NO SIGNAL";"3,3457";"3,3461";"3,3429";"3,3461";"3,34610009";"3,34783101"
"";"29.10.2025 02:20:00";"NO SIGNAL";"3,3460";"3,3500";"3,3439";"3,3500";"3,34667516";"3,34801555"
"";"29.10.2025 02:21:00";"NO SIGNAL";"3,3499";"3,3512";"3,3490";"3,3512";"3,34825015";"3,34826207"
"192";"29.10.2025 02:22:00";"BUY";"3,3511";"3,3511";"3,3498";"3,3503";"3,34940004";"3,34837699"
"";"29.10.2025 02:23:00";"NO SIGNAL";"3,3505";"3,3514";"3,3496";"3,3505";"3,35050011";"3,34850025"
"";"29.10.2025 02:24:00";"NO SIGNAL";"3,3504";"3,3511";"3,3495";"3,3497";"3,350425";"3,34865355"
"";"29.10.2025 02:25:00";"NO SIGNAL";"3,3497";"3,3508";"3,3493";"3,3501";"3,35015011";"3,34873867"
"";"29.10.2025 02:26:00";"NO SIGNAL";"3,3500";"3,3526";"3,3486";"3,3509";"3,35030007";"3,34887671"
"";"29.10.2025 02:27:00";"NO SIGNAL";"3,3509";"3,3563";"3,3505";"3,3548";"3,35137486";"3,34932351"
"";"29.10.2025 02:28:00";"NO SIGNAL";"3,3548";"3,3567";"3,3532";"3,3532";"3,3522501";"3,34962296"
"";"29.10.2025 02:29:00";"NO SIGNAL";"3,3531";"3,3566";"3,3531";"3,3535";"3,35309982";"3,35006905"
"";"29.10.2025 02:30:00";"NO SIGNAL";"3,3538";"3,3545";"3,3494";"3,3506";"3,35302496";"3,35050774"
"";"29.10.2025 02:31:00";"NO SIGNAL";"3,3506";"3,3520";"3,3487";"3,3509";"3,35205007";"3,35090804"
"193";"29.10.2025 02:32:00";"SELL";"3,3509";"3,3509";"3,3459";"3,3459";"3,35022497";"3,35089231"
"";"29.10.2025 02:33:00";"NO SIGNAL";"3,3458";"3,3490";"3,3446";"3,3489";"3,34907508";"3,35080791"
"";"29.10.2025 02:34:00";"NO SIGNAL";"3,3489";"3,3501";"3,3476";"3,3477";"3,34834981";"3,35053873"
"";"29.10.2025 02:35:00";"NO SIGNAL";"3,3476";"3,3507";"3,3476";"3,3497";"3,34805012";"3,35049272"
"";"29.10.2025 02:36:00";"NO SIGNAL";"3,3498";"3,3516";"3,3498";"3,3512";"3,34937501";"3,35054636"
"";"29.10.2025 02:37:00";"NO SIGNAL";"3,3511";"3,3511";"3,3488";"3,3489";"3,34937501";"3,35048485"
"";"29.10.2025 02:38:00";"NO SIGNAL";"3,3489";"3,3514";"3,3486";"3,3513";"3,35027504";"3,35057688"
"";"29.10.2025 02:39:00";"NO SIGNAL";"3,3512";"3,3518";"3,3496";"3,3498";"3,35030007";"3,35049248"
"";"29.10.2025 02:40:00";"NO SIGNAL";"3,3497";"3,3497";"3,3481";"3,3494";"3,34984994";"3,35007691"
"194";"29.10.2025 02:41:00";"BUY";"3,3493";"3,3522";"3,3480";"3,3514";"3,35047507";"3,34993863"
"";"29.10.2025 02:42:00";"NO SIGNAL";"3,3513";"3,3542";"3,3507";"3,3542";"3,3512001";"3,34999275"
"";"29.10.2025 02:43:00";"NO SIGNAL";"3,3542";"3,3544";"3,3526";"3,3544";"3,35234976";"3,35028434"
"";"29.10.2025 02:44:00";"NO SIGNAL";"3,3544";"3,3544";"3,3523";"3,3535";"3,35337496";"3,35048461"
"";"29.10.2025 02:45:00";"NO SIGNAL";"3,3534";"3,3535";"3,3509";"3,3532";"3,35382509";"3,35104609"
"";"29.10.2025 02:46:00";"NO SIGNAL";"3,3532";"3,3550";"3,3519";"3,3549";"3,35399985";"3,35150814"
"";"29.10.2025 02:47:00";"NO SIGNAL";"3,3549";"3,3554";"3,3536";"3,3554";"3,35424995";"3,35210013"
"";"29.10.2025 02:48:00";"NO SIGNAL";"3,3554";"3,3578";"3,3554";"3,3559";"3,35485005";"3,35257697"
"";"29.10.2025 02:49:00";"NO SIGNAL";"3,3558";"3,3574";"3,3547";"3,3563";"3,35562515";"3,35296941"
"";"29.10.2025 02:50:00";"NO SIGNAL";"3,3562";"3,3577";"3,3549";"3,3568";"3,35610008";"3,35357714"
"";"29.10.2025 02:51:00";"NO SIGNAL";"3,3567";"3,3573";"3,3561";"3,3573";"3,35657501";"3,35403848"
"";"29.10.2025 02:52:00";"NO SIGNAL";"3,3574";"3,3574";"3,3538";"3,3553";"3,35642505";"3,35446143"
"";"29.10.2025 02:53:00";"NO SIGNAL";"3,3553";"3,3557";"3,3543";"3,3556";"3,35625005";"3,35493827"
"";"29.10.2025 02:54:00";"NO SIGNAL";"3,3555";"3,3557";"3,3535";"3,3557";"3,35597491";"3,35526943"
"195";"29.10.2025 02:55:00";"SELL";"3,3556";"3,3556";"3,3527";"3,3529";"3,35487509";"3,3551693"
"";"29.10.2025 02:56:00";"NO SIGNAL";"3,3528";"3,3528";"3,3501";"3,3506";"3,35370016";"3,354877"
"";"29.10.2025 02:57:00";"NO SIGNAL";"3,3505";"3,3507";"3,3481";"3,3495";"3,35217476";"3,3545692"
"";"29.10.2025 02:58:00";"NO SIGNAL";"3,3496";"3,3508";"3,3488";"3,3508";"3,35095024";"3,3543849"
"";"29.10.2025 02:59:00";"NO SIGNAL";"3,3509";"3,3509";"3,3488";"3,3489";"3,34995008";"3,35392332"
"";"29.10.2025 03:00:00";"NO SIGNAL";"3,3489";"3,3491";"3,3459";"3,3472";"3,34909987";"3,35329247"
"";"29.10.2025 03:01:00";"NO SIGNAL";"3,3471";"3,3471";"3,3452";"3,3469";"3,34845018";"3,35260034"
"";"29.10.2025 03:02:00";"NO SIGNAL";"3,3468";"3,3468";"3,3455";"3,3455";"3,34712505";"3,35176921"
"";"29.10.2025 03:03:00";"NO SIGNAL";"3,3454";"3,3454";"3,3419";"3,3437";"3,3458252";"3,35076165"
"";"29.10.2025 03:04:00";"NO SIGNAL";"3,3437";"3,3437";"3,3306";"3,3317";"3,34194994";"3,34879255"
"";"29.10.2025 03:05:00";"NO SIGNAL";"3,3317";"3,3351";"3,3309";"3,3339";"3,33870006";"3,34714627"
"";"29.10.2025 03:06:00";"NO SIGNAL";"3,3339";"3,3374";"3,3339";"3,3349";"3,33605003";"3,34555459"
"";"29.10.2025 03:07:00";"NO SIGNAL";"3,3348";"3,3375";"3,3345";"3,3360";"3,33412504";"3,34403896"
"";"29.10.2025 03:08:00";"NO SIGNAL";"3,3359";"3,3359";"3,3315";"3,3317";"3,33412504";"3,34240794"
"";"29.10.2025 03:09:00";"NO SIGNAL";"3,3316";"3,3340";"3,3316";"3,3326";"3,33379984";"3,34102297"
"";"29.10.2025 03:10:00";"NO SIGNAL";"3,3327";"3,3382";"3,3327";"3,3382";"3,33462524";"3,34015393"
"";"29.10.2025 03:11:00";"NO SIGNAL";"3,3384";"3,3434";"3,3384";"3,3403";"3,33570027";"3,33934617"
"";"29.10.2025 03:12:00";"NO SIGNAL";"3,3404";"3,3404";"3,3375";"3,3385";"3,33739996";"3,33854628"
"196";"29.10.2025 03:13:00";"BUY";"3,3385";"3,3398";"3,3377";"3,3387";"3,33892488";"3,33789253"
"";"29.10.2025 03:14:00";"NO SIGNAL";"3,3386";"3,3392";"3,3368";"3,3373";"3,33869982";"3,33715391"
"";"29.10.2025 03:15:00";"NO SIGNAL";"3,3373";"3,3374";"3,3319";"3,3340";"3,33712506";"3,33626914"
"";"29.10.2025 03:16:00";"NO SIGNAL";"3,3340";"3,3355";"3,3334";"3,3355";"3,33637524";"3,33563852"
"197";"29.10.2025 03:17:00";"SELL";"3,3356";"3,3375";"3,3354";"3,3368";"3,33590007";"3,33603096"
"";"29.10.2025 03:18:00";"NO SIGNAL";"3,3368";"3,3412";"3,3368";"3,3394";"3,33642483";"3,33645368"
"198";"29.10.2025 03:19:00";"BUY";"3,3394";"3,3419";"3,3394";"3,3411";"3,33819985";"3,33693051"
"";"29.10.2025 03:20:00";"NO SIGNAL";"3,3410";"3,3414";"3,3395";"3,3410";"3,33957529";"3,33731556"
"";"29.10.2025 03:21:00";"NO SIGNAL";"3,3409";"3,3416";"3,3390";"3,3411";"3,34065008";"3,33803868"
"";"29.10.2025 03:22:00";"NO SIGNAL";"3,3412";"3,3423";"3,3406";"3,3406";"3,34094977";"3,33865404"
"";"29.10.2025 03:23:00";"NO SIGNAL";"3,3405";"3,3406";"3,3364";"3,3381";"3,34019995";"3,33864641"
"";"29.10.2025 03:24:00";"NO SIGNAL";"3,3380";"3,3400";"3,3377";"3,3396";"3,33984995";"3,33859229"
"199";"29.10.2025 03:25:00";"SELL";"3,3395";"3,3395";"3,3348";"3,3348";"3,33827519";"3,33830762"
"";"29.10.2025 03:26:00";"NO SIGNAL";"3,3347";"3,3349";"3,3329";"3,3344";"3,33672523";"3,33797693"
"";"29.10.2025 03:27:00";"NO SIGNAL";"3,3343";"3,3349";"3,3338";"3,3342";"3,3357501";"3,33773875"
"";"29.10.2025 03:28:00";"NO SIGNAL";"3,3343";"3,3349";"3,3324";"3,3345";"3,33447504";"3,33777714"
"";"29.10.2025 03:29:00";"NO SIGNAL";"3,3344";"3,3344";"3,3333";"3,3340";"3,33427501";"3,33766198"
"";"29.10.2025 03:30:00";"NO SIGNAL";"3,3339";"3,3342";"3,3303";"3,3303";"3,33325005";"3,33716154"
"";"29.10.2025 03:31:00";"NO SIGNAL";"3,3304";"3,3318";"3,3298";"3,3304";"3,33229995";"3,33646894"
"";"29.10.2025 03:32:00";"NO SIGNAL";"3,3304";"3,3336";"3,3299";"3,3336";"3,33207512";"3,3358922"
"";"29.10.2025 03:33:00";"NO SIGNAL";"3,3336";"3,3349";"3,3331";"3,3347";"3,33225012";"3,33540773"
"";"29.10.2025 03:34:00";"NO SIGNAL";"3,3347";"3,3351";"3,3327";"3,3327";"3,33284998";"3,33476162"
"";"29.10.2025 03:35:00";"NO SIGNAL";"3,3328";"3,3332";"3,3310";"3,3326";"3,33340001";"3,33414626"
"";"29.10.2025 03:36:00";"NO SIGNAL";"3,3325";"3,3357";"3,3320";"3,3335";"3,33337498";"3,33379221"
"";"29.10.2025 03:37:00";"NO SIGNAL";"3,3335";"3,3345";"3,3290";"3,3297";"3,33212495";"3,33303118"
"";"29.10.2025 03:38:00";"NO SIGNAL";"3,3297";"3,3303";"3,3276";"3,3289";"3,33117485";"3,33257699"
"";"29.10.2025 03:39:00";"NO SIGNAL";"3,3289";"3,3317";"3,3277";"3,3278";"3,32997513";"3,33206964"
"";"29.10.2025 03:40:00";"NO SIGNAL";"3,3279";"3,3306";"3,3279";"3,3287";"3,32877493";"3,3316462"
"";"29.10.2025 03:41:00";"NO SIGNAL";"3,3288";"3,3300";"3,3282";"3,3300";"3,32885003";"3,33129978"
"";"29.10.2025 03:42:00";"NO SIGNAL";"3,3300";"3,3335";"3,3300";"3,3332";"3,32992482";"3,33123851"
"";"29.10.2025 03:43:00";"NO SIGNAL";"3,3332";"3,3340";"3,3316";"3,3318";"3,33092499";"3,3313539"
"200";"29.10.2025 03:44:00";"BUY";"3,3317";"3,3321";"3,3309";"3,3310";"3,33150005";"3,33140016"
"";"29.10.2025 03:45:00";"NO SIGNAL";"3,3310";"3,3311";"3,3292";"3,3311";"3,33177519";"3,33120799"
"";"29.10.2025 03:46:00";"NO SIGNAL";"3,3311";"3,3322";"3,3310";"3,3316";"3,33137512";"3,33096933"
"";"29.10.2025 03:47:00";"NO SIGNAL";"3,3317";"3,3336";"3,3316";"3,3336";"3,33182502";"3,33103871"
"";"29.10.2025 03:48:00";"NO SIGNAL";"3,3336";"3,3340";"3,3317";"3,3321";"3,33209991";"3,33100033"
"";"29.10.2025 03:49:00";"NO SIGNAL";"3,3320";"3,3332";"3,3312";"3,3327";"3,33249998";"3,33093858"
"";"29.10.2025 03:50:00";"NO SIGNAL";"3,3326";"3,3326";"3,3292";"3,3293";"3,33192492";"3,33090782"
"201";"29.10.2025 03:51:00";"SELL";"3,3293";"3,3298";"3,3282";"3,3290";"3,33077502";"3,33091569"
"";"29.10.2025 03:52:00";"NO SIGNAL";"3,3290";"3,3300";"3,3290";"3,3297";"3,33017492";"3,3310616"
"";"29.10.2025 03:53:00";"NO SIGNAL";"3,3297";"3,3316";"3,3297";"3,3314";"3,32984996";"3,33126903"
"";"29.10.2025 03:54:00";"NO SIGNAL";"3,3313";"3,3313";"3,3284";"3,3285";"3,32964993";"3,33115411"
"";"29.10.2025 03:55:00";"NO SIGNAL";"3,3285";"3,3302";"3,3283";"3,3297";"3,32982492";"3,33088493"
"";"29.10.2025 03:56:00";"NO SIGNAL";"3,3296";"3,3307";"3,3285";"3,3287";"3,32957506";"3,33064675"
"";"29.10.2025 03:57:00";"NO SIGNAL";"3,3286";"3,3286";"3,3252";"3,3263";"3,32829976";"3,33028483"
"";"29.10.2025 03:58:00";"NO SIGNAL";"3,3263";"3,3279";"3,3261";"3,3267";"3,32784986";"3,32994628"
"";"29.10.2025 03:59:00";"NO SIGNAL";"3,3268";"3,3269";"3,3257";"3,3264";"3,32702494";"3,32954621"
"";"29.10.2025 04:00:00";"NO SIGNAL";"3,3265";"3,3266";"3,3239";"3,3241";"3,32587504";"3,3288157"
"";"29.10.2025 04:01:00";"NO SIGNAL";"3,3240";"3,3271";"3,3238";"3,3267";"3,32597494";"3,32840014"
"";"29.10.2025 04:02:00";"NO SIGNAL";"3,3267";"3,3342";"3,3265";"3,3324";"3,32739997";"3,32837701"
"202";"29.10.2025 04:03:00";"BUY";"3,3324";"3,3349";"3,3324";"3,3345";"3,32942486";"3,32877707"
"";"29.10.2025 04:04:00";"NO SIGNAL";"3,3344";"3,3344";"3,3324";"3,3324";"3,33150005";"3,32903862"
"";"29.10.2025 04:05:00";"NO SIGNAL";"3,3324";"3,3330";"3,3313";"3,3328";"3,33302522";"3,32927728"
"";"29.10.2025 04:06:00";"NO SIGNAL";"3,3328";"3,3328";"3,3297";"3,3298";"3,33237505";"3,32915425"
"";"29.10.2025 04:07:00";"NO SIGNAL";"3,3297";"3,3342";"3,3297";"3,3342";"3,33229995";"3,3295927"
"";"29.10.2025 04:08:00";"NO SIGNAL";"3,3343";"3,3355";"3,3340";"3,3348";"3,33289981";"3,32998466"
"";"29.10.2025 04:09:00";"NO SIGNAL";"3,3349";"3,3350";"3,3322";"3,3332";"3,33299994";"3,33033061"
"";"29.10.2025 04:10:00";"NO SIGNAL";"3,3333";"3,3348";"3,3325";"3,3331";"3,33382487";"3,3308537"
"";"29.10.2025 04:11:00";"NO SIGNAL";"3,3332";"3,3347";"3,3321";"3,3326";"3,33342481";"3,33130765"
"";"29.10.2025 04:12:00";"NO SIGNAL";"3,3327";"3,3331";"3,3284";"3,3299";"3,33220005";"3,33157706"
"203";"29.10.2025 04:13:00";"SELL";"3,3299";"3,3326";"3,3295";"3,3326";"3,33205009";"3,33223081"
"";"29.10.2025 04:14:00";"NO SIGNAL";"3,3326";"3,3348";"3,3325";"3,3347";"3,33244991";"3,33284616"
"204";"29.10.2025 04:15:00";"BUY";"3,3347";"3,3365";"3,3341";"3,3354";"3,33315015";"3,33307719"
"";"29.10.2025 04:16:00";"NO SIGNAL";"3,3354";"3,3365";"3,3343";"3,3355";"3,3345499";"3,33315372"
"";"29.10.2025 04:17:00";"NO SIGNAL";"3,3355";"3,3397";"3,3353";"3,3356";"3,33529997";"3,33340001"
"";"29.10.2025 04:18:00";"NO SIGNAL";"3,3357";"3,3408";"3,3347";"3,3388";"3,33632517";"3,33386159"
"";"29.10.2025 04:19:00";"NO SIGNAL";"3,3389";"3,3400";"3,3367";"3,3373";"3,33679986";"3,3344388"
"";"29.10.2025 04:20:00";"NO SIGNAL";"3,3372";"3,3383";"3,3370";"3,3377";"3,33734989";"3,33470774"
"";"29.10.2025 04:21:00";"NO SIGNAL";"3,3378";"3,3407";"3,3378";"3,3407";"3,33862495";"3,33516145"
"";"29.10.2025 04:22:00";"NO SIGNAL";"3,3407";"3,3425";"3,3391";"3,3420";"3,33942509";"3,33583856"
"";"29.10.2025 04:23:00";"NO SIGNAL";"3,3419";"3,3419";"3,3406";"3,3416";"3,34049988";"3,3364923"
"";"29.10.2025 04:24:00";"NO SIGNAL";"3,3416";"3,3416";"3,3375";"3,3375";"3,34045005";"3,33686948"
"";"29.10.2025 04:25:00";"NO SIGNAL";"3,3375";"3,3403";"3,3361";"3,3403";"3,34034991";"3,33766913"
"";"29.10.2025 04:26:00";"NO SIGNAL";"3,3403";"3,3406";"3,3379";"3,3397";"3,33977509";"3,33821535"
"";"29.10.2025 04:27:00";"NO SIGNAL";"3,3397";"3,3411";"3,3374";"3,3388";"3,33907509";"3,33853102"
"";"29.10.2025 04:28:00";"NO SIGNAL";"3,3387";"3,3409";"3,3384";"3,3394";"3,33955002";"3,33883834"
"";"29.10.2025 04:29:00";"NO SIGNAL";"3,3394";"3,3416";"3,3394";"3,3415";"3,33984995";"3,33929992"
"";"29.10.2025 04:30:00";"NO SIGNAL";"3,3416";"3,3435";"3,3416";"3,3435";"3,34079981";"3,33990765"
"";"29.10.2025 04:31:00";"NO SIGNAL";"3,3435";"3,3501";"3,3435";"3,3493";"3,34342504";"3,34071541"
"";"29.10.2025 04:32:00";"NO SIGNAL";"3,3494";"3,3515";"3,3476";"3,3501";"3,34610009";"3,34169984"
"";"29.10.2025 04:33:00";"NO SIGNAL";"3,3501";"3,3524";"3,3497";"3,3508";"3,34842491";"3,34270763"
"";"29.10.2025 04:34:00";"NO SIGNAL";"3,3508";"3,3537";"3,3508";"3,3516";"3,35045004";"3,34354615"
"";"29.10.2025 04:35:00";"NO SIGNAL";"3,3516";"3,3528";"3,3507";"3,3514";"3,35097504";"3,34426951"
"";"29.10.2025 04:36:00";"NO SIGNAL";"3,3514";"3,3514";"3,3463";"3,3465";"3,35007477";"3,34464622"
"";"29.10.2025 04:37:00";"NO SIGNAL";"3,3466";"3,3477";"3,3462";"3,3470";"3,34912467";"3,34537697"
"";"29.10.2025 04:38:00";"NO SIGNAL";"3,3470";"3,3470";"3,3456";"3,3467";"3,34789991";"3,3458693"
"205";"29.10.2025 04:39:00";"SELL";"3,3468";"3,3468";"3,3434";"3,3444";"3,34614992";"3,34623075"
"";"29.10.2025 04:40:00";"NO SIGNAL";"3,3445";"3,3445";"3,3424";"3,3428";"3,34522486";"3,34653831"
"";"29.10.2025 04:41:00";"NO SIGNAL";"3,3427";"3,3444";"3,3409";"3,3442";"3,34452486";"3,34690785"
"";"29.10.2025 04:42:00";"NO SIGNAL";"3,3441";"3,3441";"3,3432";"3,3438";"3,34380007";"3,347085"
"";"29.10.2025 04:43:00";"NO SIGNAL";"3,3437";"3,3469";"3,3437";"3,3462";"3,34424996";"3,34729242"
"";"29.10.2025 04:44:00";"NO SIGNAL";"3,3460";"3,3460";"3,3437";"3,3440";"3,34455013";"3,34688497"
"";"29.10.2025 04:45:00";"NO SIGNAL";"3,3441";"3,3456";"3,3440";"3,3455";"3,34487486";"3,34653068"
"";"29.10.2025 04:46:00";"NO SIGNAL";"3,3455";"3,3480";"3,3453";"3,3467";"3,34559989";"3,34621549"
"";"29.10.2025 04:47:00";"NO SIGNAL";"3,3466";"3,3466";"3,3451";"3,3456";"3,34544992";"3,34575391"
"206";"29.10.2025 04:48:00";"BUY";"3,3457";"3,3462";"3,3441";"3,3441";"3,34547496";"3,34519243"
"";"29.10.2025 04:49:00";"NO SIGNAL";"3,3441";"3,3447";"3,3424";"3,3445";"3,34522486";"3,34503841"
"207";"29.10.2025 04:50:00";"SELL";"3,3444";"3,3444";"3,3427";"3,3437";"3,34447503";"3,3447845"
"";"29.10.2025 04:51:00";"NO SIGNAL";"3,3437";"3,3456";"3,3436";"3,3456";"3,34447503";"3,3447001"
"208";"29.10.2025 04:52:00";"BUY";"3,3457";"3,3466";"3,3457";"3,3458";"3,34489965";"3,34480762"
"";"29.10.2025 04:53:00";"NO SIGNAL";"3,3459";"3,3477";"3,3456";"3,3470";"3,34552479";"3,34513068"
"";"29.10.2025 04:54:00";"NO SIGNAL";"3,3470";"3,3470";"3,3458";"3,3468";"3,34630013";"3,34533095"
"";"29.10.2025 04:55:00";"NO SIGNAL";"3,3467";"3,3473";"3,3466";"3,3473";"3,34672499";"3,34560037"
"";"29.10.2025 04:56:00";"NO SIGNAL";"3,3474";"3,3481";"3,3471";"3,3474";"3,34712505";"3,34569263"
"";"29.10.2025 04:57:00";"NO SIGNAL";"3,3474";"3,3488";"3,3470";"3,3470";"3,34712505";"3,34592342"
"";"29.10.2025 04:58:00";"NO SIGNAL";"3,3470";"3,3470";"3,3450";"3,3455";"3,34679985";"3,34592342"
"209";"29.10.2025 04:59:00";"SELL";"3,3454";"3,3454";"3,3407";"3,3407";"3,34514999";"3,34546185"
"";"29.10.2025 05:00:00";"NO SIGNAL";"3,3408";"3,3408";"3,3355";"3,3364";"3,34240007";"3,34475422"
"";"29.10.2025 05:01:00";"NO SIGNAL";"3,3365";"3,3398";"3,3343";"3,3393";"3,34047508";"3,34438491"
"";"29.10.2025 05:02:00";"NO SIGNAL";"3,3392";"3,3439";"3,3383";"3,3436";"3,34000015";"3,34431553"
"";"29.10.2025 05:03:00";"NO SIGNAL";"3,3436";"3,3468";"3,3431";"3,3468";"3,34152508";"3,34455395"
"";"29.10.2025 05:04:00";"NO SIGNAL";"3,3468";"3,3482";"3,3453";"3,3464";"3,34402514";"3,3446157"
"210";"29.10.2025 05:05:00";"BUY";"3,3462";"3,3480";"3,3453";"3,3480";"3,34619999";"3,34478498"
"";"29.10.2025 05:06:00";"NO SIGNAL";"3,3480";"3,3486";"3,3472";"3,3486";"3,34745002";"3,344908"
"";"29.10.2025 05:07:00";"NO SIGNAL";"3,3486";"3,3486";"3,3457";"3,3467";"3,34742522";"3,34490037"
"";"29.10.2025 05:08:00";"NO SIGNAL";"3,3468";"3,3468";"3,3423";"3,3443";"3,34689999";"3,3446691"
"";"29.10.2025 05:09:00";"NO SIGNAL";"3,3443";"3,3443";"3,3408";"3,3415";"3,34527493";"3,34421515"
"211";"29.10.2025 05:10:00";"SELL";"3,3416";"3,3416";"3,3390";"3,3393";"3,34294987";"3,34362268"
"";"29.10.2025 05:11:00";"NO SIGNAL";"3,3395";"3,3420";"3,3395";"3,3419";"3,34175014";"3,34334612"
"";"29.10.2025 05:12:00";"NO SIGNAL";"3,3420";"3,3420";"3,3378";"3,3385";"3,34030008";"3,34317708"
"";"29.10.2025 05:13:00";"NO SIGNAL";"3,3384";"3,3384";"3,3375";"3,3379";"3,33940005";"3,34329271"
"";"29.10.2025 05:14:00";"NO SIGNAL";"3,3379";"3,3413";"3,3374";"3,3413";"3,33990002";"3,34344673"
"";"29.10.2025 05:15:00";"NO SIGNAL";"3,3414";"3,3487";"3,3414";"3,3475";"3,34130001";"3,34374642"
"";"29.10.2025 05:16:00";"NO SIGNAL";"3,3475";"3,3478";"3,3412";"3,3433";"3,34250021";"3,34347701"
"212";"29.10.2025 05:17:00";"BUY";"3,3434";"3,3442";"3,3415";"3,3436";"3,343925";"3,34326148"
"";"29.10.2025 05:18:00";"NO SIGNAL";"3,3436";"3,3469";"3,3425";"3,3461";"3,34512496";"3,34311533"
"";"29.10.2025 05:19:00";"NO SIGNAL";"3,3461";"3,3491";"3,3460";"3,3488";"3,34544992";"3,34313035"
"";"29.10.2025 05:20:00";"NO SIGNAL";"3,3488";"3,3499";"3,3465";"3,3465";"3,34625006";"3,34311509"
"";"29.10.2025 05:21:00";"NO SIGNAL";"3,3464";"3,3508";"3,3463";"3,3490";"3,34759998";"3,34347653"
"";"29.10.2025 05:22:00";"NO SIGNAL";"3,3490";"3,3505";"3,3474";"3,3480";"3,34807491";"3,34397674"
"";"29.10.2025 05:23:00";"NO SIGNAL";"3,3480";"3,3480";"3,3452";"3,3461";"3,34740019";"3,34450006"
"";"29.10.2025 05:24:00";"NO SIGNAL";"3,3461";"3,3484";"3,3460";"3,3482";"3,34782505";"3,34498501"
"";"29.10.2025 05:25:00";"NO SIGNAL";"3,3479";"3,3480";"3,3453";"3,3454";"3,34692526";"3,34551573"
"213";"29.10.2025 05:26:00";"SELL";"3,3453";"3,3462";"3,3440";"3,3440";"3,34592509";"3,34598494"
"";"29.10.2025 05:27:00";"NO SIGNAL";"3,3440";"3,3440";"3,3405";"3,3423";"3,34497499";"3,34606194"
"";"29.10.2025 05:28:00";"NO SIGNAL";"3,3424";"3,3432";"3,3421";"3,3428";"3,34362483";"3,34570026"
"";"29.10.2025 05:29:00";"NO SIGNAL";"3,3428";"3,3454";"3,3427";"3,3450";"3,34352493";"3,34583092"
"";"29.10.2025 05:30:00";"NO SIGNAL";"3,3450";"3,3450";"3,3420";"3,3433";"3,34334993";"3,34580779"
"";"29.10.2025 05:31:00";"NO SIGNAL";"3,3431";"3,3431";"3,3390";"3,3414";"3,3431251";"3,34544611"
"";"29.10.2025 05:32:00";"NO SIGNAL";"3,3415";"3,3452";"3,3415";"3,3452";"3,34372497";"3,34516931"
"";"29.10.2025 05:33:00";"NO SIGNAL";"3,3453";"3,3470";"3,3424";"3,3470";"3,34422493";"3,34520769"
"214";"29.10.2025 05:34:00";"BUY";"3,3470";"3,3490";"3,3456";"3,3483";"3,3454752";"3,34515429"
"";"29.10.2025 05:35:00";"NO SIGNAL";"3,3483";"3,3501";"3,3481";"3,3491";"3,34740019";"3,34523892"
"";"29.10.2025 05:36:00";"NO SIGNAL";"3,3491";"3,3491";"3,3470";"3,3474";"3,34794998";"3,34533882"
"";"29.10.2025 05:37:00";"NO SIGNAL";"3,3475";"3,3495";"3,3474";"3,3495";"3,34857488";"3,34543848"
"";"29.10.2025 05:38:00";"NO SIGNAL";"3,3494";"3,3502";"3,3481";"3,3481";"3,34852505";"3,34564662"
"";"29.10.2025 05:39:00";"NO SIGNAL";"3,3481";"3,3543";"3,3469";"3,3528";"3,34944987";"3,34632325"
"";"29.10.2025 05:40:00";"NO SIGNAL";"3,3528";"3,3571";"3,3512";"3,3570";"3,35184979";"3,34745383"
"";"29.10.2025 05:41:00";"NO SIGNAL";"3,3569";"3,3580";"3,3527";"3,3527";"3,35264993";"3,34821558"
"";"29.10.2025 05:42:00";"NO SIGNAL";"3,3527";"3,3527";"3,3493";"3,3498";"3,35307503";"3,34858489"
"";"29.10.2025 05:43:00";"NO SIGNAL";"3,3498";"3,3512";"3,3486";"3,3512";"3,3526752";"3,34919262"
"";"29.10.2025 05:44:00";"NO SIGNAL";"3,3512";"3,3524";"3,3468";"3,3468";"3,35012507";"3,34960794"
"215";"29.10.2025 05:45:00";"SELL";"3,3468";"3,3509";"3,3451";"3,3471";"3,34872508";"3,3497541"
"";"29.10.2025 05:46:00";"NO SIGNAL";"3,3469";"3,3491";"3,3464";"3,3477";"3,34820008";"3,34980822"
"";"29.10.2025 05:47:00";"NO SIGNAL";"3,3477";"3,3477";"3,3435";"3,3436";"3,34630013";"3,3494463"
"";"29.10.2025 05:48:00";"NO SIGNAL";"3,3437";"3,3464";"3,3429";"3,3433";"3,34542513";"3,34899998"
"";"29.10.2025 05:49:00";"NO SIGNAL";"3,3434";"3,3482";"3,3434";"3,3467";"3,34532499";"3,34894586"
"";"29.10.2025 05:50:00";"NO SIGNAL";"3,3468";"3,3479";"3,3461";"3,3470";"3,34514999";"3,34875345"
"";"29.10.2025 05:51:00";"NO SIGNAL";"3,3470";"3,3480";"3,3462";"3,3462";"3,34579992";"3,3486073"
"";"29.10.2025 05:52:00";"NO SIGNAL";"3,3462";"3,3466";"3,3451";"3,3457";"3,34640002";"3,34806156"
"";"29.10.2025 05:53:00";"NO SIGNAL";"3,3456";"3,3457";"3,3439";"3,3450";"3,34597492";"3,3471384"
"";"29.10.2025 05:54:00";"NO SIGNAL";"3,3450";"3,3451";"3,3447";"3,3449";"3,34544992";"3,34653878"
"";"29.10.2025 05:55:00";"NO SIGNAL";"3,3449";"3,3449";"3,3416";"3,3439";"3,3448751";"3,34608507"
"";"29.10.2025 05:56:00";"NO SIGNAL";"3,3438";"3,3447";"3,3425";"3,3446";"3,34459996";"3,345577"
"";"29.10.2025 05:57:00";"NO SIGNAL";"3,3446";"3,3459";"3,3445";"3,3459";"3,34482503";"3,34550786"
"216";"29.10.2025 05:58:00";"BUY";"3,3458";"3,3482";"3,3454";"3,3482";"3,34564996";"3,34559226"
"";"29.10.2025 05:59:00";"NO SIGNAL";"3,3482";"3,3482";"3,3462";"3,3462";"3,34622502";"3,3454771"
"";"29.10.2025 06:00:00";"NO SIGNAL";"3,3462";"3,3467";"3,3446";"3,3453";"3,34639978";"3,34560752"
"";"29.10.2025 06:01:00";"NO SIGNAL";"3,3452";"3,3464";"3,3435";"3,3435";"3,34579992";"3,34562325"
"217";"29.10.2025 06:02:00";"SELL";"3,3434";"3,3442";"3,3432";"3,3433";"3,34457493";"3,34536171"
"";"29.10.2025 06:03:00";"NO SIGNAL";"3,3432";"3,3436";"3,3423";"3,3432";"3,34382486";"3,34506941"
"";"29.10.2025 06:04:00";"NO SIGNAL";"3,3432";"3,3466";"3,3432";"3,3458";"3,34395003";"3,34503841"
"218";"29.10.2025 06:05:00";"BUY";"3,3458";"3,3505";"3,3457";"3,3500";"3,34557486";"3,34536934"
"";"29.10.2025 06:06:00";"NO SIGNAL";"3,3500";"3,3538";"3,3497";"3,3507";"3,34742475";"3,34580779"
"";"29.10.2025 06:07:00";"NO SIGNAL";"3,3508";"3,3522";"3,3496";"3,3504";"3,34922504";"3,34623122"
"";"29.10.2025 06:08:00";"NO SIGNAL";"3,3504";"3,3523";"3,3501";"3,3506";"3,35042524";"3,34674668"
"";"29.10.2025 06:09:00";"NO SIGNAL";"3,3506";"3,3536";"3,3504";"3,3523";"3,35099983";"3,34733891"
"";"29.10.2025 06:10:00";"NO SIGNAL";"3,3522";"3,3522";"3,3495";"3,3504";"3,35092497";"3,34768486"
"";"29.10.2025 06:11:00";"NO SIGNAL";"3,3504";"3,3508";"3,3472";"3,3479";"3,35030007";"3,34766173"
"";"29.10.2025 06:12:00";"NO SIGNAL";"3,3480";"3,3488";"3,3474";"3,3478";"3,34959984";"3,34778452"
"";"29.10.2025 06:13:00";"NO SIGNAL";"3,3479";"3,3481";"3,3448";"3,3454";"3,34787488";"3,34779215"
"219";"29.10.2025 06:14:00";"SELL";"3,3454";"3,3468";"3,3450";"3,3450";"3,34652519";"3,34790754"
"";"29.10.2025 06:15:00";"NO SIGNAL";"3,3450";"3,3474";"3,3443";"3,3462";"3,34610009";"3,34813046"
"";"29.10.2025 06:16:00";"NO SIGNAL";"3,3462";"3,3463";"3,3422";"3,3429";"3,3448751";"3,34810758"
"";"29.10.2025 06:17:00";"NO SIGNAL";"3,3428";"3,3440";"3,3396";"3,3404";"3,34362507";"3,34769225"
"";"29.10.2025 06:18:00";"NO SIGNAL";"3,3404";"3,3421";"3,3398";"3,3421";"3,34290004";"3,34708476"
"";"29.10.2025 06:19:00";"NO SIGNAL";"3,3421";"3,3431";"3,3419";"3,3431";"3,34212494";"3,34649992"
"";"29.10.2025 06:20:00";"NO SIGNAL";"3,3431";"3,3431";"3,3392";"3,3400";"3,34139991";"3,34569979"
"";"29.10.2025 06:21:00";"NO SIGNAL";"3,3399";"3,3426";"3,3399";"3,3412";"3,34159994";"3,3449769"
"";"29.10.2025 06:22:00";"NO SIGNAL";"3,3411";"3,3412";"3,3402";"3,3412";"3,34137487";"3,34412313"
"";"29.10.2025 06:23:00";"NO SIGNAL";"3,3410";"3,3412";"3,3395";"3,3403";"3,34067512";"3,3433466"
"";"29.10.2025 06:24:00";"NO SIGNAL";"3,3404";"3,3413";"3,3397";"3,3398";"3,34062505";"3,34272337"
"";"29.10.2025 06:25:00";"NO SIGNAL";"3,3397";"3,3402";"3,3376";"3,3379";"3,33979988";"3,34196186"
"";"29.10.2025 06:26:00";"NO SIGNAL";"3,3380";"3,3393";"3,3380";"3,3392";"3,33930016";"3,34148479"
"";"29.10.2025 06:27:00";"NO SIGNAL";"3,3393";"3,3393";"3,3378";"3,3389";"3,33894992";"3,34101534"
"";"29.10.2025 06:28:00";"NO SIGNAL";"3,3388";"3,3388";"3,3367";"3,3371";"3,33827496";"3,34031534"
"";"29.10.2025 06:29:00";"NO SIGNAL";"3,3372";"3,3383";"3,3368";"3,3383";"3,33837485";"3,33996153"
"";"29.10.2025 06:30:00";"NO SIGNAL";"3,3383";"3,3402";"3,3374";"3,3382";"3,33812523";"3,33979249"
"";"29.10.2025 06:31:00";"NO SIGNAL";"3,3383";"3,3406";"3,3382";"3,3382";"3,33794999";"3,33949256"
"";"29.10.2025 06:32:00";"NO SIGNAL";"3,3382";"3,3382";"3,3342";"3,3344";"3,33727479";"3,33882356"
"";"29.10.2025 06:33:00";"NO SIGNAL";"3,3344";"3,3379";"3,3339";"3,3350";"3,3364501";"3,33843923"
"";"29.10.2025 06:34:00";"NO SIGNAL";"3,3350";"3,3366";"3,3350";"3,3366";"3,33605003";"3,33808494"
"";"29.10.2025 06:35:00";"NO SIGNAL";"3,3366";"3,3388";"3,3366";"3,3372";"3,33580017";"3,3377769"
"";"29.10.2025 06:36:00";"NO SIGNAL";"3,3373";"3,3380";"3,3373";"3,3380";"3,33669996";"3,33760023"
"";"29.10.2025 06:37:00";"NO SIGNAL";"3,3379";"3,3384";"3,3379";"3,3380";"3,33745003";"3,33746147"
"220";"29.10.2025 06:38:00";"BUY";"3,3380";"3,3386";"3,3366";"3,3366";"3,33745003";"3,33736157"
"";"29.10.2025 06:39:00";"NO SIGNAL";"3,3366";"3,3369";"3,3340";"3,3361";"3,33717513";"3,33712316"
"221";"29.10.2025 06:40:00";"SELL";"3,3361";"3,3361";"3,3343";"3,3343";"3,33625007";"3,33676934"
"";"29.10.2025 06:41:00";"NO SIGNAL";"3,3342";"3,3376";"3,3342";"3,3376";"3,33614993";"3,33680773"
"";"29.10.2025 06:42:00";"NO SIGNAL";"3,3376";"3,3389";"3,3361";"3,3379";"3,3364749";"3,33677697"
"222";"29.10.2025 06:43:00";"BUY";"3,3379";"3,3382";"3,3366";"3,3382";"3,33699989";"3,33677697"
"";"29.10.2025 06:44:00";"NO SIGNAL";"3,3383";"3,3383";"3,3359";"3,3365";"3,33754992";"3,33664608"
"";"29.10.2025 06:45:00";"NO SIGNAL";"3,3366";"3,3397";"3,3365";"3,3397";"3,33807516";"3,33705378"
"";"29.10.2025 06:46:00";"NO SIGNAL";"3,3398";"3,3420";"3,3396";"3,3404";"3,33869982";"3,33746958"
"";"29.10.2025 06:47:00";"NO SIGNAL";"3,3405";"3,3437";"3,3405";"3,3437";"3,34007502";"3,33801579"
"";"29.10.2025 06:48:00";"NO SIGNAL";"3,3438";"3,3455";"3,3438";"3,3455";"3,34232497";"3,33865428"
"";"29.10.2025 06:49:00";"NO SIGNAL";"3,3455";"3,3462";"3,3444";"3,3444";"3,3434999";"3,33914661"
"";"29.10.2025 06:50:00";"NO SIGNAL";"3,3443";"3,3445";"3,3419";"3,3427";"3,3440752";"3,3395083"
"";"29.10.2025 06:51:00";"NO SIGNAL";"3,3428";"3,3461";"3,3427";"3,3461";"3,34467483";"3,34023881"
"";"29.10.2025 06:52:00";"NO SIGNAL";"3,3462";"3,3469";"3,3440";"3,3464";"3,34490013";"3,34103107"
"";"29.10.2025 06:53:00";"NO SIGNAL";"3,3463";"3,3478";"3,3453";"3,3477";"3,34572506";"3,34206176"
"";"29.10.2025 06:54:00";"NO SIGNAL";"3,3478";"3,3516";"3,3478";"3,3507";"3,34772491";"3,34306908"
"";"29.10.2025 06:55:00";"NO SIGNAL";"3,3506";"3,3506";"3,3494";"3,3505";"3,34882522";"3,34403849"
"";"29.10.2025 06:56:00";"NO SIGNAL";"3,3505";"3,3533";"3,3505";"3,3526";"3,35037518";"3,34514594"
"";"29.10.2025 06:57:00";"NO SIGNAL";"3,3526";"3,3526";"3,3505";"3,3515";"3,35132504";"3,34630013"
"";"29.10.2025 06:58:00";"NO SIGNAL";"3,3514";"3,3526";"3,3508";"3,3511";"3,35142517";"3,34717727"
"";"29.10.2025 06:59:00";"NO SIGNAL";"3,3512";"3,3515";"3,3491";"3,3494";"3,35115004";"3,3478694"
"";"29.10.2025 07:00:00";"NO SIGNAL";"3,3495";"3,3496";"3,3468";"3,3468";"3,34969997";"3,34810805"
"";"29.10.2025 07:01:00";"NO SIGNAL";"3,3468";"3,3468";"3,3451";"3,3468";"3,34852505";"3,34820771"
"223";"29.10.2025 07:02:00";"SELL";"3,3468";"3,3468";"3,3446";"3,3446";"3,34689999";"3,34822321"
"";"29.10.2025 07:03:00";"NO SIGNAL";"3,3447";"3,3459";"3,3438";"3,3447";"3,34572506";"3,34837747"
"";"29.10.2025 07:04:00";"NO SIGNAL";"3,3447";"3,3469";"3,3446";"3,3461";"3,34555006";"3,34837747"
"";"29.10.2025 07:05:00";"NO SIGNAL";"3,3461";"3,3461";"3,3449";"3,3454";"3,34520006";"3,34830022"
"";"29.10.2025 07:06:00";"NO SIGNAL";"3,3454";"3,3471";"3,3453";"3,3463";"3,34562492";"3,34819269"
"";"29.10.2025 07:07:00";"NO SIGNAL";"3,3463";"3,3475";"3,3458";"3,3461";"3,34597492";"3,34783888"
"";"29.10.2025 07:08:00";"NO SIGNAL";"3,3460";"3,3500";"3,3460";"3,3486";"3,34660006";"3,34769273"
"";"29.10.2025 07:09:00";"NO SIGNAL";"3,3486";"3,3492";"3,3478";"3,3479";"3,34722495";"3,34733129"
"224";"29.10.2025 07:10:00";"BUY";"3,3478";"3,3481";"3,3448";"3,3449";"3,34687471";"3,34682322"
"";"29.10.2025 07:11:00";"NO SIGNAL";"3,3448";"3,3448";"3,3438";"3,3443";"3,34642506";"3,34630036"
"225";"29.10.2025 07:12:00";"SELL";"3,3444";"3,3450";"3,3438";"3,3445";"3,34539986";"3,34592366"
"";"29.10.2025 07:13:00";"NO SIGNAL";"3,3445";"3,3446";"3,3430";"3,3433";"3,3442502";"3,34565425"
"";"29.10.2025 07:14:00";"NO SIGNAL";"3,3433";"3,3446";"3,3433";"3,3433";"3,34385014";"3,34538484"
"";"29.10.2025 07:15:00";"NO SIGNAL";"3,3434";"3,3448";"3,3433";"3,3441";"3,34380007";"3,34534645"
"";"29.10.2025 07:16:00";"NO SIGNAL";"3,3441";"3,3441";"3,3417";"3,3441";"3,34369993";"3,34529996"
"";"29.10.2025 07:17:00";"NO SIGNAL";"3,3441";"3,3460";"3,3441";"3,3452";"3,34417486";"3,34523082"
"";"29.10.2025 07:18:00";"NO SIGNAL";"3,3453";"3,3467";"3,3440";"3,3462";"3,34489989";"3,34529209"
"226";"29.10.2025 07:19:00";"BUY";"3,3462";"3,3484";"3,3462";"3,3470";"3,34562516";"3,34534621"
"";"29.10.2025 07:20:00";"NO SIGNAL";"3,3470";"3,3479";"3,3470";"3,3478";"3,34654999";"3,3454771"
"";"29.10.2025 07:21:00";"NO SIGNAL";"3,3479";"3,3520";"3,3455";"3,3504";"3,34785008";"3,34561563"
"";"29.10.2025 07:22:00";"NO SIGNAL";"3,3504";"3,3535";"3,3504";"3,3520";"3,34930015";"3,34593105"
"";"29.10.2025 07:23:00";"NO SIGNAL";"3,3519";"3,3558";"3,3512";"3,3554";"3,35140014";"3,34673882"
"";"29.10.2025 07:24:00";"NO SIGNAL";"3,3554";"3,3590";"3,3549";"3,3586";"3,35409999";"3,34783888"
"";"29.10.2025 07:25:00";"NO SIGNAL";"3,3585";"3,3590";"3,3576";"3,3582";"3,35605001";"3,34889269"
"";"29.10.2025 07:26:00";"NO SIGNAL";"3,3582";"3,3582";"3,3556";"3,3566";"3,35719991";"3,3499155"
"";"29.10.2025 07:27:00";"NO SIGNAL";"3,3567";"3,3579";"3,3557";"3,3561";"3,35737491";"3,35090041"
"";"29.10.2025 07:28:00";"NO SIGNAL";"3,3562";"3,3575";"3,3549";"3,3552";"3,35652494";"3,35175371"
"";"29.10.2025 07:29:00";"NO SIGNAL";"3,3552";"3,3558";"3,3552";"3,3553";"3,35579991";"3,35261559"
"";"29.10.2025 07:30:00";"NO SIGNAL";"3,3553";"3,3554";"3,3506";"3,3518";"3,35459995";"3,35312319"
"227";"29.10.2025 07:31:00";"SELL";"3,3519";"3,3524";"3,3491";"3,3491";"3,35284996";"3,35334635"
"";"29.10.2025 07:32:00";"NO SIGNAL";"3,3490";"3,3492";"3,3447";"3,3447";"3,35022497";"3,35316944"
"";"29.10.2025 07:33:00";"NO SIGNAL";"3,3448";"3,3470";"3,3448";"3,3460";"3,34790015";"3,35303092"
"";"29.10.2025 07:34:00";"NO SIGNAL";"3,3458";"3,3459";"3,3444";"3,3456";"3,34634995";"3,35266185"
"";"29.10.2025 07:35:00";"NO SIGNAL";"3,3455";"3,3455";"3,3426";"3,3443";"3,34514999";"3,35206962"
"";"29.10.2025 07:36:00";"NO SIGNAL";"3,3443";"3,3449";"3,3433";"3,3447";"3,34514999";"3,3512466"
"";"29.10.2025 07:37:00";"NO SIGNAL";"3,3448";"3,3467";"3,3438";"3,3465";"3,34527516";"3,35031581"
"";"29.10.2025 07:38:00";"NO SIGNAL";"3,3465";"3,3478";"3,3465";"3,3473";"3,34570003";"3,34947705"
"";"29.10.2025 07:39:00";"NO SIGNAL";"3,3474";"3,3478";"3,3451";"3,3452";"3,34592485";"3,34860015"
"";"29.10.2025 07:40:00";"NO SIGNAL";"3,3452";"3,3456";"3,3434";"3,3444";"3,34584999";"3,34770036"
"";"29.10.2025 07:41:00";"NO SIGNAL";"3,3444";"3,3444";"3,3405";"3,3405";"3,34434986";"3,34656954"
"";"29.10.2025 07:42:00";"NO SIGNAL";"3,3406";"3,3416";"3,3404";"3,3404";"3,34262514";"3,34542322"
"";"29.10.2025 07:43:00";"NO SIGNAL";"3,3404";"3,3414";"3,3404";"3,3414";"3,3416748";"3,34462285"
"";"29.10.2025 07:44:00";"NO SIGNAL";"3,3414";"3,3417";"3,3368";"3,3399";"3,34054995";"3,3439157"
"";"29.10.2025 07:45:00";"NO SIGNAL";"3,3398";"3,3404";"3,3361";"3,3381";"3,33994985";"3,34340787"
"";"29.10.2025 07:46:00";"NO SIGNAL";"3,3381";"3,3414";"3,3378";"3,3412";"3,34015012";"3,34303856"
"";"29.10.2025 07:47:00";"NO SIGNAL";"3,3413";"3,3425";"3,3405";"3,3413";"3,34012485";"3,34270787"
"";"29.10.2025 07:48:00";"NO SIGNAL";"3,3414";"3,3441";"3,3414";"3,3441";"3,34117508";"3,34269285"
"228";"29.10.2025 07:49:00";"BUY";"3,3441";"3,3459";"3,3439";"3,3446";"3,3427999";"3,34268475"
"";"29.10.2025 07:50:00";"NO SIGNAL";"3,3447";"3,3488";"3,3442";"3,3488";"3,3447001";"3,34286189"
"";"29.10.2025 07:51:00";"NO SIGNAL";"3,3489";"3,3511";"3,3473";"3,3509";"3,34710002";"3,34313869"
"";"29.10.2025 07:52:00";"NO SIGNAL";"3,3509";"3,3565";"3,3509";"3,3565";"3,35019994";"3,34400773"
"";"29.10.2025 07:53:00";"NO SIGNAL";"3,3566";"3,3607";"3,3566";"3,3589";"3,35377479";"3,34512305"
"";"29.10.2025 07:54:00";"NO SIGNAL";"3,3590";"3,3630";"3,3583";"3,3630";"3,35732484";"3,34685421"
"";"29.10.2025 07:55:00";"NO SIGNAL";"3,3630";"3,3645";"3,3621";"3,3631";"3,36037493";"3,34860063"
"";"29.10.2025 07:56:00";"NO SIGNAL";"3,3631";"3,3631";"3,3565";"3,3570";"3,3605001";"3,34980059"
"";"29.10.2025 07:57:00";"NO SIGNAL";"3,3571";"3,3594";"3,3567";"3,3589";"3,3605001";"3,35126209"
"";"29.10.2025 07:58:00";"NO SIGNAL";"3,3589";"3,3591";"3,3568";"3,3568";"3,35895014";"3,35270047"
"";"29.10.2025 07:59:00";"NO SIGNAL";"3,3567";"3,3574";"3,3564";"3,3565";"3,35730004";"3,35387731"
"";"29.10.2025 08:00:00";"NO SIGNAL";"3,3566";"3,3583";"3,3550";"3,3557";"3,35697508";"3,354985"
"";"29.10.2025 08:01:00";"NO SIGNAL";"3,3557";"3,3579";"3,3528";"3,3567";"3,35642505";"3,35595393"
"229";"29.10.2025 08:02:00";"SELL";"3,3567";"3,3589";"3,3562";"3,3576";"3,35662484";"3,35695362"
"";"29.10.2025 08:03:00";"NO SIGNAL";"3,3577";"3,3577";"3,3500";"3,3500";"3,35500002";"3,35704637"
"";"29.10.2025 08:04:00";"NO SIGNAL";"3,3498";"3,3531";"3,3479";"3,3531";"3,35435009";"3,3572154"
"";"29.10.2025 08:05:00";"NO SIGNAL";"3,3531";"3,3531";"3,3498";"3,3499";"3,35264993";"3,35670781"
"";"29.10.2025 08:06:00";"NO SIGNAL";"3,3498";"3,3503";"3,3492";"3,3498";"3,3506999";"3,35600758"
"";"29.10.2025 08:07:00";"NO SIGNAL";"3,3498";"3,3500";"3,3466";"3,3489";"3,350425";"3,35492301"
"";"29.10.2025 08:08:00";"NO SIGNAL";"3,3490";"3,3490";"3,3451";"3,3460";"3,34865022";"3,35360765"
"";"29.10.2025 08:09:00";"NO SIGNAL";"3,3460";"3,3464";"3,3442";"3,3448";"3,34737492";"3,35266948"
"";"29.10.2025 08:10:00";"NO SIGNAL";"3,3448";"3,3452";"3,3425";"3,3426";"3,34557486";"3,3514154"
"";"29.10.2025 08:11:00";"NO SIGNAL";"3,3425";"3,3429";"3,3390";"3,3390";"3,34309983";"3,3500464"
"";"29.10.2025 08:12:00";"NO SIGNAL";"3,3390";"3,3410";"3,3387";"3,3396";"3,34150004";"3,34874654"
"";"29.10.2025 08:13:00";"NO SIGNAL";"3,3396";"3,3400";"3,3384";"3,3396";"3,34019995";"3,34750795"
"";"29.10.2025 08:14:00";"NO SIGNAL";"3,3395";"3,3395";"3,3364";"3,3366";"3,33870006";"3,34596181"
"";"29.10.2025 08:15:00";"NO SIGNAL";"3,3366";"3,3421";"3,3366";"3,3416";"3,33934975";"3,34473085"
"";"29.10.2025 08:16:00";"NO SIGNAL";"3,3416";"3,3420";"3,3398";"3,3418";"3,33990002";"3,34410024"
"";"29.10.2025 08:17:00";"NO SIGNAL";"3,3418";"3,3430";"3,3406";"3,3420";"3,34050012";"3,34324622"
"";"29.10.2025 08:18:00";"NO SIGNAL";"3,3420";"3,3424";"3,3402";"3,3412";"3,34165001";"3,34257698"
"";"29.10.2025 08:19:00";"NO SIGNAL";"3,3411";"3,3424";"3,3407";"3,3413";"3,34157491";"3,34192324"
"";"29.10.2025 08:20:00";"NO SIGNAL";"3,3413";"3,3423";"3,3386";"3,3396";"3,34102511";"3,34120774"
"";"29.10.2025 08:21:00";"NO SIGNAL";"3,3396";"3,3412";"3,3368";"3,3387";"3,34019995";"3,34064651"
"";"29.10.2025 08:22:00";"NO SIGNAL";"3,3387";"3,3387";"3,3357";"3,3384";"3,33950019";"3,34015441"
"";"29.10.2025 08:23:00";"NO SIGNAL";"3,3384";"3,3410";"3,3377";"3,3402";"3,33922482";"3,3399694"
"";"29.10.2025 08:24:00";"NO SIGNAL";"3,3403";"3,3413";"3,3403";"3,3407";"3,33949995";"3,34010005"
"";"29.10.2025 08:25:00";"NO SIGNAL";"3,3406";"3,3417";"3,3406";"3,3417";"3,34025002";"3,3402617"
"230";"29.10.2025 08:26:00";"BUY";"3,3417";"3,3421";"3,3400";"3,3413";"3,34097481";"3,34039235"
"231";"29.10.2025 08:27:00";"SELL";"3,3413";"3,3413";"3,3366";"3,3383";"3,34049988";"3,34052324"
"";"29.10.2025 08:28:00";"NO SIGNAL";"3,3382";"3,3398";"3,3381";"3,3396";"3,34022522";"3,34036946"
"";"29.10.2025 08:29:00";"NO SIGNAL";"3,3397";"3,3397";"3,3379";"3,3394";"3,33964992";"3,34018493"
"";"29.10.2025 08:30:00";"NO SIGNAL";"3,3394";"3,3394";"3,3359";"3,3370";"3,33857512";"3,33980036"
"";"29.10.2025 08:31:00";"NO SIGNAL";"3,3371";"3,3386";"3,3364";"3,3364";"3,33809996";"3,33943105"
"";"29.10.2025 08:32:00";"NO SIGNAL";"3,3365";"3,3374";"3,3363";"3,3368";"3,3374002";"3,33908439"
"";"29.10.2025 08:33:00";"NO SIGNAL";"3,3368";"3,3388";"3,3368";"3,3387";"3,33722496";"3,33901525"
"";"29.10.2025 08:34:00";"NO SIGNAL";"3,3387";"3,3402";"3,3364";"3,3364";"3,337075";"3,33883858"
"";"29.10.2025 08:35:00";"NO SIGNAL";"3,3363";"3,3363";"3,3332";"3,3332";"3,3362751";"3,33843827"
"";"29.10.2025 08:36:00";"NO SIGNAL";"3,3332";"3,3332";"3,3305";"3,3323";"3,33515";"3,33783078"
"";"29.10.2025 08:37:00";"NO SIGNAL";"3,3323";"3,3327";"3,3310";"3,3322";"3,33352494";"3,33717704"
"";"29.10.2025 08:38:00";"NO SIGNAL";"3,3321";"3,3321";"3,3284";"3,3287";"3,33160019";"3,33617687"
"";"29.10.2025 08:39:00";"NO SIGNAL";"3,3286";"3,3306";"3,3285";"3,3306";"3,33095002";"3,33535409"
"";"29.10.2025 08:40:00";"NO SIGNAL";"3,3305";"3,3311";"3,3278";"3,3286";"3,33002496";"3,33460784"
"";"29.10.2025 08:41:00";"NO SIGNAL";"3,3286";"3,3301";"3,3286";"3,3299";"3,32944989";"3,33386183"
"";"29.10.2025 08:42:00";"NO SIGNAL";"3,3300";"3,3310";"3,3297";"3,3309";"3,32999992";"3,33320737"
"";"29.10.2025 08:43:00";"NO SIGNAL";"3,3308";"3,3311";"3,3298";"3,3306";"3,32999992";"3,33271527"
"";"29.10.2025 08:44:00";"NO SIGNAL";"3,3307";"3,3314";"3,3292";"3,3296";"3,33025002";"3,33219242"
"";"29.10.2025 08:45:00";"NO SIGNAL";"3,3297";"3,3321";"3,3294";"3,3317";"3,33070016";"3,33179975"
"";"29.10.2025 08:46:00";"NO SIGNAL";"3,3317";"3,3339";"3,3308";"3,3308";"3,33067513";"3,33119226"
"232";"29.10.2025 08:47:00";"BUY";"3,3308";"3,3325";"3,3300";"3,3325";"3,33115005";"3,33089232"
"";"29.10.2025 08:48:00";"NO SIGNAL";"3,3325";"3,3333";"3,3323";"3,3324";"3,33185005";"3,33083081"
"";"29.10.2025 08:49:00";"NO SIGNAL";"3,3323";"3,3334";"3,3288";"3,3288";"3,33112502";"3,33056188"
"";"29.10.2025 08:50:00";"NO SIGNAL";"3,3288";"3,3313";"3,3279";"3,3306";"3,33107519";"3,33043861"
"";"29.10.2025 08:51:00";"NO SIGNAL";"3,3306";"3,3313";"3,3301";"3,3313";"3,33077502";"3,33063841"
"";"29.10.2025 08:52:00";"NO SIGNAL";"3,3313";"3,3360";"3,3312";"3,3334";"3,33102512";"3,33085346"
"";"29.10.2025 08:53:00";"NO SIGNAL";"3,3335";"3,3339";"3,3322";"3,3326";"3,33197498";"3,33116174"
"";"29.10.2025 08:54:00";"NO SIGNAL";"3,3327";"3,3339";"3,3300";"3,3319";"3,33229995";"3,33131528"
"";"29.10.2025 08:55:00";"NO SIGNAL";"3,3318";"3,3318";"3,3296";"3,3300";"3,33197474";"3,33124638"
"233";"29.10.2025 08:56:00";"SELL";"3,3300";"3,3308";"3,3284";"3,3290";"3,33087492";"3,33112311"
"";"29.10.2025 08:57:00";"NO SIGNAL";"3,3291";"3,3291";"3,3271";"3,3279";"3,32969999";"3,3309927"
"";"29.10.2025 08:58:00";"NO SIGNAL";"3,3280";"3,3301";"3,3275";"3,3286";"3,32887506";"3,33075404"
"";"29.10.2025 08:59:00";"NO SIGNAL";"3,3285";"3,3317";"3,3285";"3,3299";"3,32884979";"3,3306849"
"";"29.10.2025 09:00:00";"NO SIGNAL";"3,3298";"3,3307";"3,3290";"3,3304";"3,32920003";"3,33052349"
"";"29.10.2025 09:01:00";"NO SIGNAL";"3,3304";"3,3305";"3,3291";"3,3300";"3,32972503";"3,33033848"
"";"29.10.2025 09:02:00";"NO SIGNAL";"3,3301";"3,3304";"3,3282";"3,3291";"3,32984996";"3,3303616"
"";"29.10.2025 09:03:00";"NO SIGNAL";"3,3291";"3,3325";"3,3291";"3,3305";"3,32999992";"3,33035398"
"234";"29.10.2025 09:04:00";"BUY";"3,3305";"3,3343";"3,3305";"3,3333";"3,33072495";"3,33050776"
"";"29.10.2025 09:05:00";"NO SIGNAL";"3,3333";"3,3358";"3,3333";"3,3352";"3,33202481";"3,33064675"
"";"29.10.2025 09:06:00";"NO SIGNAL";"3,3351";"3,3351";"3,3332";"3,3333";"3,33307505";"3,3307004"
"";"29.10.2025 09:07:00";"NO SIGNAL";"3,3332";"3,3332";"3,3291";"3,3291";"3,33272505";"3,33048487"
"";"29.10.2025 09:08:00";"NO SIGNAL";"3,3290";"3,3309";"3,3290";"3,3308";"3,33210015";"3,3305459"
"";"29.10.2025 09:09:00";"NO SIGNAL";"3,3308";"3,3324";"3,3302";"3,3302";"3,33085012";"3,33063841"
"235";"29.10.2025 09:10:00";"SELL";"3,3301";"3,3301";"3,3281";"3,3293";"3,32984996";"3,33074617"
"";"29.10.2025 09:11:00";"NO SIGNAL";"3,3292";"3,3292";"3,3254";"3,3263";"3,32914996";"3,33056927"
"";"29.10.2025 09:12:00";"NO SIGNAL";"3,3262";"3,3280";"3,3254";"3,3255";"3,32782507";"3,33023095"
"";"29.10.2025 09:13:00";"NO SIGNAL";"3,3256";"3,3270";"3,3256";"3,3259";"3,32675004";"3,32988453"
"";"29.10.2025 09:14:00";"NO SIGNAL";"3,3260";"3,3266";"3,3252";"3,3256";"3,32582474";"3,32954645"
"";"29.10.2025 09:15:00";"NO SIGNAL";"3,3256";"3,3330";"3,3256";"3,3324";"3,32735014";"3,32980037"
"";"29.10.2025 09:16:00";"NO SIGNAL";"3,3324";"3,3334";"3,3307";"3,3328";"3,329175";"3,32997751"
"236";"29.10.2025 09:17:00";"BUY";"3,3327";"3,3342";"3,3326";"3,3341";"3,33122492";"3,33003902"
"";"29.10.2025 09:18:00";"NO SIGNAL";"3,3342";"3,3394";"3,3342";"3,3394";"3,33467507";"3,3303616"
"";"29.10.2025 09:19:00";"NO SIGNAL";"3,3396";"3,3444";"3,3396";"3,3429";"3,33730006";"3,33110023"
"";"29.10.2025 09:20:00";"NO SIGNAL";"3,3428";"3,3434";"3,3406";"3,3407";"3,33927488";"3,33199239"
"";"29.10.2025 09:21:00";"NO SIGNAL";"3,3408";"3,3417";"3,3389";"3,3390";"3,34050012";"3,33262324"
"";"29.10.2025 09:22:00";"NO SIGNAL";"3,3389";"3,3389";"3,3354";"3,3364";"3,33975005";"3,33310032"
"";"29.10.2025 09:23:00";"NO SIGNAL";"3,3364";"3,3364";"3,3348";"3,3360";"3,33802509";"3,33361554"
"";"29.10.2025 09:24:00";"NO SIGNAL";"3,3360";"3,3433";"3,3360";"3,3432";"3,33864999";"3,33491564"
"";"29.10.2025 09:25:00";"NO SIGNAL";"3,3430";"3,3454";"3,3428";"3,3443";"3,33997512";"3,33636189"
"";"29.10.2025 09:26:00";"NO SIGNAL";"3,3444";"3,3450";"3,3418";"3,3418";"3,34132481";"3,33758473"
"";"29.10.2025 09:27:00";"NO SIGNAL";"3,3418";"3,3438";"3,3418";"3,3432";"3,34312487";"3,33893871"
"";"29.10.2025 09:28:00";"NO SIGNAL";"3,3431";"3,3435";"3,3402";"3,3408";"3,34252501";"3,33958507"
"";"29.10.2025 09:29:00";"NO SIGNAL";"3,3409";"3,3415";"3,3402";"3,3406";"3,34159994";"3,34018445"
"";"29.10.2025 09:30:00";"NO SIGNAL";"3,3407";"3,3427";"3,3403";"3,3427";"3,34182501";"3,3408463"
"";"29.10.2025 09:31:00";"NO SIGNAL";"3,3427";"3,3445";"3,3417";"3,3417";"3,34144998";"3,34102321"
"";"29.10.2025 09:32:00";"NO SIGNAL";"3,3416";"3,3443";"3,3414";"3,3417";"3,34167504";"3,3409307"
"";"29.10.2025 09:33:00";"NO SIGNAL";"3,3419";"3,3456";"3,3379";"3,3454";"3,34287524";"3,34129238"
"";"29.10.2025 09:34:00";"NO SIGNAL";"3,3449";"3,3478";"3,3449";"3,3476";"3,3441";"3,34195399"
"";"29.10.2025 09:35:00";"NO SIGNAL";"3,3476";"3,3476";"3,3456";"3,3459";"3,34514999";"3,34268427"
"";"29.10.2025 09:36:00";"NO SIGNAL";"3,3460";"3,3473";"3,3451";"3,3455";"3,34609985";"3,34341526"
"";"29.10.2025 09:37:00";"NO SIGNAL";"3,3456";"3,3475";"3,3452";"3,3474";"3,34659982";"3,34373879"
"";"29.10.2025 09:38:00";"NO SIGNAL";"3,3473";"3,3484";"3,3459";"3,3459";"3,34617519";"3,34386158"
"";"29.10.2025 09:39:00";"NO SIGNAL";"3,3460";"3,3463";"3,3450";"3,3452";"3,34599996";"3,34412313"
"";"29.10.2025 09:40:00";"NO SIGNAL";"3,3451";"3,3493";"3,3450";"3,3493";"3,34694982";"3,34459257"
"";"29.10.2025 09:41:00";"NO SIGNAL";"3,3493";"3,3510";"3,3482";"3,3498";"3,34754992";"3,3452847"
"";"29.10.2025 09:42:00";"NO SIGNAL";"3,3499";"3,3506";"3,3490";"3,3490";"3,34832478";"3,34593129"
"";"29.10.2025 09:43:00";"NO SIGNAL";"3,3489";"3,3494";"3,3474";"3,3494";"3,34937525";"3,34644675"
"";"29.10.2025 09:44:00";"NO SIGNAL";"3,3494";"3,3520";"3,3494";"3,3499";"3,34952497";"3,34707737"
"";"29.10.2025 09:45:00";"NO SIGNAL";"3,3499";"3,3517";"3,3485";"3,3504";"3,34967494";"3,34774637"
"";"29.10.2025 09:46:00";"NO SIGNAL";"3,3503";"3,3512";"3,3478";"3,3505";"3,35004997";"3,34813857"
"";"29.10.2025 09:47:00";"NO SIGNAL";"3,3505";"3,3515";"3,3479";"3,3479";"3,34967494";"3,34816194"
"";"29.10.2025 09:48:00";"NO SIGNAL";"3,3479";"3,3480";"3,3451";"3,3460";"3,34870005";"3,34816957"
"237";"29.10.2025 09:49:00";"SELL";"3,3459";"3,3498";"3,3457";"3,3484";"3,34819984";"3,34839225"
"";"29.10.2025 09:50:00";"NO SIGNAL";"3,3484";"3,3493";"3,3473";"3,3491";"3,34784985";"3,34852314"
"238";"29.10.2025 09:51:00";"BUY";"3,3491";"3,3530";"3,3491";"3,3529";"3,34909987";"3,34906125"
"";"29.10.2025 09:52:00";"NO SIGNAL";"3,3529";"3,3529";"3,3504";"3,3504";"3,35020018";"3,34946156"
"";"29.10.2025 09:53:00";"NO SIGNAL";"3,3503";"3,3503";"3,3478";"3,3486";"3,35025001";"3,34940791"
"";"29.10.2025 09:54:00";"NO SIGNAL";"3,3487";"3,3487";"3,3474";"3,3474";"3,34982491";"3,34922314"
"239";"29.10.2025 09:55:00";"SELL";"3,3474";"3,3488";"3,3472";"3,3487";"3,34877515";"3,34920025"
"";"29.10.2025 09:56:00";"NO SIGNAL";"3,3488";"3,3493";"3,3452";"3,3452";"3,34747505";"3,34887671"
"";"29.10.2025 09:57:00";"NO SIGNAL";"3,3453";"3,3465";"3,3453";"3,3465";"3,34694982";"3,34861565"
"";"29.10.2025 09:58:00";"NO SIGNAL";"3,3465";"3,3466";"3,3440";"3,3440";"3,34609985";"3,34812355"
"";"29.10.2025 09:59:00";"NO SIGNAL";"3,3440";"3,3442";"3,3429";"3,3429";"3,34464979";"3,34753871"
"";"29.10.2025 10:00:00";"NO SIGNAL";"3,3428";"3,3428";"3,3409";"3,3410";"3,3435998";"3,34700823"
"";"29.10.2025 10:01:00";"NO SIGNAL";"3,3409";"3,3410";"3,3396";"3,3407";"3,34214997";"3,34660029"
"";"29.10.2025 10:02:00";"NO SIGNAL";"3,3407";"3,3471";"3,3407";"3,3467";"3,34282517";"3,34646964"
"";"29.10.2025 10:03:00";"NO SIGNAL";"3,3468";"3,3510";"3,3464";"3,3510";"3,34485006";"3,34661531"
"240";"29.10.2025 10:04:00";"BUY";"3,3511";"3,3540";"3,3511";"3,3531";"3,34787512";"3,34663081"
"";"29.10.2025 10:05:00";"NO SIGNAL";"3,3530";"3,3549";"3,3530";"3,3539";"3,35117483";"3,34690022"
"";"29.10.2025 10:06:00";"NO SIGNAL";"3,3538";"3,3549";"3,3520";"3,3549";"3,35322499";"3,34738469"
"";"29.10.2025 10:07:00";"NO SIGNAL";"3,3550";"3,3555";"3,3537";"3,3537";"3,35389996";"3,3478694"
"";"29.10.2025 10:08:00";"NO SIGNAL";"3,3538";"3,3544";"3,3531";"3,3531";"3,35389996";"3,34820795"
"";"29.10.2025 10:09:00";"NO SIGNAL";"3,3532";"3,3545";"3,3527";"3,3527";"3,35360003";"3,34878492"
"";"29.10.2025 10:10:00";"NO SIGNAL";"3,3526";"3,3526";"3,3505";"3,3510";"3,35262489";"3,34913087"
"";"29.10.2025 10:11:00";"NO SIGNAL";"3,3509";"3,3509";"3,3481";"3,3492";"3,35150003";"3,34953094"
"";"29.10.2025 10:12:00";"NO SIGNAL";"3,3491";"3,3491";"3,3460";"3,3465";"3,34984994";"3,34980798"
"241";"29.10.2025 10:13:00";"SELL";"3,3465";"3,3481";"3,3463";"3,3480";"3,34867501";"3,35034633"
"";"29.10.2025 10:14:00";"NO SIGNAL";"3,3481";"3,3504";"3,3481";"3,3503";"3,34850001";"3,35108495"
"";"29.10.2025 10:15:00";"NO SIGNAL";"3,3504";"3,3507";"3,3481";"3,3483";"3,34827518";"3,35120797"
"";"29.10.2025 10:16:00";"NO SIGNAL";"3,3484";"3,3508";"3,3480";"3,3508";"3,34934998";"3,35119224"
"";"29.10.2025 10:17:00";"NO SIGNAL";"3,3510";"3,3517";"3,3494";"3,3504";"3,34994984";"3,35098457"
"";"29.10.2025 10:18:00";"NO SIGNAL";"3,3504";"3,3504";"3,3390";"3,3445";"3,34850001";"3,35026145"
"";"29.10.2025 10:19:00";"NO SIGNAL";"3,3445";"3,3453";"3,3431";"3,3443";"3,34749985";"3,34944606"
"";"29.10.2025 10:20:00";"NO SIGNAL";"3,3444";"3,3507";"3,3444";"3,3505";"3,34742522";"3,34920049"
"";"29.10.2025 10:21:00";"NO SIGNAL";"3,3506";"3,3527";"3,3486";"3,3489";"3,34705019";"3,34887743"
"";"29.10.2025 10:22:00";"NO SIGNAL";"3,3490";"3,3500";"3,3480";"3,3500";"3,34842515";"3,34866953"
"242";"29.10.2025 10:23:00";"BUY";"3,3501";"3,3521";"3,3480";"3,3521";"3,35037494";"3,34875417"
"";"29.10.2025 10:24:00";"NO SIGNAL";"3,3522";"3,3558";"3,3522";"3,3547";"3,35142493";"3,34917688"
"";"29.10.2025 10:25:00";"NO SIGNAL";"3,3547";"3,3548";"3,3528";"3,3528";"3,35239983";"3,34966135"
"";"29.10.2025 10:26:00";"NO SIGNAL";"3,3528";"3,3603";"3,3528";"3,3600";"3,35489988";"3,35058451"
"";"29.10.2025 10:27:00";"NO SIGNAL";"3,3599";"3,3674";"3,3592";"3,3631";"3,3576498";"3,35156941"
"";"29.10.2025 10:28:00";"NO SIGNAL";"3,3630";"3,3633";"3,3605";"3,3617";"3,3593998";"3,35260034"
"";"29.10.2025 10:29:00";"NO SIGNAL";"3,3617";"3,3669";"3,3617";"3,3648";"3,36239982";"3,35367703"
"";"29.10.2025 10:30:00";"NO SIGNAL";"3,3650";"3,3696";"3,3650";"3,3696";"3,36479998";"3,35515404"
"";"29.10.2025 10:31:00";"NO SIGNAL";"3,3696";"3,3712";"3,3618";"3,3618";"3,36447501";"3,35648465"
"";"29.10.2025 10:32:00";"NO SIGNAL";"3,3619";"3,3619";"3,3570";"3,3591";"3,36382484";"3,35762334"
"";"29.10.2025 10:33:00";"NO SIGNAL";"3,3591";"3,3633";"3,3591";"3,3633";"3,36345005";"3,35860777"
"";"29.10.2025 10:34:00";"NO SIGNAL";"3,3634";"3,3678";"3,3627";"3,3678";"3,36300015";"3,36006141"
"";"29.10.2025 10:35:00";"NO SIGNAL";"3,3678";"3,3727";"3,3666";"3,3727";"3,36572504";"3,36180735"
"";"29.10.2025 10:36:00";"NO SIGNAL";"3,3726";"3,3776";"3,3723";"3,3726";"3,36910009";"3,36338472"
"";"29.10.2025 10:37:00";"NO SIGNAL";"3,3725";"3,3760";"3,3716";"3,3743";"3,37185001";"3,36489224"
"";"29.10.2025 10:38:00";"NO SIGNAL";"3,3743";"3,3761";"3,3734";"3,3747";"3,37357497";"3,36657739"
"";"29.10.2025 10:39:00";"NO SIGNAL";"3,3748";"3,3775";"3,3748";"3,3773";"3,37472486";"3,36790776"
"";"29.10.2025 10:40:00";"NO SIGNAL";"3,3774";"3,3810";"3,3774";"3,3783";"3,37615013";"3,36907673"
"";"29.10.2025 10:41:00";"NO SIGNAL";"3,3782";"3,3785";"3,3756";"3,3770";"3,37682486";"3,3702538"
"";"29.10.2025 10:42:00";"NO SIGNAL";"3,3771";"3,3771";"3,3739";"3,3740";"3,37665009";"3,37096143"
"";"29.10.2025 10:43:00";"NO SIGNAL";"3,3741";"3,3757";"3,3732";"3,3735";"3,3757";"3,37126207"
"";"29.10.2025 10:44:00";"NO SIGNAL";"3,3735";"3,3737";"3,3709";"3,3735";"3,37450004";"3,3721621"
"";"29.10.2025 10:45:00";"NO SIGNAL";"3,3736";"3,3769";"3,3727";"3,3732";"3,37354994";"3,37324643"
"243";"29.10.2025 10:46:00";"SELL";"3,3733";"3,3755";"3,3718";"3,3729";"3,37327504";"3,37398505"
"";"29.10.2025 10:47:00";"NO SIGNAL";"3,3728";"3,3743";"3,3720";"3,3738";"3,37334991";"3,37444615"
"";"29.10.2025 10:48:00";"NO SIGNAL";"3,3736";"3,3778";"3,3736";"3,3778";"3,37442493";"3,37483835"
"";"29.10.2025 10:49:00";"NO SIGNAL";"3,3777";"3,3777";"3,3726";"3,3726";"3,37427497";"3,37483883"
"";"29.10.2025 10:50:00";"NO SIGNAL";"3,3724";"3,3726";"3,3697";"3,3708";"3,37375021";"3,37456942"
"";"29.10.2025 10:51:00";"NO SIGNAL";"3,3708";"3,3712";"3,3666";"3,3666";"3,37195015";"3,37394643"
"";"29.10.2025 10:52:00";"NO SIGNAL";"3,3665";"3,3724";"3,3664";"3,3695";"3,36987495";"3,37334633"
"";"29.10.2025 10:53:00";"NO SIGNAL";"3,3695";"3,3731";"3,3695";"3,3726";"3,36987495";"3,37290788"
"";"29.10.2025 10:54:00";"NO SIGNAL";"3,3726";"3,3796";"3,3712";"3,3759";"3,37115002";"3,37282348"
"";"29.10.2025 10:55:00";"NO SIGNAL";"3,3759";"3,3769";"3,3716";"3,3716";"3,37240005";"3,37263894"
"244";"29.10.2025 10:56:00";"BUY";"3,3717";"3,3733";"3,3698";"3,3718";"3,37297487";"3,37250805"
"";"29.10.2025 10:57:00";"NO SIGNAL";"3,3719";"3,3734";"3,3698";"3,3708";"3,37252498";"3,37229991"
"245";"29.10.2025 10:58:00";"SELL";"3,3708";"3,3713";"3,3696";"3,3706";"3,37119985";"3,37209988"
"";"29.10.2025 10:59:00";"NO SIGNAL";"3,3706";"3,3706";"3,3598";"3,3671";"3,37007475";"3,3716538"
"";"29.10.2025 11:00:00";"NO SIGNAL";"3,3672";"3,3680";"3,3661";"3,3677";"3,36905003";"3,37118483"
"";"29.10.2025 11:01:00";"NO SIGNAL";"3,3678";"3,3690";"3,3651";"3,3663";"3,36792493";"3,37030005"
"";"29.10.2025 11:02:00";"NO SIGNAL";"3,3662";"3,3686";"3,3626";"3,3686";"3,36742496";"3,36999226"
"";"29.10.2025 11:03:00";"NO SIGNAL";"3,3686";"3,3714";"3,3686";"3,3704";"3,36824989";"3,3699615"
"";"29.10.2025 11:04:00";"NO SIGNAL";"3,3704";"3,3791";"3,3700";"3,3774";"3,37067509";"3,37079263"
"246";"29.10.2025 11:05:00";"BUY";"3,3773";"3,3792";"3,3732";"3,3786";"3,37374997";"3,37149262"
"";"29.10.2025 11:06:00";"NO SIGNAL";"3,3787";"3,3872";"3,3787";"3,3802";"3,37664986";"3,37207699"
"";"29.10.2025 11:07:00";"NO SIGNAL";"3,3802";"3,3854";"3,3775";"3,3846";"3,38019991";"3,37274647"
"";"29.10.2025 11:08:00";"NO SIGNAL";"3,3844";"3,3920";"3,3829";"3,3878";"3,38279986";"3,37399244"
"";"29.10.2025 11:09:00";"NO SIGNAL";"3,3879";"3,3902";"3,3857";"3,3867";"3,38482475";"3,37513852"
"";"29.10.2025 11:10:00";"NO SIGNAL";"3,3867";"3,3910";"3,3867";"3,3903";"3,38734984";"3,37663841"
"";"29.10.2025 11:11:00";"NO SIGNAL";"3,3903";"3,3903";"3,3856";"3,3857";"3,38762498";"3,37779975"
"";"29.10.2025 11:12:00";"NO SIGNAL";"3,3857";"3,3857";"3,3813";"3,3820";"3,38617492";"3,37894559"
"";"29.10.2025 11:13:00";"NO SIGNAL";"3,3820";"3,3844";"3,3820";"3,3842";"3,38555002";"3,38021517"
"";"29.10.2025 11:14:00";"NO SIGNAL";"3,3842";"3,3857";"3,3842";"3,3852";"3,38427496";"3,38166904"
"";"29.10.2025 11:15:00";"NO SIGNAL";"3,3853";"3,3872";"3,3842";"3,3846";"3,38400006";"3,3829"
"";"29.10.2025 11:16:00";"NO SIGNAL";"3,3846";"3,3881";"3,3846";"3,3875";"3,38537502";"3,38421559"
"";"29.10.2025 11:17:00";"NO SIGNAL";"3,3874";"3,3874";"3,3815";"3,3838";"3,38527489";"3,38470793"
"";"29.10.2025 11:18:00";"NO SIGNAL";"3,3839";"3,3869";"3,3839";"3,3869";"3,38569999";"3,38534617"
"";"29.10.2025 11:19:00";"NO SIGNAL";"3,3870";"3,3908";"3,3863";"3,3900";"3,38704991";"3,38610029"
"";"29.10.2025 11:20:00";"NO SIGNAL";"3,3900";"3,3919";"3,3890";"3,3890";"3,38742495";"3,38643861"
"";"29.10.2025 11:21:00";"NO SIGNAL";"3,3891";"3,3932";"3,3886";"3,3922";"3,38952494";"3,38677716"
"";"29.10.2025 11:22:00";"NO SIGNAL";"3,3922";"3,3953";"3,3916";"3,3946";"3,39145017";"3,38738489"
"";"29.10.2025 11:23:00";"NO SIGNAL";"3,3951";"3,3973";"3,3947";"3,3969";"3,39317513";"3,38789272"
"";"29.10.2025 11:24:00";"NO SIGNAL";"3,3969";"3,4001";"3,3951";"3,3951";"3,39470005";"3,38861561"
"";"29.10.2025 11:25:00";"NO SIGNAL";"3,3951";"3,3956";"3,3908";"3,3920";"3,39464998";"3,38938498"
"";"29.10.2025 11:26:00";"NO SIGNAL";"3,3920";"3,3929";"3,3909";"3,3910";"3,39375019";"3,38990808"
"";"29.10.2025 11:27:00";"NO SIGNAL";"3,3911";"3,3940";"3,3904";"3,3916";"3,39242506";"3,39040041"
"";"29.10.2025 11:28:00";"NO SIGNAL";"3,3916";"3,3925";"3,3898";"3,3917";"3,3915751";"3,39094663"
"";"29.10.2025 11:29:00";"NO SIGNAL";"3,3917";"3,3987";"3,3917";"3,3963";"3,39264989";"3,39162302"
"";"29.10.2025 11:30:00";"NO SIGNAL";"3,3964";"3,4000";"3,3949";"3,3967";"3,39407492";"3,39261532"
"";"29.10.2025 11:31:00";"NO SIGNAL";"3,3966";"3,3981";"3,3954";"3,3969";"3,39540005";"3,39338493"
"";"29.10.2025 11:32:00";"NO SIGNAL";"3,3968";"3,3984";"3,3950";"3,3982";"3,39702511";"3,39401555"
"";"29.10.2025 11:33:00";"NO SIGNAL";"3,3982";"3,3989";"3,3970";"3,3983";"3,39752507";"3,39473128"
"";"29.10.2025 11:34:00";"NO SIGNAL";"3,3983";"3,4041";"3,3983";"3,4012";"3,39865017";"3,39542317"
"";"29.10.2025 11:35:00";"NO SIGNAL";"3,4011";"3,4015";"3,3980";"3,3980";"3,39892507";"3,39568448"
"";"29.10.2025 11:36:00";"NO SIGNAL";"3,3980";"3,3980";"3,3953";"3,3968";"3,39857507";"3,39567685"
"";"29.10.2025 11:37:00";"NO SIGNAL";"3,3968";"3,4006";"3,3968";"3,3975";"3,39837503";"3,39586163"
"";"29.10.2025 11:38:00";"NO SIGNAL";"3,3975";"3,3979";"3,3948";"3,3948";"3,39677501";"3,39607716"
"";"29.10.2025 11:39:00";"NO SIGNAL";"3,3949";"3,4008";"3,3948";"3,3991";"3,39705014";"3,39670038"
"";"29.10.2025 11:40:00";"NO SIGNAL";"3,3993";"3,4031";"3,3990";"3,4016";"3,3982501";"3,39746928"
"";"29.10.2025 11:41:00";"NO SIGNAL";"3,4017";"3,4020";"3,3981";"3,3982";"3,3984251";"3,39796925"
"";"29.10.2025 11:42:00";"NO SIGNAL";"3,3982";"3,3990";"3,3968";"3,3990";"3,3994751";"3,39817715"
"";"29.10.2025 11:43:00";"NO SIGNAL";"3,3990";"3,4028";"3,3979";"3,4017";"3,40012503";"3,39856195"
"";"29.10.2025 11:44:00";"NO SIGNAL";"3,4017";"3,4042";"3,4010";"3,4010";"3,39997506";"3,39887691"
"";"29.10.2025 11:45:00";"NO SIGNAL";"3,4011";"3,4107";"3,4011";"3,4097";"3,40285015";"3,39976168"
"";"29.10.2025 11:46:00";"NO SIGNAL";"3,4096";"3,4135";"3,4083";"3,4121";"3,40612507";"3,40082288"
"";"29.10.2025 11:47:00";"NO SIGNAL";"3,4120";"3,4123";"3,4086";"3,4099";"3,40817499";"3,40149236"
"";"29.10.2025 11:48:00";"NO SIGNAL";"3,4099";"3,4107";"3,4083";"3,4083";"3,40999985";"3,40228462"
"";"29.10.2025 11:49:00";"NO SIGNAL";"3,4082";"3,4100";"3,4080";"3,4089";"3,40979981";"3,40321517"
"";"29.10.2025 11:50:00";"NO SIGNAL";"3,4089";"3,4114";"3,4085";"3,4107";"3,40944982";"3,40423059"
"";"29.10.2025 11:51:00";"NO SIGNAL";"3,4108";"3,4180";"3,4108";"3,4174";"3,41132498";"3,40596938"
"";"29.10.2025 11:52:00";"NO SIGNAL";"3,4175";"3,4213";"3,4157";"3,4195";"3,41412497";"3,40753865"
"";"29.10.2025 11:53:00";"NO SIGNAL";"3,4193";"3,4226";"3,4170";"3,4224";"3,41750002";"3,40913844"
"";"29.10.2025 11:54:00";"NO SIGNAL";"3,4225";"3,4256";"3,4214";"3,4222";"3,42037487";"3,41098452"
"";"29.10.2025 11:55:00";"NO SIGNAL";"3,4223";"3,4247";"3,4208";"3,4243";"3,42210007";"3,41293073"
"";"29.10.2025 11:56:00";"NO SIGNAL";"3,4243";"3,4263";"3,4217";"3,4217";"3,42264986";"3,41446924"
"";"29.10.2025 11:57:00";"NO SIGNAL";"3,4217";"3,4236";"3,4207";"3,4208";"3,42225003";"3,4159925"
"";"29.10.2025 11:58:00";"NO SIGNAL";"3,4209";"3,4209";"3,4165";"3,4166";"3,42085004";"3,41652346"
"";"29.10.2025 11:59:00";"NO SIGNAL";"3,4165";"3,4175";"3,4145";"3,4170";"3,41902494";"3,41690016"
"247";"29.10.2025 12:00:00";"SELL";"3,4171";"3,4171";"3,4106";"3,4144";"3,41720009";"3,4172461"
"";"29.10.2025 12:01:00";"NO SIGNAL";"3,4143";"3,4180";"3,4143";"3,4176";"3,41639996";"3,4179616"
"";"29.10.2025 12:02:00";"NO SIGNAL";"3,4172";"3,4187";"3,4145";"3,4177";"3,41667509";"3,41863847"
"";"29.10.2025 12:03:00";"NO SIGNAL";"3,4178";"3,4222";"3,4147";"3,4147";"3,41610003";"3,41894603"
"";"29.10.2025 12:04:00";"NO SIGNAL";"3,4147";"3,4179";"3,4144";"3,4174";"3,41684985";"3,41894603"
"";"29.10.2025 12:05:00";"NO SIGNAL";"3,4175";"3,4212";"3,4175";"3,4186";"3,41709995";"3,41887712"
"";"29.10.2025 12:06:00";"NO SIGNAL";"3,4187";"3,4199";"3,4185";"3,4191";"3,41744995";"3,41862321"
"";"29.10.2025 12:07:00";"NO SIGNAL";"3,4192";"3,4208";"3,4173";"3,4173";"3,41809988";"3,41824627"
"";"29.10.2025 12:08:00";"NO SIGNAL";"3,4174";"3,4174";"3,4132";"3,4136";"3,41715002";"3,41742301"
"";"29.10.2025 12:09:00";"NO SIGNAL";"3,4137";"3,4147";"3,4130";"3,4142";"3,41604996";"3,41684628"
"";"29.10.2025 12:10:00";"NO SIGNAL";"3,4142";"3,4180";"3,4135";"3,4173";"3,41560006";"3,4165771"
"";"29.10.2025 12:11:00";"NO SIGNAL";"3,4174";"3,4199";"3,4173";"3,4185";"3,41589999";"3,41672301"
"248";"29.10.2025 12:12:00";"BUY";"3,4186";"3,4227";"3,4182";"3,4187";"3,41717505";"3,4168539"
"";"29.10.2025 12:13:00";"NO SIGNAL";"3,4187";"3,4187";"3,4167";"3,4177";"3,41805005";"3,41710758"
"";"29.10.2025 12:14:00";"NO SIGNAL";"3,4178";"3,4199";"3,4178";"3,4199";"3,41869998";"3,41728449"
"";"29.10.2025 12:15:00";"NO SIGNAL";"3,4199";"3,4278";"3,4189";"3,4278";"3,42102504";"3,41806149"
"";"29.10.2025 12:16:00";"NO SIGNAL";"3,4278";"3,4332";"3,4278";"3,4332";"3,42464995";"3,41948509"
"";"29.10.2025 12:17:00";"NO SIGNAL";"3,4332";"3,4333";"3,4311";"3,4311";"3,42799997";"3,4205389"
"";"29.10.2025 12:18:00";"NO SIGNAL";"3,4311";"3,4358";"3,4305";"3,4350";"3,43177485";"3,42180037"
"";"29.10.2025 12:19:00";"NO SIGNAL";"3,4350";"3,4363";"3,4329";"3,4341";"3,43334985";"3,42295408"
"";"29.10.2025 12:20:00";"NO SIGNAL";"3,4341";"3,4348";"3,4310";"3,4318";"3,43299985";"3,42406917"
"";"29.10.2025 12:21:00";"NO SIGNAL";"3,4318";"3,4318";"3,4280";"3,4292";"3,43252516";"3,42526937"
"";"29.10.2025 12:22:00";"NO SIGNAL";"3,4292";"3,4295";"3,4275";"3,4293";"3,43110013";"3,42643094"
"";"29.10.2025 12:23:00";"NO SIGNAL";"3,4292";"3,4293";"3,4241";"3,4241";"3,42860007";"3,42695403"
"249";"29.10.2025 12:24:00";"SELL";"3,4241";"3,4241";"3,4210";"3,4214";"3,42600012";"3,42717695"
"";"29.10.2025 12:25:00";"NO SIGNAL";"3,4215";"3,4253";"3,4215";"3,4224";"3,42430019";"3,42746162"
"";"29.10.2025 12:26:00";"NO SIGNAL";"3,4223";"3,4232";"3,4161";"3,4221";"3,4224999";"3,4277997"
"";"29.10.2025 12:27:00";"NO SIGNAL";"3,4220";"3,4233";"3,4196";"3,4196";"3,42137504";"3,42777681"
"";"29.10.2025 12:28:00";"NO SIGNAL";"3,4195";"3,4212";"3,4157";"3,4179";"3,4204998";"3,42701554"
"";"29.10.2025 12:29:00";"NO SIGNAL";"3,4180";"3,4183";"3,4170";"3,4177";"3,41932487";"3,42582297"
"";"29.10.2025 12:30:00";"NO SIGNAL";"3,4177";"3,4224";"3,4177";"3,4222";"3,41935015";"3,42513895"
"";"29.10.2025 12:31:00";"NO SIGNAL";"3,4222";"3,4239";"3,4193";"3,4234";"3,42030001";"3,42424607"
"";"29.10.2025 12:32:00";"NO SIGNAL";"3,4234";"3,4239";"3,4205";"3,4206";"3,42097497";"3,42320752"
"";"29.10.2025 12:33:00";"NO SIGNAL";"3,4206";"3,4209";"3,4171";"3,4193";"3,42137504";"3,42224598"
"250";"29.10.2025 12:34:00";"BUY";"3,4193";"3,4242";"3,4183";"3,4242";"3,421875";"3,42186141"
"";"29.10.2025 12:35:00";"NO SIGNAL";"3,4241";"3,4242";"3,4196";"3,4213";"3,42135";"3,42124629"
"";"29.10.2025 12:36:00";"NO SIGNAL";"3,4213";"3,4242";"3,4213";"3,4219";"3,42167497";"3,42107701"
"";"29.10.2025 12:37:00";"NO SIGNAL";"3,4218";"3,4247";"3,4211";"3,4214";"3,42219996";"3,42107725"
"";"29.10.2025 12:38:00";"NO SIGNAL";"3,4213";"3,4237";"3,4192";"3,4223";"3,42172503";"3,42106962"
"";"29.10.2025 12:39:00";"NO SIGNAL";"3,4224";"3,4282";"3,4224";"3,4282";"3,42344999";"3,42153883"
"";"29.10.2025 12:40:00";"NO SIGNAL";"3,4284";"3,4284";"3,4255";"3,4264";"3,42457509";"3,42206168"
"";"29.10.2025 12:41:00";"NO SIGNAL";"3,4265";"3,4273";"3,4254";"3,4261";"3,42575002";"3,42269254"
"";"29.10.2025 12:42:00";"NO SIGNAL";"3,4261";"3,4305";"3,4261";"3,4269";"3,42689991";"3,42340016"
"";"29.10.2025 12:43:00";"NO SIGNAL";"3,4275";"3,4286";"3,4250";"3,4286";"3,42700005";"3,4238925"
"";"29.10.2025 12:44:00";"NO SIGNAL";"3,4288";"3,4295";"3,4256";"3,4258";"3,42684984";"3,4240768"
"";"29.10.2025 12:45:00";"NO SIGNAL";"3,4258";"3,4277";"3,4217";"3,4236";"3,42622495";"3,42430806"
"";"29.10.2025 12:46:00";"NO SIGNAL";"3,4237";"3,4245";"3,4200";"3,4204";"3,42460012";"3,42439294"
"251";"29.10.2025 12:47:00";"SELL";"3,4206";"3,4216";"3,4198";"3,4202";"3,42250013";"3,42408466"
"";"29.10.2025 12:48:00";"NO SIGNAL";"3,4201";"3,4202";"3,4157";"3,4180";"3,42055011";"3,42383099"
"";"29.10.2025 12:49:00";"NO SIGNAL";"3,4181";"3,4181";"3,4147";"3,4180";"3,41914988";"3,42353082"
"";"29.10.2025 12:50:00";"NO SIGNAL";"3,4181";"3,4187";"3,4140";"3,4145";"3,41767502";"3,4230001"
"";"29.10.2025 12:51:00";"NO SIGNAL";"3,4146";"3,4193";"3,4139";"3,4188";"3,41732502";"3,42273116"
"";"29.10.2025 12:52:00";"NO SIGNAL";"3,4190";"3,4254";"3,4190";"3,4252";"3,41912508";"3,42250013"
"";"29.10.2025 12:53:00";"NO SIGNAL";"3,4253";"3,4281";"3,4241";"3,4246";"3,42077518";"3,42236161"
"252";"29.10.2025 12:54:00";"BUY";"3,4246";"3,4246";"3,4217";"3,4217";"3,422575";"3,42202306"
"";"29.10.2025 12:55:00";"NO SIGNAL";"3,4216";"3,4216";"3,4160";"3,4167";"3,42205";"3,42123842"
"253";"29.10.2025 12:56:00";"SELL";"3,4168";"3,4177";"3,4123";"3,4128";"3,41894984";"3,42002296"
"";"29.10.2025 12:57:00";"NO SIGNAL";"3,4129";"3,4147";"3,4114";"3,4118";"3,41575003";"3,41894603"
"";"29.10.2025 12:58:00";"NO SIGNAL";"3,4119";"3,4150";"3,4119";"3,4144";"3,41392517";"3,41823864"
"";"29.10.2025 12:59:00";"NO SIGNAL";"3,4144";"3,4161";"3,4122";"3,4160";"3,41374993";"3,41789985"
"";"29.10.2025 13:00:00";"NO SIGNAL";"3,4160";"3,4197";"3,4156";"3,4156";"3,41445017";"3,41754627"
"";"29.10.2025 13:01:00";"NO SIGNAL";"3,4156";"3,4172";"3,4127";"3,4145";"3,41512489";"3,41727734"
"";"29.10.2025 13:02:00";"NO SIGNAL";"3,4142";"3,4169";"3,4141";"3,4159";"3,41550016";"3,41711593"
"";"29.10.2025 13:03:00";"NO SIGNAL";"3,4159";"3,4169";"3,4132";"3,4158";"3,4154501";"3,41721559"
"";"29.10.2025 13:04:00";"NO SIGNAL";"3,4157";"3,4200";"3,4152";"3,4191";"3,41632509";"3,41723847"
"254";"29.10.2025 13:05:00";"BUY";"3,4191";"3,4239";"3,4191";"3,4237";"3,41862512";"3,41712308"
"";"29.10.2025 13:06:00";"NO SIGNAL";"3,4237";"3,4238";"3,4195";"3,4204";"3,41974998";"3,41679978"
"";"29.10.2025 13:07:00";"NO SIGNAL";"3,4209";"3,4229";"3,4177";"3,4222";"3,42135";"3,41683817"
"";"29.10.2025 13:08:00";"NO SIGNAL";"3,4222";"3,4233";"3,4185";"3,4200";"3,42157507";"3,41709208"
"";"29.10.2025 13:09:00";"NO SIGNAL";"3,4199";"3,4207";"3,4174";"3,4207";"3,420825";"3,41770029"
"";"29.10.2025 13:10:00";"NO SIGNAL";"3,4207";"3,4223";"3,4188";"3,4205";"3,42085004";"3,41836905"
"";"29.10.2025 13:11:00";"NO SIGNAL";"3,4205";"3,4208";"3,4191";"3,4198";"3,42024994";"3,41878486"
"";"29.10.2025 13:12:00";"NO SIGNAL";"3,4199";"3,4229";"3,4174";"3,4224";"3,42085004";"3,41927743"
"";"29.10.2025 13:13:00";"NO SIGNAL";"3,4224";"3,4263";"3,4220";"3,4246";"3,42182493";"3,4199698"
"";"29.10.2025 13:14:00";"NO SIGNAL";"3,4244";"3,4259";"3,4243";"3,4259";"3,42317486";"3,42084622"
"";"29.10.2025 13:15:00";"NO SIGNAL";"3,4259";"3,4267";"3,4239";"3,4240";"3,42422485";"3,42146897"
"";"29.10.2025 13:16:00";"NO SIGNAL";"3,4239";"3,4311";"3,4231";"3,4311";"3,42639995";"3,42264628"
"";"29.10.2025 13:17:00";"NO SIGNAL";"3,4310";"3,4335";"3,4303";"3,4327";"3,42842484";"3,42369199"
"";"29.10.2025 13:18:00";"NO SIGNAL";"3,4329";"3,4340";"3,4305";"3,4310";"3,4296999";"3,4242537"
"";"29.10.2025 13:19:00";"NO SIGNAL";"3,4310";"3,4310";"3,4250";"3,4250";"3,42995";"3,42460799"
"";"29.10.2025 13:20:00";"NO SIGNAL";"3,4248";"3,4250";"3,4227";"3,4235";"3,42805004";"3,42470789"
"";"29.10.2025 13:21:00";"NO SIGNAL";"3,4234";"3,4234";"3,4220";"3,4220";"3,42537498";"3,42486167"
"255";"29.10.2025 13:22:00";"SELL";"3,4220";"3,4232";"3,4211";"3,4222";"3,4231751";"3,42497706"
"";"29.10.2025 13:23:00";"NO SIGNAL";"3,4223";"3,4267";"3,4223";"3,4262";"3,42347503";"3,42541552"
"";"29.10.2025 13:24:00";"NO SIGNAL";"3,4262";"3,4287";"3,4250";"3,4274";"3,42444992";"3,42599988"
"";"29.10.2025 13:25:00";"NO SIGNAL";"3,4273";"3,4300";"3,4273";"3,4280";"3,42595005";"3,4264307"
"256";"29.10.2025 13:26:00";"BUY";"3,4279";"3,4328";"3,4278";"3,4328";"3,42860007";"3,42706156"
"";"29.10.2025 13:27:00";"NO SIGNAL";"3,4328";"3,4338";"3,4287";"3,4293";"3,42937517";"3,4273231"
"";"29.10.2025 13:28:00";"NO SIGNAL";"3,4292";"3,4292";"3,4276";"3,4276";"3,42942524";"3,42760015"
"";"29.10.2025 13:29:00";"NO SIGNAL";"3,4276";"3,4277";"3,4263";"3,4271";"3,42920017";"3,42729259"
"";"29.10.2025 13:30:00";"NO SIGNAL";"3,4270";"3,4286";"3,4242";"3,4258";"3,42745018";"3,42676187"
"";"29.10.2025 13:31:00";"NO SIGNAL";"3,4257";"3,4385";"3,4250";"3,4370";"3,42937493";"3,42722297"
"";"29.10.2025 13:32:00";"NO SIGNAL";"3,4368";"3,4399";"3,4305";"3,4313";"3,4303";"3,42770791"
"";"29.10.2025 13:33:00";"NO SIGNAL";"3,4313";"3,4350";"3,4234";"3,4240";"3,42952514";"3,4277463"
"";"29.10.2025 13:34:00";"NO SIGNAL";"3,4238";"3,4255";"3,4185";"3,4213";"3,42840004";"3,42769217"
"257";"29.10.2025 13:35:00";"SELL";"3,4210";"3,4252";"3,4196";"3,4224";"3,42475009";"3,42770791"
"";"29.10.2025 13:36:00";"NO SIGNAL";"3,4224";"3,4246";"3,4128";"3,4161";"3,42094994";"3,42693067"
"";"29.10.2025 13:37:00";"NO SIGNAL";"3,4161";"3,4180";"3,4030";"3,4103";"3,41752505";"3,42561555"
"";"29.10.2025 13:38:00";"NO SIGNAL";"3,4100";"3,4173";"3,4087";"3,4158";"3,41615009";"3,4246769"
"";"29.10.2025 13:39:00";"NO SIGNAL";"3,4159";"3,4165";"3,4105";"3,4135";"3,41392517";"3,42319226"
"";"29.10.2025 13:40:00";"NO SIGNAL";"3,4135";"3,4145";"3,4094";"3,4134";"3,41325021";"3,42196941"
"";"29.10.2025 13:41:00";"NO SIGNAL";"3,4132";"3,4176";"3,4122";"3,4151";"3,41444993";"3,42100811"
"";"29.10.2025 13:42:00";"NO SIGNAL";"3,4151";"3,4239";"3,4151";"3,4203";"3,41557503";"3,42048478"
"";"29.10.2025 13:43:00";"NO SIGNAL";"3,4209";"3,4209";"3,4109";"3,4172";"3,41649985";"3,41982317"
"";"29.10.2025 13:44:00";"NO SIGNAL";"3,4173";"3,4210";"3,4173";"3,4180";"3,41765022";"3,4183619"
"";"29.10.2025 13:45:00";"NO SIGNAL";"3,4180";"3,4207";"3,4104";"3,4108";"3,41657495";"3,41678476"
"";"29.10.2025 13:46:00";"NO SIGNAL";"3,4107";"3,4171";"3,4101";"3,4160";"3,41549993";"3,4161694"
"";"29.10.2025 13:47:00";"NO SIGNAL";"3,4160";"3,4168";"3,4092";"3,4093";"3,4135251";"3,41524625"
"";"29.10.2025 13:48:00";"NO SIGNAL";"3,4094";"3,4122";"3,4062";"3,4090";"3,41127515";"3,4142158"
"";"29.10.2025 13:49:00";"NO SIGNAL";"3,4090";"3,4135";"3,4090";"3,4097";"3,41099977";"3,41372347"
"";"29.10.2025 13:50:00";"NO SIGNAL";"3,4098";"3,4116";"3,4054";"3,4064";"3,40859985";"3,41342282"
"";"29.10.2025 13:51:00";"NO SIGNAL";"3,4064";"3,4159";"3,4026";"3,4112";"3,40907526";"3,41306973"
"";"29.10.2025 13:52:00";"NO SIGNAL";"3,4111";"3,4137";"3,4073";"3,4136";"3,41022491";"3,41307688"
"";"29.10.2025 13:53:00";"NO SIGNAL";"3,4142";"3,4142";"3,4021";"3,4025";"3,40842509";"3,41223836"
"";"29.10.2025 13:54:00";"NO SIGNAL";"3,4025";"3,4070";"3,4022";"3,4067";"3,40849972";"3,41159225"
"";"29.10.2025 13:55:00";"NO SIGNAL";"3,4069";"3,4101";"3,4014";"3,4014";"3,40604997";"3,41013885"
"";"29.10.2025 13:56:00";"NO SIGNAL";"3,4013";"3,4070";"3,3975";"3,4061";"3,40417504";"3,40928483"
"";"29.10.2025 13:57:00";"NO SIGNAL";"3,4061";"3,4149";"3,4060";"3,4104";"3,40614986";"3,40870023"
"";"29.10.2025 13:58:00";"NO SIGNAL";"3,4104";"3,4111";"3,4036";"3,4053";"3,40579987";"3,40827727"
"258";"29.10.2025 13:59:00";"BUY";"3,4055";"3,4108";"3,4055";"3,4097";"3,40787482";"3,40779233"
"";"29.10.2025 14:00:00";"NO SIGNAL";"3,4093";"3,4135";"3,4070";"3,4075";"3,40822506";"3,40765405"
"259";"29.10.2025 14:01:00";"SELL";"3,4079";"3,4080";"3,4008";"3,4023";"3,40619993";"3,40713835"
"";"29.10.2025 14:02:00";"NO SIGNAL";"3,4020";"3,4057";"3,3982";"3,3991";"3,40465021";"3,40632319"
"";"29.10.2025 14:03:00";"NO SIGNAL";"3,3988";"3,3988";"3,3878";"3,3910";"3,39997506";"3,40513849"
"";"29.10.2025 14:04:00";"NO SIGNAL";"3,3910";"3,3934";"3,3871";"3,3923";"3,39617491";"3,40368485"
"";"29.10.2025 14:05:00";"NO SIGNAL";"3,3923";"3,3923";"3,3856";"3,3869";"3,39232492";"3,40163112"
"";"29.10.2025 14:06:00";"NO SIGNAL";"3,3869";"3,3923";"3,3852";"3,3879";"3,38952494";"3,40050793"
"";"29.10.2025 14:07:00";"NO SIGNAL";"3,3877";"3,3930";"3,3877";"3,3905";"3,38940001";"3,39926195"
"";"29.10.2025 14:08:00";"NO SIGNAL";"3,3905";"3,3916";"3,3885";"3,3916";"3,38922501";"3,39850783"
"";"29.10.2025 14:09:00";"NO SIGNAL";"3,3915";"3,3945";"3,3902";"3,3931";"3,39077497";"3,39750767"
"";"29.10.2025 14:10:00";"NO SIGNAL";"3,3932";"3,3948";"3,3929";"3,3937";"3,39222503";"3,39622307"
"";"29.10.2025 14:11:00";"NO SIGNAL";"3,3940";"3,3958";"3,3913";"3,3918";"3,39254975";"3,39518452"
"";"29.10.2025 14:12:00";"NO SIGNAL";"3,3917";"3,3917";"3,3829";"3,3869";"3,39137483";"3,39343095"
"";"29.10.2025 14:13:00";"NO SIGNAL";"3,3870";"3,3945";"3,3861";"3,3930";"3,39134979";"3,39231539"
"";"29.10.2025 14:14:00";"NO SIGNAL";"3,3930";"3,3974";"3,3929";"3,3937";"3,39134979";"3,39165401"
"260";"29.10.2025 14:15:00";"BUY";"3,3938";"3,3966";"3,3930";"3,3937";"3,39182496";"3,39123869"
"";"29.10.2025 14:16:00";"NO SIGNAL";"3,3938";"3,3976";"3,3926";"3,3971";"3,39437485";"3,39170766"
"";"29.10.2025 14:17:00";"NO SIGNAL";"3,3967";"3,3970";"3,3916";"3,3920";"3,39412475";"3,39168501"
"";"29.10.2025 14:18:00";"NO SIGNAL";"3,3919";"3,3927";"3,3866";"3,3894";"3,39304972";"3,39187694"
"";"29.10.2025 14:19:00";"NO SIGNAL";"3,3880";"3,3930";"3,3872";"3,3904";"3,39222479";"3,39206934"
"261";"29.10.2025 14:20:00";"SELL";"3,3903";"3,3912";"3,3855";"3,3900";"3,39045";"3,39203095"
"";"29.10.2025 14:21:00";"NO SIGNAL";"3,3899";"3,3900";"3,3808";"3,3890";"3,38969994";"3,39183092"
"";"29.10.2025 14:22:00";"NO SIGNAL";"3,3891";"3,3904";"3,3879";"3,3894";"3,38969994";"3,39154649"
"";"29.10.2025 14:23:00";"NO SIGNAL";"3,3894";"3,3899";"3,3773";"3,3827";"3,38777518";"3,39070034"
"";"29.10.2025 14:24:00";"NO SIGNAL";"3,3827";"3,3827";"3,3802";"3,3826";"3,38592482";"3,38999248"
"";"29.10.2025 14:25:00";"NO SIGNAL";"3,3826";"3,3871";"3,3815";"3,3815";"3,38404989";"3,38957691"
"";"29.10.2025 14:26:00";"NO SIGNAL";"3,3815";"3,3880";"3,3798";"3,3862";"3,38325";"3,38905382"
"";"29.10.2025 14:27:00";"NO SIGNAL";"3,3862";"3,3881";"3,3837";"3,3842";"3,38362503";"3,38832283"
"";"29.10.2025 14:28:00";"NO SIGNAL";"3,3843";"3,3872";"3,3770";"3,3775";"3,38234997";"3,38707685"
"";"29.10.2025 14:29:00";"NO SIGNAL";"3,3775";"3,3822";"3,3775";"3,3822";"3,38252497";"3,38593102"
"";"29.10.2025 14:30:00";"NO SIGNAL";"3,3822";"3,3827";"3,3778";"3,3802";"3,38102508";"3,38502336"
"";"29.10.2025 14:31:00";"NO SIGNAL";"3,3810";"3,3875";"3,3808";"3,3872";"3,3817749";"3,38485408"
"";"29.10.2025 14:32:00";"NO SIGNAL";"3,3871";"3,3877";"3,3844";"3,3877";"3,38432503";"3,38464642"
"262";"29.10.2025 14:33:00";"BUY";"3,3878";"3,3900";"3,3851";"3,3869";"3,38549995";"3,384408"
"";"29.10.2025 14:34:00";"NO SIGNAL";"3,3868";"3,3913";"3,3868";"3,3909";"3,38817501";"3,38455415"
"";"29.10.2025 14:35:00";"NO SIGNAL";"3,3909";"3,3930";"3,3866";"3,3907";"3,38905001";"3,38465357"
"";"29.10.2025 14:36:00";"NO SIGNAL";"3,3905";"3,3918";"3,3875";"3,3908";"3,38982487";"3,38527703"
"";"29.10.2025 14:37:00";"NO SIGNAL";"3,3908";"3,3950";"3,3908";"3,3950";"3,39184999";"3,38623095"
"";"29.10.2025 14:38:00";"NO SIGNAL";"3,3950";"3,4001";"3,3948";"3,3974";"3,39347506";"3,38745356"
"";"29.10.2025 14:39:00";"NO SIGNAL";"3,3975";"3,3995";"3,3967";"3,3975";"3,39517498";"3,38832283"
"";"29.10.2025 14:40:00";"NO SIGNAL";"3,3974";"3,4002";"3,3950";"3,3953";"3,39629984";"3,38917661"
"";"29.10.2025 14:41:00";"NO SIGNAL";"3,3953";"3,3999";"3,3953";"3,3980";"3,3970499";"3,39075375"
"";"29.10.2025 14:42:00";"NO SIGNAL";"3,3979";"3,3998";"3,3945";"3,3965";"3,39682508";"3,39185381"
"";"29.10.2025 14:43:00";"NO SIGNAL";"3,3966";"3,3975";"3,3942";"3,3956";"3,39634991";"3,39303875"
"";"29.10.2025 14:44:00";"NO SIGNAL";"3,3956";"3,3956";"3,3940";"3,3940";"3,39602494";"3,3935616"
"";"29.10.2025 14:45:00";"NO SIGNAL";"3,3940";"3,4022";"3,3940";"3,4022";"3,39707518";"3,3946774"
"";"29.10.2025 14:46:00";"NO SIGNAL";"3,4026";"3,4062";"3,3993";"3,4017";"3,39837503";"3,39581585"
"";"29.10.2025 14:47:00";"NO SIGNAL";"3,4018";"3,4046";"3,4008";"3,4032";"3,40027499";"3,39676189"
"";"29.10.2025 14:48:00";"NO SIGNAL";"3,4031";"3,4074";"3,4025";"3,4040";"3,40277505";"3,39778471"
"";"29.10.2025 14:49:00";"NO SIGNAL";"3,4040";"3,4040";"3,3992";"3,3999";"3,40219998";"3,39848447"
"";"29.10.2025 14:50:00";"NO SIGNAL";"3,3999";"3,4007";"3,3867";"3,3918";"3,39972496";"3,39823818"
"263";"29.10.2025 14:51:00";"SELL";"3,3916";"3,3960";"3,3916";"3,3955";"3,39780021";"3,39809203"
"";"29.10.2025 14:52:00";"NO SIGNAL";"3,3955";"3,3987";"3,3955";"3,3980";"3,39629984";"3,39813066"
"";"29.10.2025 14:53:00";"NO SIGNAL";"3,3980";"3,3997";"3,3971";"3,3986";"3,39597511";"3,39838457"
"";"29.10.2025 14:54:00";"NO SIGNAL";"3,3987";"3,3987";"3,3955";"3,3959";"3,39700007";"3,39822316"
"";"29.10.2025 14:55:00";"NO SIGNAL";"3,3959";"3,3966";"3,3910";"3,3942";"3,39667487";"3,39804626"
"";"29.10.2025 14:56:00";"NO SIGNAL";"3,3942";"3,3995";"3,3932";"3,3984";"3,39677525";"3,39826155"
"";"29.10.2025 14:57:00";"NO SIGNAL";"3,3985";"3,3990";"3,3953";"3,3961";"3,39615011";"3,39842296"
"";"29.10.2025 14:58:00";"NO SIGNAL";"3,3960";"3,3995";"3,3952";"3,3971";"3,39645004";"3,39803052"
"";"29.10.2025 14:59:00";"NO SIGNAL";"3,3970";"3,3992";"3,3965";"3,3992";"3,39770007";"3,39783835"
"264";"29.10.2025 15:00:00";"BUY";"3,3993";"3,4024";"3,3966";"3,4024";"3,3987";"3,39777684"
"";"29.10.2025 15:01:00";"NO SIGNAL";"3,4017";"3,4032";"3,4005";"3,4021";"3,40019989";"3,39763069"
"";"29.10.2025 15:02:00";"NO SIGNAL";"3,4019";"3,4019";"3,3973";"3,3973";"3,40024996";"3,3974309"
"";"29.10.2025 15:03:00";"NO SIGNAL";"3,3974";"3,3987";"3,3939";"3,3951";"3,399225";"3,39768457"
"265";"29.10.2025 15:04:00";"SELL";"3,3951";"3,3960";"3,3880";"3,3900";"3,39612484";"3,39726186"
"";"29.10.2025 15:05:00";"NO SIGNAL";"3,3900";"3,3989";"3,3899";"3,3980";"3,39509988";"3,39726186"
"";"29.10.2025 15:06:00";"NO SIGNAL";"3,3982";"3,4028";"3,3978";"3,3994";"3,39562511";"3,39732337"
"";"29.10.2025 15:07:00";"NO SIGNAL";"3,3995";"3,3995";"3,3961";"3,3962";"3,39590001";"3,39734602"
"";"29.10.2025 15:08:00";"NO SIGNAL";"3,3961";"3,3961";"3,3878";"3,3884";"3,39549994";"3,39689994"
"";"29.10.2025 15:09:00";"NO SIGNAL";"3,3884";"3,3933";"3,3884";"3,3916";"3,39389992";"3,39637685"
"";"29.10.2025 15:10:00";"NO SIGNAL";"3,3916";"3,3942";"3,3895";"3,3900";"3,39155006";"3,39590788"
"";"29.10.2025 15:11:00";"NO SIGNAL";"3,3899";"3,3929";"3,3890";"3,3921";"3,3905251";"3,39552331"
"";"29.10.2025 15:12:00";"NO SIGNAL";"3,3922";"3,3948";"3,3906";"3,3935";"3,39179993";"3,3950851"
"";"29.10.2025 15:13:00";"NO SIGNAL";"3,3935";"3,3941";"3,3896";"3,3923";"3,39197516";"3,39430809"
"";"29.10.2025 15:14:00";"NO SIGNAL";"3,3924";"3,3924";"3,3838";"3,3855";"3,39085007";"3,39303064"
"";"29.10.2025 15:15:00";"NO SIGNAL";"3,3856";"3,3873";"3,3767";"3,3842";"3,38887501";"3,39202309"
"";"29.10.2025 15:16:00";"NO SIGNAL";"3,3838";"3,3902";"3,3812";"3,3885";"3,38762498";"3,39151502"
"";"29.10.2025 15:17:00";"NO SIGNAL";"3,3885";"3,3915";"3,3848";"3,3915";"3,38742495";"3,39163041"
"";"29.10.2025 15:18:00";"NO SIGNAL";"3,3915";"3,3950";"3,3915";"3,3936";"3,38945007";"3,3912921"
"266";"29.10.2025 15:19:00";"BUY";"3,3937";"3,3991";"3,3937";"3,3947";"3,39207506";"3,39093089"
"";"29.10.2025 15:20:00";"NO SIGNAL";"3,3947";"3,3958";"3,3886";"3,3922";"3,39300013";"3,39062333"
"";"29.10.2025 15:21:00";"NO SIGNAL";"3,3922";"3,3963";"3,3921";"3,3935";"3,39349985";"3,39101577"
"";"29.10.2025 15:22:00";"NO SIGNAL";"3,3935";"3,3935";"3,3881";"3,3881";"3,39212489";"3,39074659"
"267";"29.10.2025 15:23:00";"SELL";"3,3881";"3,3888";"3,3859";"3,3873";"3,390275";"3,39053893"
"";"29.10.2025 15:24:00";"NO SIGNAL";"3,3874";"3,3908";"3,3857";"3,3901";"3,38975";"3,39038491"
"";"29.10.2025 15:25:00";"NO SIGNAL";"3,3901";"3,3929";"3,3880";"3,3881";"3,38840008";"3,38996935"
"";"29.10.2025 15:26:00";"NO SIGNAL";"3,3881";"3,3903";"3,3866";"3,3866";"3,38802528";"3,38953114"
"";"29.10.2025 15:27:00";"NO SIGNAL";"3,3866";"3,3885";"3,3846";"3,3883";"3,38827515";"3,38974619"
"";"29.10.2025 15:28:00";"NO SIGNAL";"3,3882";"3,3928";"3,3836";"3,3927";"3,38892508";"3,39040017"
"";"29.10.2025 15:29:00";"NO SIGNAL";"3,3928";"3,3929";"3,3827";"3,3832";"3,38770008";"3,38999224"
"";"29.10.2025 15:30:00";"NO SIGNAL";"3,3834";"3,3887";"3,3820";"3,3877";"3,38797498";"3,38970017"
"";"29.10.2025 15:31:00";"NO SIGNAL";"3,3878";"3,3905";"3,3820";"3,3823";"3,38647509";"3,38883114"
"";"29.10.2025 15:32:00";"NO SIGNAL";"3,3830";"3,3861";"3,3765";"3,3794";"3,38314986";"3,38765407"
"";"29.10.2025 15:33:00";"NO SIGNAL";"3,3796";"3,3800";"3,3638";"3,3701";"3,37987494";"3,3859539"
"";"29.10.2025 15:34:00";"NO SIGNAL";"3,3701";"3,3823";"3,3659";"3,3814";"3,37830019";"3,38502312"
"";"29.10.2025 15:35:00";"NO SIGNAL";"3,3818";"3,3818";"3,3749";"3,3806";"3,37787509";"3,38444614"
"";"29.10.2025 15:36:00";"NO SIGNAL";"3,3807";"3,3820";"3,3749";"3,3749";"3,37674999";"3,38349223"
"";"29.10.2025 15:37:00";"NO SIGNAL";"3,3749";"3,3751";"3,3681";"3,3706";"3,37687516";"3,38199258"
"";"29.10.2025 15:38:00";"NO SIGNAL";"3,3704";"3,3795";"3,3704";"3,3791";"3,3763001";"3,38130045"
"";"29.10.2025 15:39:00";"NO SIGNAL";"3,3791";"3,3794";"3,3752";"3,3758";"3,3750999";"3,3804698"
"";"29.10.2025 15:40:00";"NO SIGNAL";"3,3756";"3,3771";"3,3726";"3,3750";"3,37512493";"3,37944651"
"";"29.10.2025 15:41:00";"NO SIGNAL";"3,3751";"3,3761";"3,3694";"3,3694";"3,374825";"3,37765431"
"";"29.10.2025 15:42:00";"NO SIGNAL";"3,3694";"3,3697";"3,3600";"3,3659";"3,37152505";"3,37632298"
"";"29.10.2025 15:43:00";"NO SIGNAL";"3,3658";"3,3658";"3,3594";"3,3612";"3,3678751";"3,37428498"
"";"29.10.2025 15:44:00";"NO SIGNAL";"3,3613";"3,3635";"3,3560";"3,3632";"3,36492491";"3,37281537"
"";"29.10.2025 15:45:00";"NO SIGNAL";"3,3632";"3,3684";"3,3620";"3,3674";"3,36442494";"3,37189269"
"";"29.10.2025 15:46:00";"NO SIGNAL";"3,3674";"3,3690";"3,3611";"3,3630";"3,36370015";"3,37134647"
"";"29.10.2025 15:47:00";"NO SIGNAL";"3,3630";"3,3646";"3,3456";"3,3477";"3,3603251";"3,36875391"
"";"29.10.2025 15:48:00";"NO SIGNAL";"3,3479";"3,3539";"3,3419";"3,3518";"3,35747504";"3,36653876"
"";"29.10.2025 15:49:00";"NO SIGNAL";"3,3516";"3,3552";"3,3478";"3,3552";"3,35442495";"3,36502314"
"";"29.10.2025 15:50:00";"NO SIGNAL";"3,3551";"3,3583";"3,3526";"3,3567";"3,35284996";"3,36395383"
"";"29.10.2025 15:51:00";"NO SIGNAL";"3,3568";"3,3608";"3,3542";"3,3588";"3,35562491";"3,36239219"
"";"29.10.2025 15:52:00";"NO SIGNAL";"3,3591";"3,3665";"3,3591";"3,3644";"3,3587749";"3,36151552"
"";"29.10.2025 15:53:00";"NO SIGNAL";"3,3644";"3,3683";"3,3595";"3,3620";"3,36047482";"3,36051536"
"268";"29.10.2025 15:54:00";"BUY";"3,3617";"3,3617";"3,3568";"3,3592";"3,36109996";"3,35973072"
"";"29.10.2025 15:55:00";"NO SIGNAL";"3,3591";"3,3591";"3,3533";"3,3541";"3,35992503";"3,35882354"
"269";"29.10.2025 15:56:00";"SELL";"3,3540";"3,3571";"3,3511";"3,3518";"3,35677481";"3,35810018"
"";"29.10.2025 15:57:00";"NO SIGNAL";"3,3518";"3,3583";"3,3517";"3,3583";"3,35585022";"3,357723"
"";"29.10.2025 15:58:00";"NO SIGNAL";"3,3591";"3,3594";"3,3564";"3,3594";"3,35590005";"3,35710812"
"270";"29.10.2025 15:59:00";"BUY";"3,3594";"3,3611";"3,3540";"3,3576";"3,35677505";"3,35669255"
"271";"29.10.2025 16:00:00";"SELL";"3,3577";"3,3578";"3,3516";"3,3530";"3,35707498";"3,35710001"
"";"29.10.2025 16:01:00";"NO SIGNAL";"3,3530";"3,3569";"3,3530";"3,3539";"3,35597491";"3,35726142"
"";"29.10.2025 16:02:00";"NO SIGNAL";"3,3538";"3,3545";"3,3498";"3,3537";"3,35454988";"3,35714579"
"";"29.10.2025 16:03:00";"NO SIGNAL";"3,3537";"3,3537";"3,3491";"3,3494";"3,35249996";"3,35658431"
"";"29.10.2025 16:04:00";"NO SIGNAL";"3,3494";"3,3516";"3,3470";"3,3470";"3,35099983";"3,35567665"
"";"29.10.2025 16:05:00";"NO SIGNAL";"3,3471";"3,3494";"3,3401";"3,3420";"3,34802508";"3,35395384"
"";"29.10.2025 16:06:00";"NO SIGNAL";"3,3419";"3,3471";"3,3401";"3,3433";"3,34542513";"3,35251546"
"";"29.10.2025 16:07:00";"NO SIGNAL";"3,3433";"3,3487";"3,3351";"3,3442";"3,34412503";"3,35136151"
"";"29.10.2025 16:08:00";"NO SIGNAL";"3,3443";"3,3462";"3,3364";"3,3411";"3,34264994";"3,35036182"
"";"29.10.2025 16:09:00";"NO SIGNAL";"3,3411";"3,3472";"3,3411";"3,3427";"3,34282494";"3,34966183"
"";"29.10.2025 16:10:00";"NO SIGNAL";"3,3430";"3,3460";"3,3377";"3,3411";"3,3422749";"3,34833884"
"";"29.10.2025 16:11:00";"NO SIGNAL";"3,3415";"3,3467";"3,3385";"3,3464";"3,34282494";"3,34733868"
"";"29.10.2025 16:12:00";"NO SIGNAL";"3,3463";"3,3485";"3,3449";"3,3455";"3,343925";"3,34640789"
"";"29.10.2025 16:13:00";"NO SIGNAL";"3,3458";"3,3468";"3,3418";"3,3444";"3,34434986";"3,34574628"
"272";"29.10.2025 16:14:00";"BUY";"3,3447";"3,3474";"3,3424";"3,3444";"3,34517503";"3,34501553"
"";"29.10.2025 16:15:00";"NO SIGNAL";"3,3444";"3,3512";"3,3402";"3,3512";"3,34637499";"3,34482312"
"";"29.10.2025 16:16:00";"NO SIGNAL";"3,3514";"3,3586";"3,3503";"3,3557";"3,34892511";"3,34530759"
"";"29.10.2025 16:17:00";"NO SIGNAL";"3,3560";"3,3586";"3,3536";"3,3538";"3,35127497";"3,34583092"
"";"29.10.2025 16:18:00";"NO SIGNAL";"3,3538";"3,3586";"3,3507";"3,3576";"3,35457516";"3,34703112"
"";"29.10.2025 16:19:00";"NO SIGNAL";"3,3577";"3,3633";"3,3577";"3,3599";"3,35675001";"3,34830785"
"";"29.10.2025 16:20:00";"NO SIGNAL";"3,3600";"3,3729";"3,3593";"3,3717";"3,36074996";"3,3504231"
"";"29.10.2025 16:21:00";"NO SIGNAL";"3,3717";"3,3787";"3,3703";"3,3717";"3,36522508";"3,35277724"
"";"29.10.2025 16:22:00";"NO SIGNAL";"3,3717";"3,3767";"3,3711";"3,3760";"3,36982489";"3,35533857"
"";"29.10.2025 16:23:00";"NO SIGNAL";"3,3758";"3,3833";"3,3752";"3,3827";"3,375525";"3,35853863"
"";"29.10.2025 16:24:00";"NO SIGNAL";"3,3828";"3,3837";"3,3808";"3,3828";"3,37830019";"3,36133862"
"";"29.10.2025 16:25:00";"NO SIGNAL";"3,3827";"3,3832";"3,3751";"3,3760";"3,37937498";"3,36368465"
"";"29.10.2025 16:26:00";"NO SIGNAL";"3,3763";"3,3822";"3,3760";"3,3808";"3,38057494";"3,36648488"
"";"29.10.2025 16:27:00";"NO SIGNAL";"3,3809";"3,3832";"3,3794";"3,3819";"3,38037515";"3,36936975"
"";"29.10.2025 16:28:00";"NO SIGNAL";"3,3820";"3,3820";"3,3769";"3,3769";"3,37890005";"3,37134647"
"";"29.10.2025 16:29:00";"NO SIGNAL";"3,3769";"3,3813";"3,3758";"3,3759";"3,37887502";"3,37290025"
"";"29.10.2025 16:30:00";"NO SIGNAL";"3,3760";"3,3774";"3,3709";"3,3721";"3,37669992";"3,37430787"
"273";"29.10.2025 16:31:00";"SELL";"3,3722";"3,3779";"3,3700";"3,3762";"3,3752749";"3,37573862"
"";"29.10.2025 16:32:00";"NO SIGNAL";"3,3765";"3,3765";"3,3709";"3,3717";"3,37397504";"3,37664628"
"";"29.10.2025 16:33:00";"NO SIGNAL";"3,3717";"3,3766";"3,3680";"3,3766";"3,37415004";"3,37702346"
"";"29.10.2025 16:34:00";"NO SIGNAL";"3,3766";"3,3766";"3,3716";"3,3758";"3,37507486";"3,37733889"
"";"29.10.2025 16:35:00";"NO SIGNAL";"3,3759";"3,3775";"3,3729";"3,3770";"3,37527514";"3,37741566"
"";"29.10.2025 16:36:00";"NO SIGNAL";"3,3770";"3,3771";"3,3714";"3,3714";"3,37520003";"3,37654614"
"";"29.10.2025 16:37:00";"NO SIGNAL";"3,3712";"3,3725";"3,3690";"3,3707";"3,37372494";"3,37561536"
"";"29.10.2025 16:38:00";"NO SIGNAL";"3,3708";"3,3734";"3,3704";"3,3710";"3,37252498";"3,37523079"
"";"29.10.2025 16:39:00";"NO SIGNAL";"3,3710";"3,3719";"3,3675";"3,3675";"3,37014985";"3,37420774"
"";"29.10.2025 16:40:00";"NO SIGNAL";"3,3674";"3,3706";"3,3656";"3,3702";"3,36984992";"3,37330794"
"";"29.10.2025 16:41:00";"NO SIGNAL";"3,3702";"3,3782";"3,3699";"3,3759";"3,37115002";"3,37323117"
"";"29.10.2025 16:42:00";"NO SIGNAL";"3,3762";"3,3788";"3,3747";"3,3768";"3,37260008";"3,37330055"
"274";"29.10.2025 16:43:00";"BUY";"3,3768";"3,3769";"3,3729";"3,3731";"3,37400007";"3,37337732"
"";"29.10.2025 16:44:00";"NO SIGNAL";"3,3731";"3,3731";"3,3709";"3,3718";"3,37440014";"3,37303877"
"";"29.10.2025 16:45:00";"NO SIGNAL";"3,3718";"3,3767";"3,3707";"3,3752";"3,37422514";"3,37330747"
"";"29.10.2025 16:46:00";"NO SIGNAL";"3,3752";"3,3752";"3,3685";"3,3717";"3,37295008";"3,37293077"
"275";"29.10.2025 16:47:00";"SELL";"3,3717";"3,3725";"3,3692";"3,3694";"3,37202501";"3,37243843"
"";"29.10.2025 16:48:00";"NO SIGNAL";"3,3692";"3,3696";"3,3674";"3,3674";"3,37092519";"3,37170005"
"";"29.10.2025 16:49:00";"NO SIGNAL";"3,3674";"3,3709";"3,3662";"3,3704";"3,36972499";"3,37162328"
"";"29.10.2025 16:50:00";"NO SIGNAL";"3,3704";"3,3725";"3,3703";"3,3720";"3,36980009";"3,37172341"
"";"29.10.2025 16:51:00";"NO SIGNAL";"3,3720";"3,3783";"3,3720";"3,3763";"3,37152505";"3,37213087"
"276";"29.10.2025 16:52:00";"BUY";"3,3763";"3,3787";"3,3720";"3,3732";"3,37297487";"3,37256932"
"";"29.10.2025 16:53:00";"NO SIGNAL";"3,3731";"3,3731";"3,3715";"3,3723";"3,3734498";"3,37273097"
"";"29.10.2025 16:54:00";"NO SIGNAL";"3,3723";"3,3750";"3,3718";"3,3726";"3,37359977";"3,37247682"
"";"29.10.2025 16:55:00";"NO SIGNAL";"3,3724";"3,3726";"3,3694";"3,3718";"3,37247515";"3,37209225"
"277";"29.10.2025 16:56:00";"SELL";"3,3719";"3,3721";"3,3689";"3,3691";"3,37145019";"3,37178469"
"";"29.10.2025 16:57:00";"NO SIGNAL";"3,3690";"3,3707";"3,3684";"3,3693";"3,37069988";"3,37159204"
"";"29.10.2025 16:58:00";"NO SIGNAL";"3,3692";"3,3718";"3,3692";"3,3708";"3,37024975";"3,37125421"
"";"29.10.2025 16:59:00";"NO SIGNAL";"3,3708";"3,3718";"3,3698";"3,3718";"3,37025023";"3,37126184"
"";"29.10.2025 17:00:00";"NO SIGNAL";"3,3718";"3,3743";"3,3709";"3,3731";"3,37124991";"3,37154627"
"278";"29.10.2025 17:01:00";"BUY";"3,3731";"3,3784";"3,3731";"3,3783";"3,37349987";"3,37238503"
"";"29.10.2025 17:02:00";"NO SIGNAL";"3,3784";"3,3832";"3,3769";"3,3832";"3,37659979";"3,37336946"
"";"29.10.2025 17:03:00";"NO SIGNAL";"3,3833";"3,3850";"3,3788";"3,3848";"3,37984991";"3,37435365"
"";"29.10.2025 17:04:00";"NO SIGNAL";"3,3847";"3,3870";"3,3833";"3,3864";"3,3831749";"3,37513089"
"";"29.10.2025 17:05:00";"NO SIGNAL";"3,3861";"3,3862";"3,3834";"3,3834";"3,38444996";"3,37591529"
"";"29.10.2025 17:06:00";"NO SIGNAL";"3,3835";"3,3845";"3,3825";"3,3841";"3,38467503";"3,37682295"
"";"29.10.2025 17:07:00";"NO SIGNAL";"3,3835";"3,3855";"3,3821";"3,3834";"3,38432503";"3,37765408"
"";"29.10.2025 17:08:00";"NO SIGNAL";"3,3835";"3,3892";"3,3835";"3,3886";"3,38487506";"3,3789463"
"";"29.10.2025 17:09:00";"NO SIGNAL";"3,3886";"3,3926";"3,3872";"3,3925";"3,38715005";"3,38074613"
"";"29.10.2025 17:10:00";"NO SIGNAL";"3,3924";"3,3924";"3,3893";"3,3894";"3,38847494";"3,38229227"
"";"29.10.2025 17:11:00";"NO SIGNAL";"3,3893";"3,3905";"3,3843";"3,3853";"3,38895011";"3,38340807"
"";"29.10.2025 17:12:00";"NO SIGNAL";"3,3854";"3,3861";"3,3823";"3,3849";"3,38802481";"3,38441563"
"";"29.10.2025 17:13:00";"NO SIGNAL";"3,3850";"3,3876";"3,3841";"3,3841";"3,38592482";"3,38526177"
"279";"29.10.2025 17:14:00";"SELL";"3,3840";"3,3859";"3,3827";"3,3854";"3,38492489";"3,38580775"
"";"29.10.2025 17:15:00";"NO SIGNAL";"3,3854";"3,3854";"3,3782";"3,3798";"3,38354993";"3,38554597"
"";"29.10.2025 17:16:00";"NO SIGNAL";"3,3798";"3,3828";"3,3794";"3,3818";"3,38277507";"3,38531566"
"";"29.10.2025 17:17:00";"NO SIGNAL";"3,3819";"3,3844";"3,3816";"3,3820";"3,38224983";"3,3849771"
"";"29.10.2025 17:18:00";"NO SIGNAL";"3,3820";"3,3820";"3,3759";"3,3762";"3,37994981";"3,38442302"
"";"29.10.2025 17:19:00";"NO SIGNAL";"3,3763";"3,3786";"3,3725";"3,3725";"3,37812495";"3,38353062"
"";"29.10.2025 17:20:00";"NO SIGNAL";"3,3723";"3,3753";"3,3700";"3,3750";"3,37642503";"3,38288522"
"";"29.10.2025 17:21:00";"NO SIGNAL";"3,3750";"3,3769";"3,3728";"3,3759";"3,37489986";"3,3819077"
"";"29.10.2025 17:22:00";"NO SIGNAL";"3,3759";"3,3771";"3,3733";"3,3763";"3,37492514";"3,38066173"
"";"29.10.2025 17:23:00";"NO SIGNAL";"3,3763";"3,3768";"3,3720";"3,3752";"3,3756001";"3,37956929"
"";"29.10.2025 17:24:00";"NO SIGNAL";"3,3751";"3,3776";"3,3743";"3,3760";"3,37584996";"3,3788538"
"";"29.10.2025 17:25:00";"NO SIGNAL";"3,3760";"3,3778";"3,3722";"3,3733";"3,37520003";"3,3779614"
"";"29.10.2025 17:26:00";"NO SIGNAL";"3,3733";"3,3805";"3,3710";"3,3798";"3,37607527";"3,37763071"
"280";"29.10.2025 17:27:00";"BUY";"3,3797";"3,3821";"3,3791";"3,3813";"3,37759972";"3,37731576"
"";"29.10.2025 17:28:00";"NO SIGNAL";"3,3813";"3,3838";"3,3811";"3,3835";"3,37947512";"3,37760067"
"";"29.10.2025 17:29:00";"NO SIGNAL";"3,3836";"3,3838";"3,3787";"3,3805";"3,38127494";"3,37750053"
"";"29.10.2025 17:30:00";"NO SIGNAL";"3,3805";"3,3813";"3,3773";"3,3794";"3,38117504";"3,3773005"
"";"29.10.2025 17:31:00";"NO SIGNAL";"3,3795";"3,3869";"3,3795";"3,3862";"3,38240004";"3,3780694"
"";"29.10.2025 17:32:00";"NO SIGNAL";"3,3862";"3,3914";"3,3862";"3,3912";"3,38432503";"3,37950802"
"";"29.10.2025 17:33:00";"NO SIGNAL";"3,3911";"3,3960";"3,3904";"3,3943";"3,38777494";"3,38099265"
"";"29.10.2025 17:34:00";"NO SIGNAL";"3,3943";"3,3996";"3,3943";"3,3974";"3,39227486";"3,38264632"
"";"29.10.2025 17:35:00";"NO SIGNAL";"3,3975";"3,4032";"3,3975";"3,4032";"3,39652514";"3,38471556"
"";"29.10.2025 17:36:00";"NO SIGNAL";"3,4033";"3,4200";"3,4033";"3,4159";"3,40269995";"3,38784623"
"";"29.10.2025 17:37:00";"NO SIGNAL";"3,4159";"3,4233";"3,4156";"3,4204";"3,40922499";"3,39126182"
"";"29.10.2025 17:38:00";"NO SIGNAL";"3,4206";"3,4227";"3,4164";"3,4179";"3,41435003";"3,39469218"
"";"29.10.2025 17:39:00";"NO SIGNAL";"3,4180";"3,4361";"3,4180";"3,4307";"3,42122507";"3,39860773"
"";"29.10.2025 17:40:00";"NO SIGNAL";"3,4307";"3,4324";"3,4212";"3,4225";"3,42287493";"3,40177703"
"";"29.10.2025 17:41:00";"NO SIGNAL";"3,4225";"3,4308";"3,4212";"3,4295";"3,42515016";"3,40531564"
"";"29.10.2025 17:42:00";"NO SIGNAL";"3,4299";"3,4383";"3,4299";"3,4347";"3,42935014";"3,40948462"
"";"29.10.2025 17:43:00";"NO SIGNAL";"3,4350";"3,4395";"3,4346";"3,4393";"3,43149996";"3,41409254"
"";"29.10.2025 17:44:00";"NO SIGNAL";"3,4394";"3,4426";"3,4359";"3,4375";"3,43525028";"3,41803861"
"";"29.10.2025 17:45:00";"NO SIGNAL";"3,4375";"3,4426";"3,4336";"3,4347";"3,43655014";"3,42138481"
"";"29.10.2025 17:46:00";"NO SIGNAL";"3,4350";"3,4360";"3,4287";"3,4331";"3,43615007";"3,42436934"
"";"29.10.2025 17:47:00";"NO SIGNAL";"3,4329";"3,4354";"3,4316";"3,4343";"3,43490005";"3,42720771"
"";"29.10.2025 17:48:00";"NO SIGNAL";"3,4344";"3,4460";"3,4344";"3,4451";"3,4368";"3,43043089"
"";"29.10.2025 17:49:00";"NO SIGNAL";"3,4452";"3,4472";"3,4377";"3,4405";"3,43825006";"3,43232298"
"";"29.10.2025 17:50:00";"NO SIGNAL";"3,4405";"3,4418";"3,4385";"3,4411";"3,44024992";"3,43391538"
"";"29.10.2025 17:51:00";"NO SIGNAL";"3,4412";"3,4491";"3,4410";"3,4491";"3,44394994";"3,43631554"
"";"29.10.2025 17:52:00";"NO SIGNAL";"3,4492";"3,4546";"3,4492";"3,4525";"3,44580007";"3,43799257"
"";"29.10.2025 17:53:00";"NO SIGNAL";"3,4525";"3,4560";"3,4508";"3,4550";"3,44942498";"3,44049239"
"";"29.10.2025 17:54:00";"NO SIGNAL";"3,4550";"3,4576";"3,4514";"3,4515";"3,45202494";"3,44218469"
"";"29.10.2025 17:55:00";"NO SIGNAL";"3,4516";"3,4534";"3,4418";"3,4473";"3,45157504";"3,4431541"
"";"29.10.2025 17:56:00";"NO SIGNAL";"3,4473";"3,4499";"3,4425";"3,4425";"3,44907498";"3,44340038"
"";"29.10.2025 17:57:00";"NO SIGNAL";"3,4426";"3,4498";"3,4426";"3,4489";"3,44755006";"3,44427705"
"";"29.10.2025 17:58:00";"NO SIGNAL";"3,4488";"3,4579";"3,4471";"3,4571";"3,44895005";"3,44599986"
"";"29.10.2025 17:59:00";"NO SIGNAL";"3,4572";"3,4787";"3,4556";"3,4730";"3,45537496";"3,44906902"
"";"29.10.2025 18:00:00";"NO SIGNAL";"3,4726";"3,4737";"3,4433";"3,4652";"3,46105003";"3,45144606"
"";"29.10.2025 18:01:00";"NO SIGNAL";"3,4650";"3,4662";"3,4470";"3,4548";"3,46252489";"3,45219254"
"";"29.10.2025 18:02:00";"NO SIGNAL";"3,4547";"3,4700";"3,4506";"3,4688";"3,46544981";"3,45436954"
"";"29.10.2025 18:03:00";"NO SIGNAL";"3,4685";"3,4685";"3,4467";"3,4502";"3,45975018";"3,45506907"
"";"29.10.2025 18:04:00";"NO SIGNAL";"3,4504";"3,4565";"3,4461";"3,4523";"3,45652485";"3,45531535"
"281";"29.10.2025 18:05:00";"SELL";"3,4522";"3,4524";"3,4186";"3,4339";"3,45130014";"3,4538846"
"";"29.10.2025 18:06:00";"NO SIGNAL";"3,4340";"3,4418";"3,4331";"3,4381";"3,44362521";"3,45258498"
"";"29.10.2025 18:07:00";"NO SIGNAL";"3,4381";"3,4414";"3,4347";"3,4401";"3,44110012";"3,45170784"
"";"29.10.2025 18:08:00";"NO SIGNAL";"3,4402";"3,4484";"3,4371";"3,4372";"3,437325";"3,45093083"
"";"29.10.2025 18:09:00";"NO SIGNAL";"3,4372";"3,4386";"3,4303";"3,4358";"3,43779993";"3,45041513"
"";"29.10.2025 18:10:00";"NO SIGNAL";"3,4366";"3,4393";"3,4328";"3,4357";"3,43720007";"3,44939995"
"";"29.10.2025 18:11:00";"NO SIGNAL";"3,4360";"3,4361";"3,4206";"3,4344";"3,43577528";"3,44765401"
"";"29.10.2025 18:12:00";"NO SIGNAL";"3,4348";"3,4397";"3,4330";"3,4351";"3,43525028";"3,44473863"
"";"29.10.2025 18:13:00";"NO SIGNAL";"3,4349";"3,4354";"3,4320";"3,4344";"3,43489981";"3,44236946"
"";"29.10.2025 18:14:00";"NO SIGNAL";"3,4339";"3,4345";"3,4200";"3,4222";"3,43152523";"3,43986177"
"";"29.10.2025 18:15:00";"NO SIGNAL";"3,4226";"3,4276";"3,4206";"3,4276";"3,42982531";"3,43669248"
"";"29.10.2025 18:16:00";"NO SIGNAL";"3,4276";"3,4376";"3,4270";"3,4368";"3,43025017";"3,43566179"
"";"29.10.2025 18:17:00";"NO SIGNAL";"3,4368";"3,4456";"3,4361";"3,4449";"3,43287492";"3,43509245"
"282";"29.10.2025 18:18:00";"BUY";"3,4452";"3,4521";"3,4452";"3,4503";"3,43989992";"3,43635392"
"";"29.10.2025 18:19:00";"NO SIGNAL";"3,4503";"3,4526";"3,4486";"3,4492";"3,4453001";"3,43720794"
"";"29.10.2025 18:20:00";"NO SIGNAL";"3,4491";"3,4498";"3,4427";"3,4441";"3,44712496";"3,4375155"
"";"29.10.2025 18:21:00";"NO SIGNAL";"3,4440";"3,4440";"3,4361";"3,4407";"3,44607496";"3,43778443"
"";"29.10.2025 18:22:00";"NO SIGNAL";"3,4408";"3,4426";"3,4395";"3,4409";"3,44372511";"3,43817687"
"";"29.10.2025 18:23:00";"NO SIGNAL";"3,4411";"3,4426";"3,4337";"3,4377";"3,44084978";"3,43833065"
"";"29.10.2025 18:24:00";"NO SIGNAL";"3,4377";"3,4387";"3,4326";"3,4370";"3,43907499";"3,43853068"
"283";"29.10.2025 18:25:00";"SELL";"3,4370";"3,4399";"3,4331";"3,4383";"3,43847489";"3,43877697"
"";"29.10.2025 18:26:00";"NO SIGNAL";"3,4383";"3,4438";"3,4383";"3,4420";"3,43875003";"3,43936181"
"";"29.10.2025 18:27:00";"NO SIGNAL";"3,4420";"3,4422";"3,4378";"3,4402";"3,43937516";"3,44074655"
"";"29.10.2025 18:28:00";"NO SIGNAL";"3,4401";"3,4401";"3,4367";"3,4380";"3,43962502";"3,44154596"
"";"29.10.2025 18:29:00";"NO SIGNAL";"3,4380";"3,4420";"3,4361";"3,4402";"3,44010019";"3,44180775"
"";"29.10.2025 18:30:00";"NO SIGNAL";"3,4402";"3,4456";"3,4396";"3,4407";"3,43977499";"3,44148445"
"";"29.10.2025 18:31:00";"NO SIGNAL";"3,4411";"3,4566";"3,4411";"3,4453";"3,44105005";"3,44110012"
"284";"29.10.2025 18:32:00";"BUY";"3,4458";"3,4570";"3,4438";"3,4561";"3,445575";"3,44163084"
"";"29.10.2025 18:33:00";"NO SIGNAL";"3,4559";"3,4655";"3,4542";"3,4649";"3,45175028";"3,44323063"
"";"29.10.2025 18:34:00";"NO SIGNAL";"3,4652";"3,4720";"3,4651";"3,4690";"3,45882487";"3,44540763"
"";"29.10.2025 18:35:00";"NO SIGNAL";"3,4690";"3,4721";"3,3925";"3,3950";"3,44624996";"3,44187737"
"285";"29.10.2025 18:36:00";"SELL";"3,3947";"3,4171";"3,3762";"3,4134";"3,43557501";"3,44000816"
"";"29.10.2025 18:37:00";"NO SIGNAL";"3,4130";"3,4219";"3,4036";"3,4137";"3,42277479";"3,43821573"
"";"29.10.2025 18:38:00";"NO SIGNAL";"3,4135";"3,4135";"3,3874";"3,3951";"3,40430021";"3,43489289"
"";"29.10.2025 18:39:00";"NO SIGNAL";"3,3940";"3,3960";"3,3085";"3,3162";"3,38459992";"3,42521572"
"";"29.10.2025 18:40:00";"NO SIGNAL";"3,3163";"3,3551";"3,2990";"3,3364";"3,36535025";"3,41723108"
"";"29.10.2025 18:41:00";"NO SIGNAL";"3,3363";"3,3483";"3,3095";"3,3127";"3,34010029";"3,40759301"
"";"29.10.2025 18:42:00";"NO SIGNAL";"3,3130";"3,3404";"3,3090";"3,3385";"3,32595015";"3,39976954"
"";"29.10.2025 18:43:00";"NO SIGNAL";"3,3384";"3,3845";"3,3349";"3,3687";"3,33907509";"3,39423108"
"";"29.10.2025 18:44:00";"NO SIGNAL";"3,3684";"3,3772";"3,3497";"3,3507";"3,34264994";"3,38695431"
"";"29.10.2025 18:45:00";"NO SIGNAL";"3,3509";"3,3873";"3,3454";"3,3813";"3,3598001";"3,38120008"
"";"29.10.2025 18:46:00";"NO SIGNAL";"3,3807";"3,3890";"3,3726";"3,3823";"3,37074995";"3,37484646"
"286";"29.10.2025 18:47:00";"BUY";"3,3818";"3,3839";"3,3714";"3,3722";"3,37162495";"3,36740017"
"";"29.10.2025 18:48:00";"NO SIGNAL";"3,3728";"3,3878";"3,3669";"3,3857";"3,38037491";"3,36668468"
"";"29.10.2025 18:49:00";"NO SIGNAL";"3,3858";"3,3896";"3,3790";"3,3896";"3,3824501";"3,3648541"
"";"29.10.2025 18:50:00";"NO SIGNAL";"3,3894";"3,4180";"3,3885";"3,4079";"3,38884997";"3,36440754"
"";"29.10.2025 18:51:00";"NO SIGNAL";"3,4086";"3,4166";"3,4050";"3,4123";"3,398875";"3,36573076"
"";"29.10.2025 18:52:00";"NO SIGNAL";"3,4128";"3,4250";"3,4081";"3,4164";"3,40654993";"3,37343836"
"";"29.10.2025 18:53:00";"NO SIGNAL";"3,4163";"3,4353";"3,4143";"3,4333";"3,41747499";"3,38089228"
"";"29.10.2025 18:54:00";"NO SIGNAL";"3,4333";"3,4350";"3,4204";"3,4243";"3,42157507";"3,38947725"
"";"29.10.2025 18:55:00";"NO SIGNAL";"3,4235";"3,4332";"3,4231";"3,4304";"3,42610002";"3,39654613"
"";"29.10.2025 18:56:00";"NO SIGNAL";"3,4302";"3,4324";"3,4202";"3,4217";"3,42742491";"3,40062308"
"";"29.10.2025 18:57:00";"NO SIGNAL";"3,4220";"3,4270";"3,4202";"3,4230";"3,42484999";"3,40618491"
"";"29.10.2025 18:58:00";"NO SIGNAL";"3,4236";"3,4250";"3,4129";"3,4204";"3,42387509";"3,4091928"
"";"29.10.2025 18:59:00";"NO SIGNAL";"3,4200";"3,4248";"3,4155";"3,4195";"3,42115021";"3,41205406"
"";"29.10.2025 19:00:00";"NO SIGNAL";"3,4196";"3,4355";"3,4173";"3,4345";"3,42435002";"3,41684628"
"";"29.10.2025 19:01:00";"NO SIGNAL";"3,4333";"3,4345";"3,4199";"3,4251";"3,42487502";"3,41987681"
"";"29.10.2025 19:02:00";"NO SIGNAL";"3,4253";"3,4365";"3,4209";"3,4360";"3,42877507";"3,42344618"
"";"29.10.2025 19:03:00";"NO SIGNAL";"3,4363";"3,4434";"3,4262";"3,4275";"3,43077493";"3,42495418"
"";"29.10.2025 19:04:00";"NO SIGNAL";"3,4276";"3,4336";"3,4224";"3,4248";"3,42834997";"3,42591572"
"";"29.10.2025 19:05:00";"NO SIGNAL";"3,4250";"3,4363";"3,4227";"3,4247";"3,42824984";"3,4265542"
"287";"29.10.2025 19:06:00";"SELL";"3,4246";"3,4332";"3,4197";"3,4246";"3,42539978";"3,42588496"
"288";"29.10.2025 19:07:00";"BUY";"3,4248";"3,4391";"3,4239";"3,4381";"3,42805004";"3,4269464"
"";"29.10.2025 19:08:00";"NO SIGNAL";"3,4388";"3,4420";"3,4349";"3,4380";"3,43134999";"3,42753077"
"";"29.10.2025 19:09:00";"NO SIGNAL";"3,4383";"3,4460";"3,4345";"3,4376";"3,43457484";"3,42875385"
"";"29.10.2025 19:10:00";"NO SIGNAL";"3,4373";"3,4513";"3,4341";"3,4453";"3,43974996";"3,43046927"
"";"29.10.2025 19:11:00";"NO SIGNAL";"3,4452";"3,4522";"3,4416";"3,4521";"3,44324994";"3,43290758"
"";"29.10.2025 19:12:00";"NO SIGNAL";"3,4522";"3,4685";"3,4516";"3,4676";"3,45064998";"3,43660808"
"";"29.10.2025 19:13:00";"NO SIGNAL";"3,4673";"3,4691";"3,4585";"3,4628";"3,45694995";"3,43878484"
"";"29.10.2025 19:14:00";"NO SIGNAL";"3,4629";"3,4667";"3,4606";"3,4664";"3,46222496";"3,44196224"
"";"29.10.2025 19:15:00";"NO SIGNAL";"3,4668";"3,4746";"3,4657";"3,4715";"3,46707487";"3,44469285"
"";"29.10.2025 19:16:00";"NO SIGNAL";"3,4712";"3,4714";"3,4553";"3,4608";"3,46537495";"3,44725394"
"";"29.10.2025 19:17:00";"NO SIGNAL";"3,4604";"3,4626";"3,4546";"3,4610";"3,46492481";"3,45003843"
"";"29.10.2025 19:18:00";"NO SIGNAL";"3,4609";"3,4634";"3,4476";"3,4632";"3,46412516";"3,45300007"
"";"29.10.2025 19:19:00";"NO SIGNAL";"3,4628";"3,4652";"3,4564";"3,4591";"3,46102524";"3,45565391"
"";"29.10.2025 19:20:00";"NO SIGNAL";"3,4587";"3,4613";"3,4491";"3,4594";"3,46067524";"3,45729256"
"";"29.10.2025 19:21:00";"NO SIGNAL";"3,4594";"3,4615";"3,4500";"3,4555";"3,45930004";"3,45863891"
"289";"29.10.2025 19:22:00";"SELL";"3,4549";"3,4720";"3,4535";"3,4703";"3,46107483";"3,46115422"
"";"29.10.2025 19:23:00";"NO SIGNAL";"3,4701";"3,4707";"3,4606";"3,4629";"3,46202493";"3,46250772"
"290";"29.10.2025 19:24:00";"BUY";"3,4628";"3,4677";"3,4618";"3,4665";"3,46379995";"3,46361566"
"";"29.10.2025 19:25:00";"NO SIGNAL";"3,4665";"3,4850";"3,4618";"3,4828";"3,47062492";"3,46478462"
"";"29.10.2025 19:26:00";"NO SIGNAL";"3,4830";"3,4850";"3,4738";"3,4756";"3,47195005";"3,46576929"
"";"29.10.2025 19:27:00";"NO SIGNAL";"3,4753";"3,4771";"3,4728";"3,4734";"3,47457528";"3,46630788"
"";"29.10.2025 19:28:00";"NO SIGNAL";"3,4739";"3,4771";"3,4687";"3,4687";"3,47512484";"3,46609211"
"";"29.10.2025 19:29:00";"NO SIGNAL";"3,4687";"3,4693";"3,4614";"3,4631";"3,47020006";"3,46626902"
"";"29.10.2025 19:30:00";"NO SIGNAL";"3,4628";"3,4641";"3,4557";"3,4622";"3,4668498";"3,46636152"
"291";"29.10.2025 19:31:00";"SELL";"3,4620";"3,4625";"3,4524";"3,4532";"3,4618001";"3,46559238"
"";"29.10.2025 19:32:00";"NO SIGNAL";"3,4534";"3,4537";"3,4393";"3,4408";"3,45482492";"3,46418452"
"";"29.10.2025 19:33:00";"NO SIGNAL";"3,4405";"3,4412";"3,4274";"3,4367";"3,44822502";"3,46243858"
"";"29.10.2025 19:34:00";"NO SIGNAL";"3,4369";"3,4389";"3,4291";"3,4350";"3,44142509";"3,46086144"
"";"29.10.2025 19:35:00";"NO SIGNAL";"3,4348";"3,4358";"3,4231";"3,4233";"3,43394995";"3,45724607"
"";"29.10.2025 19:36:00";"NO SIGNAL";"3,4237";"3,4241";"3,4090";"3,4122";"3,42680001";"3,45334649"
"";"29.10.2025 19:37:00";"NO SIGNAL";"3,4122";"3,4229";"3,4108";"3,4219";"3,42309999";"3,44991541"
"";"29.10.2025 19:38:00";"NO SIGNAL";"3,4229";"3,4318";"3,4223";"3,4304";"3,42194986";"3,44588494"
"";"29.10.2025 19:39:00";"NO SIGNAL";"3,4304";"3,4319";"3,4222";"3,4235";"3,42199993";"3,44187713"
"";"29.10.2025 19:40:00";"NO SIGNAL";"3,4233";"3,4239";"3,4135";"3,4181";"3,42347503";"3,43762326"
"";"29.10.2025 19:41:00";"NO SIGNAL";"3,4183";"3,4215";"3,4074";"3,4093";"3,42032504";"3,43305421"
"";"29.10.2025 19:42:00";"NO SIGNAL";"3,4090";"3,4143";"3,4062";"3,4142";"3,41627502";"3,42929244"
"";"29.10.2025 19:43:00";"NO SIGNAL";"3,4140";"3,4177";"3,4129";"3,4150";"3,41415";"3,42566156"
"";"29.10.2025 19:44:00";"NO SIGNAL";"3,4149";"3,4152";"3,4098";"3,4134";"3,41297483";"3,42260027"
"";"29.10.2025 19:45:00";"NO SIGNAL";"3,4133";"3,4285";"3,4125";"3,4242";"3,41669989";"3,42132306"
"";"29.10.2025 19:46:00";"NO SIGNAL";"3,4242";"3,4255";"3,4179";"3,4210";"3,41840005";"3,42011595"
"292";"29.10.2025 19:47:00";"BUY";"3,4207";"3,4253";"3,4181";"3,4231";"3,42042494";"3,41920042"
"";"29.10.2025 19:48:00";"NO SIGNAL";"3,4232";"3,4409";"3,4232";"3,4383";"3,42665005";"3,42035413"
"";"29.10.2025 19:49:00";"NO SIGNAL";"3,4383";"3,4429";"3,4306";"3,4334";"3,42894983";"3,42198491"
"";"29.10.2025 19:50:00";"NO SIGNAL";"3,4334";"3,4503";"3,4334";"3,4483";"3,4357748";"3,42401552"
"";"29.10.2025 19:51:00";"NO SIGNAL";"3,4491";"3,4527";"3,4437";"3,4465";"3,44162512";"3,42525411"
"";"29.10.2025 19:52:00";"NO SIGNAL";"3,4463";"3,4492";"3,4433";"3,4492";"3,44435";"3,42723107"
"";"29.10.2025 19:53:00";"NO SIGNAL";"3,4494";"3,4541";"3,4483";"3,4516";"3,44889975";"3,42980766"
"";"29.10.2025 19:54:00";"NO SIGNAL";"3,4520";"3,4562";"3,4495";"3,4557";"3,45074987";"3,43337679"
"";"29.10.2025 19:55:00";"NO SIGNAL";"3,4554";"3,4600";"3,4491";"3,4491";"3,4513998";"3,43606162"
"";"29.10.2025 19:56:00";"NO SIGNAL";"3,4490";"3,4523";"3,4462";"3,4523";"3,4521749";"3,43893099"
"";"29.10.2025 19:57:00";"NO SIGNAL";"3,4524";"3,4554";"3,4506";"3,4536";"3,45267487";"3,44202328"
"";"29.10.2025 19:58:00";"NO SIGNAL";"3,4535";"3,4555";"3,4482";"3,4496";"3,45114994";"3,44397712"
"";"29.10.2025 19:59:00";"NO SIGNAL";"3,4496";"3,4518";"3,4444";"3,4488";"3,45107508";"3,44611573"
"";"29.10.2025 20:00:00";"NO SIGNAL";"3,4489";"3,4685";"3,4474";"3,4675";"3,45487499";"3,44953084"
"";"29.10.2025 20:01:00";"NO SIGNAL";"3,4670";"3,4754";"3,4648";"3,4692";"3,45877504";"3,45190763"
"";"29.10.2025 20:02:00";"NO SIGNAL";"3,4690";"3,4766";"3,4589";"3,4608";"3,46157503";"3,45401549"
"";"29.10.2025 20:03:00";"NO SIGNAL";"3,4611";"3,4682";"3,4503";"3,4563";"3,46344995";"3,45463085"
"";"29.10.2025 20:04:00";"NO SIGNAL";"3,4563";"3,4647";"3,4523";"3,4612";"3,46187496";"3,45576167"
"293";"29.10.2025 20:05:00";"SELL";"3,4613";"3,4613";"3,4421";"3,4427";"3,45525002";"3,45526171"
"";"29.10.2025 20:06:00";"NO SIGNAL";"3,4427";"3,4461";"3,4313";"3,4317";"3,44797492";"3,45373082"
"";"29.10.2025 20:07:00";"NO SIGNAL";"3,4318";"3,4358";"3,4277";"3,4327";"3,44207501";"3,45196176"
"";"29.10.2025 20:08:00";"NO SIGNAL";"3,4325";"3,4425";"3,4292";"3,4409";"3,4369998";"3,45133114"
"";"29.10.2025 20:09:00";"NO SIGNAL";"3,4408";"3,4494";"3,4401";"3,4436";"3,43722486";"3,45066142"
"";"29.10.2025 20:10:00";"NO SIGNAL";"3,4436";"3,4471";"3,4284";"3,4285";"3,43642497";"3,44873095"
"";"29.10.2025 20:11:00";"NO SIGNAL";"3,4290";"3,4463";"3,4290";"3,4445";"3,43937492";"3,44833827"
"";"29.10.2025 20:12:00";"NO SIGNAL";"3,4445";"3,4490";"3,4415";"3,4422";"3,43969989";"3,44783068"
"";"29.10.2025 20:13:00";"NO SIGNAL";"3,4421";"3,4470";"3,4416";"3,4454";"3,44015002";"3,44613075"
"294";"29.10.2025 20:14:00";"BUY";"3,4455";"3,4495";"3,4446";"3,4495";"3,4454";"3,44461536"
"";"29.10.2025 20:15:00";"NO SIGNAL";"3,4495";"3,4516";"3,4441";"3,4464";"3,44587493";"3,44350767"
"";"29.10.2025 20:16:00";"NO SIGNAL";"3,4463";"3,4641";"3,4457";"3,4641";"3,45134997";"3,44410801"
"";"29.10.2025 20:17:00";"NO SIGNAL";"3,4641";"3,4667";"3,4556";"3,4608";"3,45519996";"3,44407701"
"";"29.10.2025 20:18:00";"NO SIGNAL";"3,4608";"3,4677";"3,4608";"3,4656";"3,45922494";"3,44583869"
"";"29.10.2025 20:19:00";"NO SIGNAL";"3,4657";"3,4750";"3,4657";"3,4736";"3,46602488";"3,44906163"
"";"29.10.2025 20:20:00";"NO SIGNAL";"3,4736";"3,4753";"3,4691";"3,4720";"3,46799994";"3,45208454"
"";"29.10.2025 20:21:00";"NO SIGNAL";"3,4721";"3,4753";"3,4700";"3,4708";"3,47049975";"3,45438457"
"";"29.10.2025 20:22:00";"NO SIGNAL";"3,4709";"3,4753";"3,4685";"3,4748";"3,47279978";"3,45678496"
"";"29.10.2025 20:23:00";"NO SIGNAL";"3,4748";"3,4814";"3,4723";"3,4757";"3,47332501";"3,4604156"
"";"29.10.2025 20:24:00";"NO SIGNAL";"3,4757";"3,4863";"3,4752";"3,4850";"3,4765749";"3,46353102"
"";"29.10.2025 20:25:00";"NO SIGNAL";"3,4850";"3,4951";"3,4841";"3,4940";"3,48237514";"3,46751571"
"";"29.10.2025 20:26:00";"NO SIGNAL";"3,4940";"3,5000";"3,4921";"3,4969";"3,48789978";"3,47147703"
"";"29.10.2025 20:27:00";"NO SIGNAL";"3,4969";"3,4990";"3,4862";"3,4963";"3,49304986";"3,47507691"
"";"29.10.2025 20:28:00";"NO SIGNAL";"3,4968";"3,4997";"3,4933";"3,4993";"3,49662495";"3,47914624"
"";"29.10.2025 20:29:00";"NO SIGNAL";"3,4989";"3,5055";"3,4972";"3,5043";"3,49919987";"3,48223829"
"";"29.10.2025 20:30:00";"NO SIGNAL";"3,5043";"3,5067";"3,5024";"3,5041";"3,50099993";"3,48556924"
"";"29.10.2025 20:31:00";"NO SIGNAL";"3,5041";"3,5042";"3,4950";"3,4950";"3,50067496";"3,48783064"
"";"29.10.2025 20:32:00";"NO SIGNAL";"3,4950";"3,5010";"3,4930";"3,4954";"3,49970007";"3,48950768"
"";"29.10.2025 20:33:00";"NO SIGNAL";"3,4954";"3,4967";"3,4881";"3,4886";"3,49577498";"3,49078465"
"295";"29.10.2025 20:34:00";"SELL";"3,4885";"3,4908";"3,4859";"3,4861";"3,49127507";"3,49196172"
"";"29.10.2025 20:35:00";"NO SIGNAL";"3,4862";"3,4948";"3,4861";"3,4912";"3,49032497";"3,49322319"
"";"29.10.2025 20:36:00";"NO SIGNAL";"3,4911";"3,4980";"3,4892";"3,4980";"3,4909749";"3,49493861"
"";"29.10.2025 20:37:00";"NO SIGNAL";"3,4981";"3,5003";"3,4937";"3,4943";"3,49239993";"3,49565363"
"";"29.10.2025 20:38:00";"NO SIGNAL";"3,4942";"3,4983";"3,4925";"3,4981";"3,49539995";"3,49596906"
"296";"29.10.2025 20:39:00";"BUY";"3,4980";"3,4980";"3,4915";"3,4949";"3,49632502";"3,49581504"
"297";"29.10.2025 20:40:00";"SELL";"3,4949";"3,4960";"3,4920";"3,4944";"3,49542499";"3,49566889"
"";"29.10.2025 20:41:00";"NO SIGNAL";"3,4943";"3,4947";"3,4876";"3,4892";"3,49415016";"3,49489236"
"";"29.10.2025 20:42:00";"NO SIGNAL";"3,4891";"3,4903";"3,4848";"3,4885";"3,49175";"3,4936769"
"";"29.10.2025 20:43:00";"NO SIGNAL";"3,4885";"3,4895";"3,4862";"3,4875";"3,48990011";"3,49240017"
"";"29.10.2025 20:44:00";"NO SIGNAL";"3,4874";"3,4884";"3,4842";"3,4882";"3,48834991";"3,49187708"
"";"29.10.2025 20:45:00";"NO SIGNAL";"3,4881";"3,4882";"3,4847";"3,4854";"3,48740005";"3,49110818"
"";"29.10.2025 20:46:00";"NO SIGNAL";"3,4857";"3,4875";"3,4828";"3,4849";"3,48650002";"3,49082303"
"";"29.10.2025 20:47:00";"NO SIGNAL";"3,4849";"3,4874";"3,4822";"3,4822";"3,48517513";"3,49052334"
"";"29.10.2025 20:48:00";"NO SIGNAL";"3,4822";"3,4834";"3,4810";"3,4834";"3,48397517";"3,48992348"
"";"29.10.2025 20:49:00";"NO SIGNAL";"3,4833";"3,4864";"3,4820";"3,4861";"3,48414993";"3,48900771"
"";"29.10.2025 20:50:00";"NO SIGNAL";"3,4862";"3,4945";"3,4862";"3,4917";"3,48584986";"3,48880744"
"298";"29.10.2025 20:51:00";"BUY";"3,4922";"3,4970";"3,4919";"3,4970";"3,48955011";"3,48872304"
"";"29.10.2025 20:52:00";"NO SIGNAL";"3,4970";"3,4975";"3,4911";"3,4946";"3,4923501";"3,48870015"
"";"29.10.2025 20:53:00";"NO SIGNAL";"3,4946";"3,4958";"3,4932";"3,4947";"3,49449992";"3,48872304"
"";"29.10.2025 20:54:00";"NO SIGNAL";"3,4947";"3,4990";"3,4947";"3,4957";"3,49549985";"3,489223"
"";"29.10.2025 20:55:00";"NO SIGNAL";"3,4961";"3,4962";"3,4872";"3,4889";"3,49347496";"3,48925424"
"";"29.10.2025 20:56:00";"NO SIGNAL";"3,4890";"3,4962";"3,4890";"3,4937";"3,49324989";"3,48973107"
"";"29.10.2025 20:57:00";"NO SIGNAL";"3,4938";"3,4956";"3,4890";"3,4925";"3,4927001";"3,49006176"
"";"29.10.2025 20:58:00";"NO SIGNAL";"3,4925";"3,4925";"3,4891";"3,4908";"3,49147511";"3,49047709"
"";"29.10.2025 20:59:00";"NO SIGNAL";"3,4908";"3,4938";"3,4908";"3,4937";"3,49267507";"3,49115396"
"";"29.10.2025 21:00:00";"NO SIGNAL";"3,4937";"3,4953";"3,4912";"3,4953";"3,49307513";"3,49216151"
"";"29.10.2025 21:01:00";"NO SIGNAL";"3,4953";"3,4991";"3,4953";"3,4980";"3,49444985";"3,49328446"
"";"29.10.2025 21:02:00";"NO SIGNAL";"3,4982";"3,5002";"3,4908";"3,4908";"3,49445009";"3,49364638"
"299";"29.10.2025 21:03:00";"SELL";"3,4907";"3,4922";"3,4873";"3,4898";"3,49347496";"3,49350023"
"";"29.10.2025 21:04:00";"NO SIGNAL";"3,4896";"3,4922";"3,4840";"3,4848";"3,49084997";"3,49256182"
"";"29.10.2025 21:05:00";"NO SIGNAL";"3,4849";"3,4880";"3,4824";"3,4854";"3,48769999";"3,49185419"
"";"29.10.2025 21:06:00";"NO SIGNAL";"3,4854";"3,4882";"3,4854";"3,4862";"3,48654985";"3,49120021"
"";"29.10.2025 21:07:00";"NO SIGNAL";"3,4861";"3,4877";"3,4846";"3,4855";"3,48547506";"3,49041533"
"";"29.10.2025 21:08:00";"NO SIGNAL";"3,4855";"3,4864";"3,4827";"3,4850";"3,48552513";"3,4901154"
"";"29.10.2025 21:09:00";"NO SIGNAL";"3,4849";"3,4890";"3,4849";"3,4880";"3,48617506";"3,48967695"
"";"29.10.2025 21:10:00";"NO SIGNAL";"3,4881";"3,4901";"3,4862";"3,4901";"3,48714995";"3,48949218"
"";"29.10.2025 21:11:00";"NO SIGNAL";"3,4901";"3,4913";"3,4855";"3,4855";"3,48714995";"3,48908472"
"";"29.10.2025 21:12:00";"NO SIGNAL";"3,4854";"3,4854";"3,4811";"3,4828";"3,48659992";"3,48824644"
"";"29.10.2025 21:13:00";"NO SIGNAL";"3,4827";"3,4831";"3,4739";"3,4785";"3,48422503";"3,48695397"
"";"29.10.2025 21:14:00";"NO SIGNAL";"3,4782";"3,4812";"3,4718";"3,4752";"3,48050022";"3,48519993"
"";"29.10.2025 21:15:00";"NO SIGNAL";"3,4751";"3,4846";"3,4751";"3,4815";"3,47949982";"3,48448467"
"";"29.10.2025 21:16:00";"NO SIGNAL";"3,4817";"3,4818";"3,4763";"3,4768";"3,47799969";"3,48348451"
"";"29.10.2025 21:17:00";"NO SIGNAL";"3,4767";"3,4816";"3,4751";"3,4753";"3,47719979";"3,48275399"
"";"29.10.2025 21:18:00";"NO SIGNAL";"3,4753";"3,4777";"3,4747";"3,4752";"3,47719979";"3,48196912"
"";"29.10.2025 21:19:00";"NO SIGNAL";"3,4756";"3,4767";"3,4712";"3,4730";"3,47507501";"3,48095393"
"";"29.10.2025 21:20:00";"NO SIGNAL";"3,4730";"3,4778";"3,4730";"3,4765";"3,4749999";"3,4802618"
"";"29.10.2025 21:21:00";"NO SIGNAL";"3,4765";"3,4790";"3,4741";"3,4752";"3,47497487";"3,47950816"
"";"29.10.2025 21:22:00";"NO SIGNAL";"3,4760";"3,4830";"3,4749";"3,4830";"3,4769249";"3,47912312"
"300";"29.10.2025 21:23:00";"BUY";"3,4831";"3,4831";"3,4764";"3,4789";"3,47839975";"3,47826171"
"";"29.10.2025 21:24:00";"NO SIGNAL";"3,4788";"3,4823";"3,4775";"3,4775";"3,47864985";"3,47764635"
"";"29.10.2025 21:25:00";"NO SIGNAL";"3,4775";"3,4778";"3,4736";"3,4758";"3,47879982";"3,47710776"
"301";"29.10.2025 21:26:00";"SELL";"3,4755";"3,4764";"3,4734";"3,4749";"3,47677493";"3,47683072"
"";"29.10.2025 21:27:00";"NO SIGNAL";"3,4749";"3,4763";"3,4736";"3,4758";"3,47600007";"3,47687697"
"";"29.10.2025 21:28:00";"NO SIGNAL";"3,4757";"3,4776";"3,4754";"3,4771";"3,47590017";"3,47653866"
"";"29.10.2025 21:29:00";"NO SIGNAL";"3,4770";"3,4770";"3,4745";"3,4753";"3,475775";"3,47642326"
"302";"29.10.2025 21:30:00";"BUY";"3,4754";"3,4825";"3,4754";"3,4825";"3,47767496";"3,47697687"
"";"29.10.2025 21:31:00";"NO SIGNAL";"3,4825";"3,4846";"3,4821";"3,4846";"3,47987509";"3,47770023"
"";"29.10.2025 21:32:00";"NO SIGNAL";"3,4846";"3,4861";"3,4840";"3,4861";"3,48212504";"3,47870803"
"";"29.10.2025 21:33:00";"NO SIGNAL";"3,4862";"3,4905";"3,4862";"3,4901";"3,48582506";"3,47975397"
"";"29.10.2025 21:34:00";"NO SIGNAL";"3,4900";"3,4969";"3,4895";"3,4968";"3,48939991";"3,48141575"
"";"29.10.2025 21:35:00";"NO SIGNAL";"3,4969";"3,4998";"3,4969";"3,4998";"3,49320006";"3,48270822"
"";"29.10.2025 21:36:00";"NO SIGNAL";"3,4998";"3,5008";"3,4952";"3,4954";"3,49552512";"3,48397732"
"";"29.10.2025 21:37:00";"NO SIGNAL";"3,4954";"3,4974";"3,4954";"3,4974";"3,49734974";"3,48550749"
"";"29.10.2025 21:38:00";"NO SIGNAL";"3,4972";"3,4973";"3,4947";"3,4954";"3,49699974";"3,48701549"
"";"29.10.2025 21:39:00";"NO SIGNAL";"3,4953";"3,4975";"3,4953";"3,4969";"3,49627495";"3,48870754"
"";"29.10.2025 21:40:00";"NO SIGNAL";"3,4967";"3,4967";"3,4897";"3,4907";"3,49510002";"3,48985362"
"";"29.10.2025 21:41:00";"NO SIGNAL";"3,4907";"3,4908";"3,4848";"3,4848";"3,49195004";"3,49044609"
"303";"29.10.2025 21:42:00";"SELL";"3,4848";"3,4848";"3,4778";"3,4802";"3,48815012";"3,49082303"
"";"29.10.2025 21:43:00";"NO SIGNAL";"3,4802";"3,4812";"3,4763";"3,4773";"3,4832499";"3,4904232"
"";"29.10.2025 21:44:00";"NO SIGNAL";"3,4773";"3,4777";"3,4716";"3,4750";"3,47932506";"3,48968482"
"";"29.10.2025 21:45:00";"NO SIGNAL";"3,4751";"3,4752";"3,4706";"3,4706";"3,47577477";"3,48849273"
"";"29.10.2025 21:46:00";"NO SIGNAL";"3,4704";"3,4704";"3,4682";"3,4684";"3,47282481";"3,48682332"
"";"29.10.2025 21:47:00";"NO SIGNAL";"3,4684";"3,4696";"3,4678";"3,4696";"3,47090006";"3,48473096"
"";"29.10.2025 21:48:00";"NO SIGNAL";"3,4695";"3,4714";"3,4691";"3,4714";"3,47000003";"3,48254609"
"";"29.10.2025 21:49:00";"NO SIGNAL";"3,4714";"3,4765";"3,4714";"3,4764";"3,47144985";"3,48108459"
"";"29.10.2025 21:50:00";"NO SIGNAL";"3,4765";"3,4767";"3,4735";"3,4736";"3,47274995";"3,47925377"
"";"29.10.2025 21:51:00";"NO SIGNAL";"3,4736";"3,4738";"3,4725";"3,4735";"3,47372508";"3,47756934"
"";"29.10.2025 21:52:00";"NO SIGNAL";"3,4735";"3,4764";"3,4735";"3,4763";"3,47494984";"3,47598481"
"";"29.10.2025 21:53:00";"NO SIGNAL";"3,4764";"3,4764";"3,4723";"3,4730";"3,47410011";"3,47462296"
"304";"29.10.2025 21:54:00";"BUY";"3,4730";"3,4735";"3,4729";"3,4735";"3,47407508";"3,47375393"
"";"29.10.2025 21:55:00";"NO SIGNAL";"3,4735";"3,4750";"3,4734";"3,4735";"3,47407508";"3,47323847"
"305";"29.10.2025 21:56:00";"SELL";"3,4736";"3,4736";"3,4703";"3,4708";"3,47270012";"3,47273827"
"";"29.10.2025 21:57:00";"NO SIGNAL";"3,4707";"3,4724";"3,4682";"3,4720";"3,47245002";"3,47250795"
"";"29.10.2025 21:58:00";"NO SIGNAL";"3,4719";"3,4745";"3,4700";"3,4708";"3,47177482";"3,47252321"
"";"29.10.2025 21:59:00";"NO SIGNAL";"3,4713";"3,4745";"3,4713";"3,4742";"3,47195005";"3,47296929"
"";"29.10.2025 22:00:00";"NO SIGNAL";"3,4741";"3,4757";"3,4722";"3,4730";"3,47249985";"3,4732306"
"";"29.10.2025 22:01:00";"NO SIGNAL";"3,4730";"3,4730";"3,4699";"3,4727";"3,47267485";"3,4733305"
"";"29.10.2025 22:02:00";"NO SIGNAL";"3,4727";"3,4738";"3,4686";"3,4700";"3,47247529";"3,4728384"
"";"29.10.2025 22:03:00";"NO SIGNAL";"3,4699";"3,4712";"3,4642";"3,4673";"3,47074986";"3,47235394"
"";"29.10.2025 22:04:00";"NO SIGNAL";"3,4673";"3,4693";"3,4666";"3,4679";"3,46947503";"3,47192311"
"";"29.10.2025 22:05:00";"NO SIGNAL";"3,4678";"3,4678";"3,4635";"3,4637";"3,46722507";"3,47095394"
"";"29.10.2025 22:06:00";"NO SIGNAL";"3,4636";"3,4636";"3,4564";"3,4589";"3,46444988";"3,4698689"
"";"29.10.2025 22:07:00";"NO SIGNAL";"3,4588";"3,4647";"3,4578";"3,4644";"3,46372509";"3,46916914"
"";"29.10.2025 22:08:00";"NO SIGNAL";"3,4645";"3,4663";"3,4638";"3,4644";"3,46285009";"3,4684689"
"";"29.10.2025 22:09:00";"NO SIGNAL";"3,4643";"3,4709";"3,4641";"3,4703";"3,46449995";"3,46843076"
"";"29.10.2025 22:10:00";"NO SIGNAL";"3,4702";"3,4729";"3,4700";"3,4726";"3,46792507";"3,46847701"
"306";"29.10.2025 22:11:00";"BUY";"3,4725";"3,4778";"3,4701";"3,4764";"3,47092509";"3,46890759"
"";"29.10.2025 22:12:00";"NO SIGNAL";"3,4763";"3,4764";"3,4705";"3,4705";"3,47245002";"3,4686234"
"";"29.10.2025 22:13:00";"NO SIGNAL";"3,4705";"3,4724";"3,4671";"3,4724";"3,47297502";"3,46857691"
"";"29.10.2025 22:14:00";"NO SIGNAL";"3,4724";"3,4724";"3,4694";"3,4696";"3,47222519";"3,46833873"
"";"29.10.2025 22:15:00";"NO SIGNAL";"3,4695";"3,4724";"3,4671";"3,4671";"3,46989989";"3,46811509"
"";"29.10.2025 22:16:00";"NO SIGNAL";"3,4670";"3,4676";"3,4631";"3,4638";"3,46822476";"3,46784639"
"307";"29.10.2025 22:17:00";"SELL";"3,4639";"3,4676";"3,4631";"3,4670";"3,46687484";"3,46777701"
"";"29.10.2025 22:18:00";"NO SIGNAL";"3,4668";"3,4677";"3,4651";"3,4669";"3,46619987";"3,46802354"
"";"29.10.2025 22:19:00";"NO SIGNAL";"3,4670";"3,4694";"3,4668";"3,4693";"3,46675014";"3,46882343"
"";"29.10.2025 22:20:00";"NO SIGNAL";"3,4694";"3,4720";"3,4694";"3,4712";"3,46860003";"3,46934605"
"308";"29.10.2025 22:21:00";"BUY";"3,4712";"3,4765";"3,4712";"3,4745";"3,47047496";"3,47012305"
"";"29.10.2025 22:22:00";"NO SIGNAL";"3,4750";"3,4787";"3,4740";"3,4777";"3,47317505";"3,4706924"
"";"29.10.2025 22:23:00";"NO SIGNAL";"3,4777";"3,4777";"3,4745";"3,4746";"3,47449994";"3,47084641"
"";"29.10.2025 22:24:00";"NO SIGNAL";"3,4745";"3,4766";"3,4740";"3,4766";"3,47584987";"3,47086167"
"";"29.10.2025 22:25:00";"NO SIGNAL";"3,4767";"3,4796";"3,4755";"3,4776";"3,47662497";"3,47140741"
"";"29.10.2025 22:26:00";"NO SIGNAL";"3,4776";"3,4785";"3,4768";"3,4785";"3,476825";"3,47187662"
"";"29.10.2025 22:27:00";"NO SIGNAL";"3,4785";"3,4786";"3,4734";"3,4739";"3,47665";"3,47220731"
"";"29.10.2025 22:28:00";"NO SIGNAL";"3,4739";"3,4755";"3,4735";"3,4748";"3,4762001";"3,47279978"
"";"29.10.2025 22:29:00";"NO SIGNAL";"3,4748";"3,4751";"3,4681";"3,4695";"3,47417498";"3,47323847"
"309";"29.10.2025 22:30:00";"SELL";"3,4694";"3,4694";"3,4657";"3,4674";"3,47140002";"3,47326899"
"";"29.10.2025 22:31:00";"NO SIGNAL";"3,4674";"3,4706";"3,4671";"3,4695";"3,4703002";"3,47346926"
"";"29.10.2025 22:32:00";"NO SIGNAL";"3,4695";"3,4719";"3,4686";"3,4700";"3,4691";"3,47352314"
"";"29.10.2025 22:33:00";"NO SIGNAL";"3,4699";"3,4699";"3,4645";"3,4645";"3,46784973";"3,47300768"
"";"29.10.2025 22:34:00";"NO SIGNAL";"3,4646";"3,4648";"3,4602";"3,4603";"3,46607494";"3,47191572"
"";"29.10.2025 22:35:00";"NO SIGNAL";"3,4603";"3,4673";"3,4598";"3,4666";"3,46534991";"3,47106194"
"";"29.10.2025 22:36:00";"NO SIGNAL";"3,4665";"3,4665";"3,4628";"3,4629";"3,46357489";"3,47016168"
"";"29.10.2025 22:37:00";"NO SIGNAL";"3,4628";"3,4634";"3,4616";"3,4624";"3,46304989";"3,46906948"
"";"29.10.2025 22:38:00";"NO SIGNAL";"3,4624";"3,4624";"3,4607";"3,4613";"3,46329975";"3,46781564"
"";"29.10.2025 22:39:00";"NO SIGNAL";"3,4612";"3,4659";"3,4612";"3,4657";"3,46307516";"3,46683097"
"";"29.10.2025 22:40:00";"NO SIGNAL";"3,4660";"3,4724";"3,4649";"3,4705";"3,46497488";"3,46656966"
"310";"29.10.2025 22:41:00";"BUY";"3,4705";"3,4732";"3,4692";"3,4717";"3,46729994";"3,46633124"
"";"29.10.2025 22:42:00";"NO SIGNAL";"3,4716";"3,4727";"3,4683";"3,4683";"3,46904993";"3,46623898"
"";"29.10.2025 22:43:00";"NO SIGNAL";"3,4684";"3,4691";"3,4661";"3,4661";"3,46915007";"3,46613884"
"";"29.10.2025 22:44:00";"NO SIGNAL";"3,4660";"3,4660";"3,4617";"3,4628";"3,46722484";"3,46562314"
"";"29.10.2025 22:45:00";"NO SIGNAL";"3,4627";"3,4665";"3,4620";"3,4661";"3,46582484";"3,46532297"
"311";"29.10.2025 22:46:00";"SELL";"3,4661";"3,4675";"3,4637";"3,4642";"3,46479988";"3,46529984"
"";"29.10.2025 22:47:00";"NO SIGNAL";"3,4641";"3,4649";"3,4611";"3,4642";"3,46432495";"3,46560001"
"";"29.10.2025 22:48:00";"NO SIGNAL";"3,4642";"3,4651";"3,4601";"3,4616";"3,46402502";"3,46521544"
"";"29.10.2025 22:49:00";"NO SIGNAL";"3,4617";"3,4632";"3,4613";"3,4631";"3,46327496";"3,46523094"
"";"29.10.2025 22:50:00";"NO SIGNAL";"3,4633";"3,4636";"3,4605";"3,4623";"3,46280003";"3,46522331"
"";"29.10.2025 22:51:00";"NO SIGNAL";"3,4623";"3,4637";"3,4622";"3,4622";"3,46230006";"3,46529245"
"";"29.10.2025 22:52:00";"NO SIGNAL";"3,4622";"3,4646";"3,4608";"3,4628";"3,46260023";"3,46506929"
"";"29.10.2025 22:53:00";"NO SIGNAL";"3,4628";"3,4629";"3,4606";"3,4625";"3,46245003";"3,46445394"
"";"29.10.2025 22:54:00";"NO SIGNAL";"3,4624";"3,4681";"3,4623";"3,4678";"3,46382499";"3,46415377"
"312";"29.10.2025 22:55:00";"BUY";"3,4678";"3,4678";"3,4636";"3,4636";"3,46417499";"3,46379185"
"";"29.10.2025 22:56:00";"NO SIGNAL";"3,4637";"3,4656";"3,4617";"3,4618";"3,46392488";"3,4634614"
"313";"29.10.2025 22:57:00";"SELL";"3,4617";"3,4617";"3,4581";"3,4587";"3,46297503";"3,46314597"
"";"29.10.2025 22:58:00";"NO SIGNAL";"3,4588";"3,4597";"3,4568";"3,4586";"3,46067524";"3,46256948"
"";"29.10.2025 22:59:00";"NO SIGNAL";"3,4587";"3,4603";"3,4576";"3,4603";"3,45984983";"3,46226931"
"";"29.10.2025 23:00:00";"NO SIGNAL";"3,4602";"3,4614";"3,4579";"3,4591";"3,45917511";"3,46187711"
"";"29.10.2025 23:01:00";"NO SIGNAL";"3,4591";"3,4591";"3,4555";"3,4565";"3,45862508";"3,46148467"
"";"29.10.2025 23:02:00";"NO SIGNAL";"3,4565";"3,4565";"3,4453";"3,4515";"3,45685005";"3,46059227"
"";"29.10.2025 23:03:00";"NO SIGNAL";"3,4515";"3,4525";"3,4476";"3,4494";"3,45412493";"3,45960021"
"";"29.10.2025 23:04:00";"NO SIGNAL";"3,4494";"3,4527";"3,4486";"3,4519";"3,45232511";"3,45880795"
"";"29.10.2025 23:05:00";"NO SIGNAL";"3,4517";"3,4525";"3,4477";"3,4483";"3,45027494";"3,45769286"
"";"29.10.2025 23:06:00";"NO SIGNAL";"3,4482";"3,4496";"3,4456";"3,4467";"3,44907498";"3,45647717"
"";"29.10.2025 23:07:00";"NO SIGNAL";"3,4466";"3,4467";"3,4436";"3,4436";"3,44762516";"3,45461559"
"";"29.10.2025 23:08:00";"NO SIGNAL";"3,4437";"3,4456";"3,4393";"3,4437";"3,44557476";"3,45308423"
"";"29.10.2025 23:09:00";"NO SIGNAL";"3,4437";"3,4439";"3,4358";"3,4385";"3,44312501";"3,45129228"
"";"29.10.2025 23:10:00";"NO SIGNAL";"3,4385";"3,4387";"3,4329";"3,4359";"3,44042492";"3,44953847"
"";"29.10.2025 23:11:00";"NO SIGNAL";"3,4359";"3,4387";"3,4359";"3,4387";"3,43919992";"3,44800758"
"";"29.10.2025 23:12:00";"NO SIGNAL";"3,4386";"3,4386";"3,4315";"3,4334";"3,436625";"3,44593859"
"";"29.10.2025 23:13:00";"NO SIGNAL";"3,4335";"3,4345";"3,4293";"3,4335";"3,43537498";"3,44396949"
"";"29.10.2025 23:14:00";"NO SIGNAL";"3,4335";"3,4344";"3,4306";"3,4306";"3,43404984";"3,44197679"
"";"29.10.2025 23:15:00";"NO SIGNAL";"3,4305";"3,4337";"3,4301";"3,4337";"3,43280005";"3,44060755"
"";"29.10.2025 23:16:00";"NO SIGNAL";"3,4338";"3,4374";"3,4323";"3,4368";"3,43365002";"3,43963861"
"";"29.10.2025 23:17:00";"NO SIGNAL";"3,4368";"3,4390";"3,4342";"3,4377";"3,43470025";"3,43854618"
"";"29.10.2025 23:18:00";"NO SIGNAL";"3,4378";"3,4420";"3,4376";"3,4420";"3,43755007";"3,43806148"
"314";"29.10.2025 23:19:00";"BUY";"3,4421";"3,4439";"3,4409";"3,4423";"3,43970013";"3,43772316"
"";"29.10.2025 23:20:00";"NO SIGNAL";"3,4423";"3,4438";"3,4403";"3,4426";"3,44115019";"3,43764615"
"";"29.10.2025 23:21:00";"NO SIGNAL";"3,4425";"3,4436";"3,4372";"3,4376";"3,44112492";"3,43717742"
"";"29.10.2025 23:22:00";"NO SIGNAL";"3,4376";"3,4429";"3,4375";"3,4395";"3,44050002";"3,43725419"
"";"29.10.2025 23:23:00";"NO SIGNAL";"3,4394";"3,4394";"3,4350";"3,4357";"3,43885016";"3,43723869"
"315";"29.10.2025 23:24:00";"SELL";"3,4358";"3,4360";"3,4289";"3,4307";"3,43587494";"3,4366231"
"";"29.10.2025 23:25:00";"NO SIGNAL";"3,4306";"3,4342";"3,4306";"3,4327";"3,43464994";"3,43656945"
"";"29.10.2025 23:26:00";"NO SIGNAL";"3,4326";"3,4336";"3,4311";"3,4311";"3,43254995";"3,43638468"
"";"29.10.2025 23:27:00";"NO SIGNAL";"3,4311";"3,4320";"3,4299";"3,4315";"3,43149996";"3,43645382"
"";"29.10.2025 23:28:00";"NO SIGNAL";"3,4316";"3,4334";"3,4316";"3,4331";"3,43210006";"3,43640804"
"";"29.10.2025 23:29:00";"NO SIGNAL";"3,4332";"3,4333";"3,4287";"3,4287";"3,43110013";"3,43578458"
"";"29.10.2025 23:30:00";"NO SIGNAL";"3,4286";"3,4286";"3,4222";"3,4231";"3,42910004";"3,43466163"
"";"29.10.2025 23:31:00";"NO SIGNAL";"3,4231";"3,4250";"3,4172";"3,4186";"3,42587495";"3,43286157"
"";"29.10.2025 23:32:00";"NO SIGNAL";"3,4185";"3,4230";"3,4181";"3,4214";"3,42294979";"3,43125367"
"";"29.10.2025 23:33:00";"NO SIGNAL";"3,4213";"3,4213";"3,4181";"3,4203";"3,4208498";"3,42953825"
"";"29.10.2025 23:34:00";"NO SIGNAL";"3,4203";"3,4203";"3,4139";"3,4154";"3,41892505";"3,4278307"
"";"29.10.2025 23:35:00";"NO SIGNAL";"3,4155";"3,4165";"3,4134";"3,4139";"3,41774988";"3,4258616"
"";"29.10.2025 23:36:00";"NO SIGNAL";"3,4138";"3,4149";"3,4090";"3,4107";"3,41507483";"3,42393827"
"";"29.10.2025 23:37:00";"NO SIGNAL";"3,4108";"3,4111";"3,4001";"3,4039";"3,41097498";"3,42187691"
"";"29.10.2025 23:38:00";"NO SIGNAL";"3,4039";"3,4099";"3,3860";"3,3991";"3,40689993";"3,41929221"
"";"29.10.2025 23:39:00";"NO SIGNAL";"3,3991";"3,3991";"3,3886";"3,3897";"3,40085006";"3,41610789"
"";"29.10.2025 23:40:00";"NO SIGNAL";"3,3897";"3,3946";"3,3888";"3,3902";"3,39572501";"3,41293073"
"";"29.10.2025 23:41:00";"NO SIGNAL";"3,3903";"3,3913";"3,3833";"3,3843";"3,39082503";"3,40917683"
"";"29.10.2025 23:42:00";"NO SIGNAL";"3,3845";"3,3932";"3,3844";"3,3922";"3,38909984";"3,40636945"
"";"29.10.2025 23:43:00";"NO SIGNAL";"3,3921";"3,3947";"3,3901";"3,3938";"3,39012504";"3,40411568"
"";"29.10.2025 23:44:00";"NO SIGNAL";"3,3937";"3,3984";"3,3937";"3,3956";"3,3914752";"3,40234613"
"";"29.10.2025 23:45:00";"NO SIGNAL";"3,3957";"3,3982";"3,3952";"3,3982";"3,39494991";"3,40056157"
"";"29.10.2025 23:46:00";"NO SIGNAL";"3,3983";"3,4043";"3,3983";"3,4036";"3,39779997";"3,39927721"
"316";"29.10.2025 23:47:00";"BUY";"3,4036";"3,4036";"3,4000";"3,4008";"3,3995502";"3,39815426"
"";"29.10.2025 23:48:00";"NO SIGNAL";"3,4008";"3,4026";"3,3975";"3,3975";"3,40002489";"3,39689279"
"";"29.10.2025 23:49:00";"NO SIGNAL";"3,3975";"3,4018";"3,3975";"3,4010";"3,40072489";"3,39614654"
"";"29.10.2025 23:50:00";"NO SIGNAL";"3,4009";"3,4012";"3,3953";"3,4000";"3,39982486";"3,39584661"
"";"29.10.2025 23:51:00";"NO SIGNAL";"3,4000";"3,4015";"3,3958";"3,4015";"3,4000001";"3,3960309"
"";"29.10.2025 23:52:00";"NO SIGNAL";"3,4015";"3,4069";"3,4003";"3,4003";"3,40069985";"3,39684629"
"";"29.10.2025 23:53:00";"NO SIGNAL";"3,4002";"3,4002";"3,3969";"3,3976";"3,39984989";"3,39741564"
"";"29.10.2025 23:54:00";"NO SIGNAL";"3,3975";"3,3988";"3,3958";"3,3988";"3,39954996";"3,39853096"
"";"29.10.2025 23:55:00";"NO SIGNAL";"3,3990";"3,4027";"3,3990";"3,4024";"3,39977503";"3,3993156"
"317";"29.10.2025 23:56:00";"SELL";"3,4021";"3,4051";"3,3998";"3,3998";"3,3996501";"3,39977694"
"318";"29.10.2025 23:57:00";"BUY";"3,3998";"3,4037";"3,3991";"3,4030";"3,40100002";"3,40034604"
"";"29.10.2025 23:58:00";"NO SIGNAL";"3,4031";"3,4064";"3,3982";"3,3982";"3,40085006";"3,40034604"
"";"29.10.2025 23:59:00";"NO SIGNAL";"3,3982";"3,4012";"3,3966";"3,4012";"3,40055013";"3,40016198"
"";"30.10.2025 00:00:00";"NO SIGNAL";"3,4014";"3,4038";"3,4009";"3,4015";"3,40097499";"3,40021586"
"";"30.10.2025 00:01:00";"NO SIGNAL";"3,4014";"3,4095";"3,4012";"3,4064";"3,40182495";"3,40090036"
"";"30.10.2025 00:02:00";"NO SIGNAL";"3,4063";"3,4089";"3,4028";"3,4081";"3,40429997";"3,40144634"
"";"30.10.2025 00:03:00";"NO SIGNAL";"3,4081";"3,4128";"3,4062";"3,4088";"3,40619993";"3,40212297"
"";"30.10.2025 00:04:00";"NO SIGNAL";"3,4087";"3,4088";"3,4015";"3,4018";"3,4062748";"3,4021461"
"";"30.10.2025 00:05:00";"NO SIGNAL";"3,4018";"3,4047";"3,4012";"3,4024";"3,40527511";"3,40230775"
"319";"30.10.2025 00:06:00";"SELL";"3,4023";"3,4023";"3,3909";"3,3909";"3,40097499";"3,40179253"
"";"30.10.2025 00:07:00";"NO SIGNAL";"3,3904";"3,3904";"3,3809";"3,3822";"3,39432502";"3,40051556"
"";"30.10.2025 00:08:00";"NO SIGNAL";"3,3817";"3,3862";"3,3764";"3,3775";"3,38824987";"3,3986001"
"";"30.10.2025 00:09:00";"NO SIGNAL";"3,3775";"3,3803";"3,3756";"3,3790";"3,38240004";"3,39700007"
"";"30.10.2025 00:10:00";"NO SIGNAL";"3,3789";"3,3877";"3,3775";"3,3861";"3,38120008";"3,39570022"
"";"30.10.2025 00:11:00";"NO SIGNAL";"3,3861";"3,3998";"3,3861";"3,3989";"3,38537502";"3,39575386"
"";"30.10.2025 00:12:00";"NO SIGNAL";"3,3990";"3,4009";"3,3972";"3,4000";"3,39100003";"3,39566159"
"320";"30.10.2025 00:13:00";"BUY";"3,3998";"3,4008";"3,3958";"3,4002";"3,39630008";"3,39556146"
"";"30.10.2025 00:14:00";"NO SIGNAL";"3,4002";"3,4089";"3,3997";"3,4086";"3,40192485";"3,39573073"
"";"30.10.2025 00:15:00";"NO SIGNAL";"3,4085";"3,4188";"3,4069";"3,4169";"3,406425";"3,39640784"
"";"30.10.2025 00:16:00";"NO SIGNAL";"3,4169";"3,4182";"3,4112";"3,4125";"3,40954995";"3,39669228"
"";"30.10.2025 00:17:00";"NO SIGNAL";"3,4125";"3,4160";"3,4084";"3,4140";"3,41299987";"3,39763093"
"";"30.10.2025 00:18:00";"NO SIGNAL";"3,4142";"3,4208";"3,4119";"3,4146";"3,4145";"3,39856935"
"";"30.10.2025 00:19:00";"NO SIGNAL";"3,4147";"3,4197";"3,4134";"3,4184";"3,41487503";"3,40068483"
"";"30.10.2025 00:20:00";"NO SIGNAL";"3,4185";"3,4219";"3,4145";"3,4214";"3,41709995";"3,40370011"
"";"30.10.2025 00:21:00";"NO SIGNAL";"3,4212";"3,4259";"3,4208";"3,4236";"3,41949987";"3,40724635"
"";"30.10.2025 00:22:00";"NO SIGNAL";"3,4238";"3,4265";"3,4216";"3,4217";"3,4212749";"3,41053104"
"";"30.10.2025 00:23:00";"NO SIGNAL";"3,4218";"3,4222";"3,4193";"3,4200";"3,42167497";"3,41313887"
"";"30.10.2025 00:24:00";"NO SIGNAL";"3,4201";"3,4242";"3,4201";"3,4227";"3,42200017";"3,41496968"
"";"30.10.2025 00:25:00";"NO SIGNAL";"3,4227";"3,4229";"3,4169";"3,4209";"3,42132521";"3,4165771"
"";"30.10.2025 00:26:00";"NO SIGNAL";"3,4208";"3,4208";"3,4144";"3,4179";"3,42037511";"3,41793871"
"";"30.10.2025 00:27:00";"NO SIGNAL";"3,4176";"3,4189";"3,4137";"3,4151";"3,41915011";"3,41843843"
"321";"30.10.2025 00:28:00";"SELL";"3,4151";"3,4184";"3,4133";"3,4155";"3,41735005";"3,41833091"
"";"30.10.2025 00:29:00";"NO SIGNAL";"3,4155";"3,4232";"3,4155";"3,4224";"3,41772509";"3,41909242"
"";"30.10.2025 00:30:00";"NO SIGNAL";"3,4224";"3,4226";"3,4177";"3,4210";"3,41849995";"3,419631"
"322";"30.10.2025 00:31:00";"BUY";"3,4206";"3,4305";"3,4197";"3,4267";"3,42139983";"3,42056203"
"";"30.10.2025 00:32:00";"NO SIGNAL";"3,4264";"3,4300";"3,4229";"3,4300";"3,42502499";"3,42145443"
"";"30.10.2025 00:33:00";"NO SIGNAL";"3,4300";"3,4300";"3,4257";"3,4274";"3,42627478";"3,42191553"
"";"30.10.2025 00:34:00";"NO SIGNAL";"3,4274";"3,4289";"3,4244";"3,4276";"3,42792511";"3,42222309"
"";"30.10.2025 00:35:00";"NO SIGNAL";"3,4275";"3,4311";"3,4270";"3,4310";"3,4289999";"3,42293859"
"";"30.10.2025 00:36:00";"NO SIGNAL";"3,4311";"3,4352";"3,4261";"3,4282";"3,42855024";"3,42356944"
"";"30.10.2025 00:37:00";"NO SIGNAL";"3,4281";"3,4296";"3,4260";"3,4260";"3,42820001";"3,42382288"
"";"30.10.2025 00:38:00";"NO SIGNAL";"3,4258";"3,4258";"3,4184";"3,4206";"3,42645001";"3,42380047"
"323";"30.10.2025 00:39:00";"SELL";"3,4205";"3,4205";"3,4140";"3,4149";"3,42242479";"3,42356944"
"";"30.10.2025 00:40:00";"NO SIGNAL";"3,4150";"3,4228";"3,4150";"3,4211";"3,42065001";"3,42403102"
"";"30.10.2025 00:41:00";"NO SIGNAL";"3,4211";"3,4308";"3,4211";"3,4294";"3,42149997";"3,42510033"
"";"30.10.2025 00:42:00";"NO SIGNAL";"3,4293";"3,4300";"3,4281";"3,4285";"3,42347479";"3,4255693"
"324";"30.10.2025 00:43:00";"BUY";"3,4284";"3,4323";"3,4263";"3,4295";"3,42712474";"3,42622304"
"";"30.10.2025 00:44:00";"NO SIGNAL";"3,4296";"3,4325";"3,4278";"3,4318";"3,42980003";"3,42661572"
"";"30.10.2025 00:45:00";"NO SIGNAL";"3,4319";"3,4321";"3,4201";"3,4225";"3,42807508";"3,42603874"
"";"30.10.2025 00:46:00";"NO SIGNAL";"3,4226";"3,4287";"3,4226";"3,4277";"3,42787504";"3,42606163"
"";"30.10.2025 00:47:00";"NO SIGNAL";"3,4276";"3,4339";"3,4262";"3,4312";"3,4282999";"3,42633843"
"";"30.10.2025 00:48:00";"NO SIGNAL";"3,4313";"3,4366";"3,4303";"3,4366";"3,42949986";"3,4267695"
"";"30.10.2025 00:49:00";"NO SIGNAL";"3,4366";"3,4394";"3,4339";"3,4377";"3,43330002";"3,42750025"
"";"30.10.2025 00:50:00";"NO SIGNAL";"3,4377";"3,4395";"3,4342";"3,4348";"3,43507504";"3,42817736"
"";"30.10.2025 00:51:00";"NO SIGNAL";"3,4348";"3,4367";"3,4332";"3,4355";"3,43614984";"3,42932367"
"";"30.10.2025 00:52:00";"NO SIGNAL";"3,4355";"3,4415";"3,4331";"3,4393";"3,43682504";"3,4312005"
"";"30.10.2025 00:53:00";"NO SIGNAL";"3,4396";"3,4462";"3,4394";"3,4459";"3,43887496";"3,43310785"
"";"30.10.2025 00:54:00";"NO SIGNAL";"3,4460";"3,4478";"3,4420";"3,4433";"3,44100022";"3,43417716"
"";"30.10.2025 00:55:00";"NO SIGNAL";"3,4432";"3,4432";"3,4379";"3,4387";"3,44180012";"3,43496156"
"";"30.10.2025 00:56:00";"NO SIGNAL";"3,4388";"3,4451";"3,4383";"3,4451";"3,44324994";"3,43616176"
"";"30.10.2025 00:57:00";"NO SIGNAL";"3,4452";"3,4476";"3,4435";"3,4451";"3,44305015";"3,43718457"
"";"30.10.2025 00:58:00";"NO SIGNAL";"3,4451";"3,4451";"3,4423";"3,4445";"3,44334984";"3,43887663"
"";"30.10.2025 00:59:00";"NO SIGNAL";"3,4444";"3,4458";"3,4430";"3,4444";"3,44477487";"3,44016171"
"";"30.10.2025 01:00:00";"NO SIGNAL";"3,4445";"3,4445";"3,4354";"3,4362";"3,44254994";"3,44054604"
"325";"30.10.2025 01:01:00";"SELL";"3,4361";"3,4371";"3,4315";"3,4323";"3,43934989";"3,44021535"
"";"30.10.2025 01:02:00";"NO SIGNAL";"3,4323";"3,4329";"3,4279";"3,4279";"3,43519998";"3,43946171"
"";"30.10.2025 01:03:00";"NO SIGNAL";"3,4278";"3,4278";"3,4188";"3,4208";"3,42930007";"3,43838477"
"";"30.10.2025 01:04:00";"NO SIGNAL";"3,4207";"3,4247";"3,4111";"3,4118";"3,42320013";"3,43656182"
"";"30.10.2025 01:05:00";"NO SIGNAL";"3,4119";"3,4197";"3,4101";"3,4187";"3,41980004";"3,43497705"
"";"30.10.2025 01:06:00";"NO SIGNAL";"3,4187";"3,4221";"3,4138";"3,4213";"3,41815019";"3,43308473"
"";"30.10.2025 01:07:00";"NO SIGNAL";"3,4213";"3,4288";"3,4175";"3,4261";"3,41947508";"3,43176174"
"";"30.10.2025 01:08:00";"NO SIGNAL";"3,4260";"3,4313";"3,4247";"3,4309";"3,42425013";"3,43116164"
"";"30.10.2025 01:09:00";"NO SIGNAL";"3,4309";"3,4360";"3,4283";"3,4350";"3,42832494";"3,43038487"
"326";"30.10.2025 01:10:00";"BUY";"3,4350";"3,4379";"3,4334";"3,4345";"3,43162489";"3,42956948"
"";"30.10.2025 01:11:00";"NO SIGNAL";"3,4345";"3,4355";"3,4210";"3,4253";"3,43142509";"3,42809248"
"";"30.10.2025 01:12:00";"NO SIGNAL";"3,4254";"3,4260";"3,4203";"3,4203";"3,42877483";"3,42623854"
"327";"30.10.2025 01:13:00";"SELL";"3,4204";"3,4237";"3,4181";"3,4184";"3,42462492";"3,42486906"
"";"30.10.2025 01:14:00";"NO SIGNAL";"3,4185";"3,4208";"3,4170";"3,4207";"3,42117476";"3,42397714"
"";"30.10.2025 01:15:00";"NO SIGNAL";"3,4207";"3,4212";"3,4174";"3,4212";"3,4201498";"3,42346168"
"";"30.10.2025 01:16:00";"NO SIGNAL";"3,4211";"3,4259";"3,4206";"3,4217";"3,42050004";"3,42353106"
"";"30.10.2025 01:17:00";"NO SIGNAL";"3,4217";"3,4231";"3,4152";"3,4157";"3,41982508";"3,42383099"
"";"30.10.2025 01:18:00";"NO SIGNAL";"3,4158";"3,4164";"3,4113";"3,4146";"3,41829991";"3,42351556"
"";"30.10.2025 01:19:00";"NO SIGNAL";"3,4147";"3,4196";"3,4129";"3,4191";"3,41777515";"3,42334676"
"";"30.10.2025 01:20:00";"NO SIGNAL";"3,4190";"3,4211";"3,4171";"3,4210";"3,41759992";"3,42295408"
"";"30.10.2025 01:21:00";"NO SIGNAL";"3,4211";"3,4217";"3,4143";"3,4167";"3,41785002";"3,42186189"
"";"30.10.2025 01:22:00";"NO SIGNAL";"3,4166";"3,4167";"3,4110";"3,4112";"3,41699982";"3,42003083"
"";"30.10.2025 01:23:00";"NO SIGNAL";"3,4111";"3,4158";"3,4103";"3,4128";"3,41542482";"3,41836143"
"";"30.10.2025 01:24:00";"NO SIGNAL";"3,4128";"3,4179";"3,4128";"3,4148";"3,4138751";"3,4175539"
"";"30.10.2025 01:25:00";"NO SIGNAL";"3,4150";"3,4166";"3,4106";"3,4107";"3,41237497";"3,41681528"
"";"30.10.2025 01:26:00";"NO SIGNAL";"3,4106";"3,4138";"3,4054";"3,4137";"3,41299987";"3,41645384"
"";"30.10.2025 01:27:00";"NO SIGNAL";"3,4136";"3,4153";"3,4060";"3,4091";"3,41207504";"3,41556144"
"";"30.10.2025 01:28:00";"NO SIGNAL";"3,4091";"3,4118";"3,4081";"3,4093";"3,41070008";"3,41464639"
"";"30.10.2025 01:29:00";"NO SIGNAL";"3,4092";"3,4092";"3,4045";"3,4051";"3,40930009";"3,41336942"
"";"30.10.2025 01:30:00";"NO SIGNAL";"3,4050";"3,4081";"3,4022";"3,4046";"3,40702486";"3,41251564"
"";"30.10.2025 01:31:00";"NO SIGNAL";"3,4045";"3,4075";"3,4021";"3,4054";"3,40610003";"3,41180825"
"";"30.10.2025 01:32:00";"NO SIGNAL";"3,4054";"3,4076";"3,4035";"3,4045";"3,40490007";"3,41068482"
"";"30.10.2025 01:33:00";"NO SIGNAL";"3,4046";"3,4087";"3,4039";"3,4080";"3,4056251";"3,4096849"
"";"30.10.2025 01:34:00";"NO SIGNAL";"3,4080";"3,4158";"3,4048";"3,4131";"3,40775013";"3,40940785"
"";"30.10.2025 01:35:00";"NO SIGNAL";"3,4131";"3,4135";"3,4054";"3,4069";"3,40812492";"3,40907693"
"";"30.10.2025 01:36:00";"NO SIGNAL";"3,4070";"3,4102";"3,4037";"3,4053";"3,40832496";"3,40850019"
"328";"30.10.2025 01:37:00";"BUY";"3,4053";"3,4081";"3,4017";"3,4081";"3,40834999";"3,40798497"
"329";"30.10.2025 01:38:00";"SELL";"3,4081";"3,4099";"3,4037";"3,4069";"3,40679979";"3,40769243"
"";"30.10.2025 01:39:00";"NO SIGNAL";"3,4069";"3,4084";"3,4042";"3,4076";"3,40697503";"3,40722322"
"330";"30.10.2025 01:40:00";"BUY";"3,4076";"3,4086";"3,4052";"3,4064";"3,40724993";"3,40701532"
"331";"30.10.2025 01:41:00";"SELL";"3,4064";"3,4064";"3,4021";"3,4021";"3,40575027";"3,40646172"
"";"30.10.2025 01:42:00";"NO SIGNAL";"3,4021";"3,4075";"3,4020";"3,4055";"3,4053998";"3,40649223"
"";"30.10.2025 01:43:00";"NO SIGNAL";"3,4055";"3,4088";"3,4049";"3,4074";"3,40534997";"3,406708"
"";"30.10.2025 01:44:00";"NO SIGNAL";"3,4074";"3,4085";"3,4060";"3,4060";"3,40525007";"3,40675426"
"332";"30.10.2025 01:45:00";"BUY";"3,4060";"3,4129";"3,4036";"3,4128";"3,40792513";"3,4073925"
"";"30.10.2025 01:46:00";"NO SIGNAL";"3,4129";"3,4148";"3,4071";"3,4072";"3,40834999";"3,40733075"
"";"30.10.2025 01:47:00";"NO SIGNAL";"3,4073";"3,4134";"3,4073";"3,4128";"3,40970016";"3,40730762"
"";"30.10.2025 01:48:00";"NO SIGNAL";"3,4128";"3,4128";"3,4079";"3,4086";"3,41035008";"3,40743852"
"";"30.10.2025 01:49:00";"NO SIGNAL";"3,4086";"3,4100";"3,4058";"3,4063";"3,40872502";"3,40751553"
"";"30.10.2025 01:50:00";"NO SIGNAL";"3,4065";"3,4104";"3,4055";"3,4095";"3,40929985";"3,40762305"
"";"30.10.2025 01:51:00";"NO SIGNAL";"3,4096";"3,4132";"3,4086";"3,4130";"3,40934992";"3,40809226"
"";"30.10.2025 01:52:00";"NO SIGNAL";"3,4132";"3,4157";"3,4077";"3,4098";"3,40964985";"3,4082613"
"";"30.10.2025 01:53:00";"NO SIGNAL";"3,4097";"3,4097";"3,4065";"3,4079";"3,41005015";"3,40837669"
"";"30.10.2025 01:54:00";"NO SIGNAL";"3,4080";"3,4080";"3,4043";"3,4053";"3,40899992";"3,40862298"
"333";"30.10.2025 01:55:00";"SELL";"3,4053";"3,4113";"3,4045";"3,4093";"3,40807486";"3,40891504"
"";"30.10.2025 01:56:00";"NO SIGNAL";"3,4092";"3,4139";"3,4088";"3,4130";"3,40887499";"3,4093461"
"334";"30.10.2025 01:57:00";"BUY";"3,4130";"3,4140";"3,4120";"3,4125";"3,41002512";"3,40984631"
"";"30.10.2025 01:58:00";"NO SIGNAL";"3,4125";"3,4127";"3,4029";"3,4046";"3,40984988";"3,40921521"
"335";"30.10.2025 01:59:00";"SELL";"3,4045";"3,4061";"3,3988";"3,4005";"3,40764999";"3,40869999"
"";"30.10.2025 02:00:00";"NO SIGNAL";"3,4005";"3,4024";"3,3946";"3,3960";"3,40339994";"3,40740776"
"";"30.10.2025 02:01:00";"NO SIGNAL";"3,3960";"3,3995";"3,3925";"3,3989";"3,4000001";"3,40666175"
"";"30.10.2025 02:02:00";"NO SIGNAL";"3,3988";"3,3988";"3,3949";"3,3956";"3,39775014";"3,40583873"
"";"30.10.2025 02:03:00";"NO SIGNAL";"3,3956";"3,4031";"3,3945";"3,4031";"3,39840007";"3,40534639"
"";"30.10.2025 02:04:00";"NO SIGNAL";"3,4031";"3,4038";"3,3925";"3,3943";"3,39797497";"3,40390825"
"";"30.10.2025 02:05:00";"NO SIGNAL";"3,3944";"3,3971";"3,3922";"3,3922";"3,39630008";"3,40255427"
"";"30.10.2025 02:06:00";"NO SIGNAL";"3,3922";"3,3949";"3,3917";"3,3949";"3,39612508";"3,40155435"
"";"30.10.2025 02:07:00";"NO SIGNAL";"3,3950";"3,3993";"3,3941";"3,3953";"3,39417505";"3,40078449"
"";"30.10.2025 02:08:00";"NO SIGNAL";"3,3952";"3,3962";"3,3942";"3,3953";"3,39442492";"3,39970756"
"";"30.10.2025 02:09:00";"NO SIGNAL";"3,3953";"3,4010";"3,3937";"3,3938";"3,39482498";"3,39823079"
"";"30.10.2025 02:10:00";"NO SIGNAL";"3,3937";"3,4018";"3,3912";"3,3995";"3,39597487";"3,39723063"
"336";"30.10.2025 02:11:00";"BUY";"3,3995";"3,4057";"3,3979";"3,4052";"3,3984499";"3,39727712"
"";"30.10.2025 02:12:00";"NO SIGNAL";"3,4053";"3,4068";"3,4027";"3,4041";"3,40064979";"3,39755368"
"";"30.10.2025 02:13:00";"NO SIGNAL";"3,4041";"3,4051";"3,4022";"3,4027";"3,40287495";"3,39806914"
"";"30.10.2025 02:14:00";"NO SIGNAL";"3,4027";"3,4070";"3,4026";"3,4054";"3,40435004";"3,39856911"
"";"30.10.2025 02:15:00";"NO SIGNAL";"3,4056";"3,4120";"3,4056";"3,4108";"3,40575027";"3,39973879"
"";"30.10.2025 02:16:00";"NO SIGNAL";"3,4107";"3,4117";"3,4067";"3,4079";"3,40670013";"3,40010786"
"";"30.10.2025 02:17:00";"NO SIGNAL";"3,4079";"3,4148";"3,4067";"3,4137";"3,40945005";"3,40160036"
"";"30.10.2025 02:18:00";"NO SIGNAL";"3,4137";"3,4252";"3,4131";"3,4203";"3,41317511";"3,4037621"
"";"30.10.2025 02:19:00";"NO SIGNAL";"3,4203";"3,4203";"3,4128";"3,4169";"3,41470003";"3,4054544"
"";"30.10.2025 02:20:00";"NO SIGNAL";"3,4169";"3,4184";"3,4126";"3,4158";"3,41667509";"3,4070313"
"";"30.10.2025 02:21:00";"NO SIGNAL";"3,4159";"3,4162";"3,4122";"3,4152";"3,41704988";"3,40856194"
"";"30.10.2025 02:22:00";"NO SIGNAL";"3,4151";"3,4159";"3,4125";"3,4147";"3,41564989";"3,41016936"
"";"30.10.2025 02:23:00";"NO SIGNAL";"3,4148";"3,4211";"3,4148";"3,4211";"3,41670012";"3,41183066"
"";"30.10.2025 02:24:00";"NO SIGNAL";"3,4211";"3,4256";"3,4210";"3,4225";"3,41837502";"3,41316152"
"";"30.10.2025 02:25:00";"NO SIGNAL";"3,4226";"3,4240";"3,4184";"3,4202";"3,41962481";"3,4144001"
"";"30.10.2025 02:26:00";"NO SIGNAL";"3,4202";"3,4260";"3,4193";"3,4255";"3,4223249";"3,41615391"
"";"30.10.2025 02:27:00";"NO SIGNAL";"3,4254";"3,4270";"3,4221";"3,4221";"3,422575";"3,41743898"
"";"30.10.2025 02:28:00";"NO SIGNAL";"3,4221";"3,4237";"3,4201";"3,4208";"3,42215014";"3,41820812"
"";"30.10.2025 02:29:00";"NO SIGNAL";"3,4207";"3,4215";"3,4196";"3,4215";"3,4224751";"3,41925406"
"";"30.10.2025 02:30:00";"NO SIGNAL";"3,4215";"3,4244";"3,4212";"3,4219";"3,42157507";"3,41988468"
"";"30.10.2025 02:31:00";"NO SIGNAL";"3,4220";"3,4268";"3,4219";"3,4229";"3,4217751";"3,42008448"
"";"30.10.2025 02:32:00";"NO SIGNAL";"3,4229";"3,4230";"3,4192";"3,4204";"3,42167497";"3,42035389"
"";"30.10.2025 02:33:00";"NO SIGNAL";"3,4204";"3,4211";"3,4184";"3,4190";"3,42104983";"3,42060018"
"";"30.10.2025 02:34:00";"NO SIGNAL";"3,4190";"3,4229";"3,4186";"3,4225";"3,42120004";"3,42116189"
"337";"30.10.2025 02:35:00";"SELL";"3,4224";"3,4224";"3,4195";"3,4198";"3,42042494";"3,42155385"
"";"30.10.2025 02:36:00";"NO SIGNAL";"3,4198";"3,4209";"3,4174";"3,4184";"3,41992497";"3,42134595"
"";"30.10.2025 02:37:00";"NO SIGNAL";"3,4183";"3,4183";"3,4151";"3,4177";"3,41960001";"3,42097688"
"";"30.10.2025 02:38:00";"NO SIGNAL";"3,4177";"3,4190";"3,4154";"3,4165";"3,41809988";"3,42069221"
"";"30.10.2025 02:39:00";"NO SIGNAL";"3,4165";"3,4198";"3,4161";"3,4185";"3,41777492";"3,42015409"
"";"30.10.2025 02:40:00";"NO SIGNAL";"3,4184";"3,4191";"3,4160";"3,4190";"3,41792488";"3,41991591"
"";"30.10.2025 02:41:00";"NO SIGNAL";"3,4190";"3,4277";"3,4190";"3,4277";"3,42042494";"3,42044663"
"338";"30.10.2025 02:42:00";"BUY";"3,4277";"3,4277";"3,4216";"3,4250";"3,42254996";"3,42071581"
"";"30.10.2025 02:43:00";"NO SIGNAL";"3,4254";"3,4273";"3,4243";"3,4252";"3,42422485";"3,42096901"
"";"30.10.2025 02:44:00";"NO SIGNAL";"3,4253";"3,4254";"3,4218";"3,4249";"3,42569995";"3,42112303"
"";"30.10.2025 02:45:00";"NO SIGNAL";"3,4250";"3,4250";"3,4199";"3,4201";"3,42380023";"3,42110038"
"";"30.10.2025 02:46:00";"NO SIGNAL";"3,4203";"3,4216";"3,4166";"3,4168";"3,42175007";"3,4209311"
"339";"30.10.2025 02:47:00";"SELL";"3,4168";"3,4173";"3,4154";"3,4161";"3,41947508";"3,42043877"
"";"30.10.2025 02:48:00";"NO SIGNAL";"3,4160";"3,4167";"3,4146";"3,4158";"3,41720009";"3,42013097"
"";"30.10.2025 02:49:00";"NO SIGNAL";"3,4159";"3,4159";"3,4132";"3,4153";"3,41599989";"3,41989231"
"";"30.10.2025 02:50:00";"NO SIGNAL";"3,4153";"3,4173";"3,4136";"3,4157";"3,41572475";"3,41973829"
"";"30.10.2025 02:51:00";"NO SIGNAL";"3,4157";"3,4186";"3,4128";"3,4182";"3,41624999";"3,41986918"
"";"30.10.2025 02:52:00";"NO SIGNAL";"3,4182";"3,4208";"3,4176";"3,4186";"3,41695023";"3,41987681"
"";"30.10.2025 02:53:00";"NO SIGNAL";"3,4186";"3,4186";"3,4151";"3,4174";"3,41747499";"3,41975379"
"";"30.10.2025 02:54:00";"NO SIGNAL";"3,4175";"3,4187";"3,4166";"3,4176";"3,41795015";"3,41897702"
"";"30.10.2025 02:55:00";"NO SIGNAL";"3,4176";"3,4176";"3,4118";"3,4118";"3,41634989";"3,41796184"
"";"30.10.2025 02:56:00";"NO SIGNAL";"3,4119";"3,4145";"3,4108";"3,4143";"3,4152751";"3,41712356"
"";"30.10.2025 02:57:00";"NO SIGNAL";"3,4144";"3,4153";"3,4124";"3,4126";"3,4140749";"3,41617703"
"";"30.10.2025 02:58:00";"NO SIGNAL";"3,4129";"3,4170";"3,4129";"3,4167";"3,41384983";"3,41591549"
"";"30.10.2025 02:59:00";"NO SIGNAL";"3,4168";"3,4188";"3,4153";"3,4180";"3,41539979";"3,41600752"
"";"30.10.2025 03:00:00";"NO SIGNAL";"3,4182";"3,4195";"3,4147";"3,4158";"3,41577482";"3,41598463"
"340";"30.10.2025 03:01:00";"BUY";"3,4157";"3,4178";"3,4133";"3,4173";"3,41695023";"3,41610026"
"";"30.10.2025 03:02:00";"NO SIGNAL";"3,4172";"3,4182";"3,4152";"3,4177";"3,41720009";"3,41628456"
"341";"30.10.2025 03:03:00";"SELL";"3,4177";"3,4177";"3,4131";"3,4133";"3,41602516";"3,41610003"
"";"30.10.2025 03:04:00";"NO SIGNAL";"3,4133";"3,4140";"3,4065";"3,4070";"3,41382504";"3,41523862"
"";"30.10.2025 03:05:00";"NO SIGNAL";"3,4070";"3,4088";"3,4054";"3,4079";"3,41147518";"3,41441536"
"";"30.10.2025 03:06:00";"NO SIGNAL";"3,4079";"3,4092";"3,4055";"3,4058";"3,40850019";"3,41352296"
"";"30.10.2025 03:07:00";"NO SIGNAL";"3,4058";"3,4109";"3,4048";"3,4077";"3,4071002";"3,41276145"
"";"30.10.2025 03:08:00";"NO SIGNAL";"3,4077";"3,4105";"3,4062";"3,4076";"3,40724993";"3,41243839"
"";"30.10.2025 03:09:00";"NO SIGNAL";"3,4077";"3,4181";"3,4077";"3,4128";"3,40847492";"3,41232324"
"";"30.10.2025 03:10:00";"NO SIGNAL";"3,4128";"3,4132";"3,4110";"3,4112";"3,40982485";"3,41221547"
"";"30.10.2025 03:11:00";"NO SIGNAL";"3,4111";"3,4124";"3,4093";"3,4117";"3,41082478";"3,41183066"
"342";"30.10.2025 03:12:00";"BUY";"3,4116";"3,4130";"3,4085";"3,4130";"3,41217518";"3,41144633"
"";"30.10.2025 03:13:00";"NO SIGNAL";"3,4129";"3,4129";"3,4097";"3,4097";"3,41139984";"3,41097713"
"";"30.10.2025 03:14:00";"NO SIGNAL";"3,4098";"3,4160";"3,4084";"3,4160";"3,41260004";"3,41087747"
"";"30.10.2025 03:15:00";"NO SIGNAL";"3,4162";"3,4220";"3,4154";"3,4169";"3,4138999";"3,41081572"
"";"30.10.2025 03:16:00";"NO SIGNAL";"3,4169";"3,4221";"3,4169";"3,4188";"3,41534996";"3,41123891"
"";"30.10.2025 03:17:00";"NO SIGNAL";"3,4188";"3,4201";"3,4152";"3,4181";"3,41744995";"3,41209245"
"";"30.10.2025 03:18:00";"NO SIGNAL";"3,4181";"3,4217";"3,4106";"3,4115";"3,41632509";"3,41236949"
"";"30.10.2025 03:19:00";"NO SIGNAL";"3,4111";"3,4138";"3,4101";"3,4121";"3,41512513";"3,41285396"
"";"30.10.2025 03:20:00";"NO SIGNAL";"3,4121";"3,4192";"3,4119";"3,4171";"3,41470003";"3,41357732"
"";"30.10.2025 03:21:00";"NO SIGNAL";"3,4171";"3,4227";"3,4155";"3,4224";"3,41577506";"3,41471577"
"";"30.10.2025 03:22:00";"NO SIGNAL";"3,4225";"3,4243";"3,4176";"3,4196";"3,41779995";"3,4152391"
"";"30.10.2025 03:23:00";"NO SIGNAL";"3,4196";"3,4202";"3,4164";"3,4187";"3,41945004";"3,41581535"
"";"30.10.2025 03:24:00";"NO SIGNAL";"3,4188";"3,4213";"3,4188";"3,4206";"3,4203248";"3,41649985"
"";"30.10.2025 03:25:00";"NO SIGNAL";"3,4207";"3,4246";"3,4202";"3,4205";"3,41984987";"3,41707683"
"";"30.10.2025 03:26:00";"NO SIGNAL";"3,4205";"3,4210";"3,4167";"3,4170";"3,41920018";"3,41763878"
"";"30.10.2025 03:27:00";"NO SIGNAL";"3,4171";"3,4180";"3,4155";"3,4158";"3,41847491";"3,41762328"
"343";"30.10.2025 03:28:00";"SELL";"3,4158";"3,4182";"3,4142";"3,4165";"3,41744995";"3,41759229"
"";"30.10.2025 03:29:00";"NO SIGNAL";"3,4164";"3,4184";"3,4164";"3,4183";"3,41689992";"3,4175539"
"";"30.10.2025 03:30:00";"NO SIGNAL";"3,4183";"3,4205";"3,4159";"3,4159";"3,41662502";"3,41738462"
"";"30.10.2025 03:31:00";"NO SIGNAL";"3,4158";"3,4197";"3,4130";"3,4191";"3,41744995";"3,41796947"
"";"30.10.2025 03:32:00";"NO SIGNAL";"3,4191";"3,4192";"3,4100";"3,4115";"3,41619992";"3,41792345"
"";"30.10.2025 03:33:00";"NO SIGNAL";"3,4115";"3,4191";"3,4110";"3,4164";"3,41572499";"3,41786981"
"";"30.10.2025 03:34:00";"NO SIGNAL";"3,4164";"3,4166";"3,4143";"3,4159";"3,41572499";"3,4173696"
"";"30.10.2025 03:35:00";"NO SIGNAL";"3,4158";"3,4182";"3,4142";"3,4148";"3,41464996";"3,41700053"
"";"30.10.2025 03:36:00";"NO SIGNAL";"3,4149";"3,4165";"3,4132";"3,4134";"3,41512489";"3,4165926"
"";"30.10.2025 03:37:00";"NO SIGNAL";"3,4133";"3,4194";"3,4106";"3,4176";"3,41542506";"3,41636205"
"";"30.10.2025 03:38:00";"NO SIGNAL";"3,4177";"3,4202";"3,4146";"3,4162";"3,41549993";"3,41603112"
"";"30.10.2025 03:39:00";"NO SIGNAL";"3,4162";"3,4183";"3,4144";"3,4144";"3,41539979";"3,41583085"
"";"30.10.2025 03:40:00";"NO SIGNAL";"3,4144";"3,4146";"3,4099";"3,4124";"3,41514993";"3,41556954"
"";"30.10.2025 03:41:00";"NO SIGNAL";"3,4124";"3,4124";"3,4064";"3,4086";"3,41289997";"3,41496205"
"";"30.10.2025 03:42:00";"NO SIGNAL";"3,4085";"3,4105";"3,4067";"3,4079";"3,41082501";"3,41416192"
"";"30.10.2025 03:43:00";"NO SIGNAL";"3,4079";"3,4106";"3,4070";"3,4070";"3,40897512";"3,41347742"
"";"30.10.2025 03:44:00";"NO SIGNAL";"3,4069";"3,4070";"3,4028";"3,4044";"3,40697503";"3,4123466"
"";"30.10.2025 03:45:00";"NO SIGNAL";"3,4044";"3,4044";"3,4020";"3,4027";"3,40549994";"3,41166925"
"";"30.10.2025 03:46:00";"NO SIGNAL";"3,4026";"3,4026";"3,3972";"3,3975";"3,40290022";"3,41021538"
"";"30.10.2025 03:47:00";"NO SIGNAL";"3,3973";"3,3991";"3,3969";"3,3980";"3,40065002";"3,40883827"
"";"30.10.2025 03:48:00";"NO SIGNAL";"3,3980";"3,4008";"3,3968";"3,4004";"3,3996501";"3,40773058"
"";"30.10.2025 03:49:00";"NO SIGNAL";"3,4004";"3,4041";"3,3966";"3,3972";"3,3982749";"3,4064846"
"";"30.10.2025 03:50:00";"NO SIGNAL";"3,3972";"3,3972";"3,3938";"3,3950";"3,39765";"3,40474606"
"";"30.10.2025 03:51:00";"NO SIGNAL";"3,3951";"3,3974";"3,3924";"3,3946";"3,39680004";"3,40308499"
"";"30.10.2025 03:52:00";"NO SIGNAL";"3,3946";"3,4004";"3,3946";"3,3989";"3,39642477";"3,40189266"
"";"30.10.2025 03:53:00";"NO SIGNAL";"3,3990";"3,3999";"3,3940";"3,3968";"3,39632511";"3,40069294"
"";"30.10.2025 03:54:00";"NO SIGNAL";"3,3968";"3,3968";"3,3942";"3,3954";"3,39642501";"3,39967704"
"";"30.10.2025 03:55:00";"NO SIGNAL";"3,3954";"3,4002";"3,3952";"3,3983";"3,39735007";"3,39893889"
"";"30.10.2025 03:56:00";"NO SIGNAL";"3,3984";"3,4013";"3,3980";"3,3998";"3,39757514";"3,39838457"
"344";"30.10.2025 03:57:00";"BUY";"3,3999";"3,4052";"3,3999";"3,4031";"3,39915013";"3,39828444"
"";"30.10.2025 03:58:00";"NO SIGNAL";"3,4030";"3,4039";"3,4004";"3,4022";"3,40085006";"3,39824605"
"";"30.10.2025 03:59:00";"NO SIGNAL";"3,4021";"3,4083";"3,4005";"3,4058";"3,40272498";"3,39888453"
"";"30.10.2025 04:00:00";"NO SIGNAL";"3,4057";"3,4057";"3,3983";"3,3992";"3,40257502";"3,39897704"
"";"30.10.2025 04:01:00";"NO SIGNAL";"3,3992";"3,4012";"3,3978";"3,3988";"3,40149999";"3,39885402"
"";"30.10.2025 04:02:00";"NO SIGNAL";"3,3987";"3,4027";"3,3975";"3,4026";"3,40159988";"3,39926958"
"";"30.10.2025 04:03:00";"NO SIGNAL";"3,4027";"3,4082";"3,4026";"3,4050";"3,40140009";"3,40003872"
"";"30.10.2025 04:04:00";"NO SIGNAL";"3,4049";"3,4059";"3,3971";"3,3972";"3,40090013";"3,40023875"
"345";"30.10.2025 04:05:00";"SELL";"3,3971";"3,3971";"3,3892";"3,3920";"3,39919996";"3,39970803"
"";"30.10.2025 04:06:00";"NO SIGNAL";"3,3920";"3,3946";"3,3905";"3,3922";"3,39660001";"3,39935398"
"";"30.10.2025 04:07:00";"NO SIGNAL";"3,3920";"3,3920";"3,3854";"3,3863";"3,39192486";"3,39865398"
"";"30.10.2025 04:08:00";"NO SIGNAL";"3,3862";"3,3862";"3,3763";"3,3766";"3,38677502";"3,39698458"
"";"30.10.2025 04:09:00";"NO SIGNAL";"3,3765";"3,3776";"3,3717";"3,3745";"3,38240004";"3,39503837"
"";"30.10.2025 04:10:00";"NO SIGNAL";"3,3745";"3,3746";"3,3550";"3,3584";"3,37395";"3,39159989"
"";"30.10.2025 04:11:00";"NO SIGNAL";"3,3584";"3,3627";"3,3507";"3,3588";"3,3670752";"3,3882618"
"";"30.10.2025 04:12:00";"NO SIGNAL";"3,3585";"3,3594";"3,3526";"3,3568";"3,36212516";"3,38449216"
"";"30.10.2025 04:13:00";"NO SIGNAL";"3,3572";"3,3608";"3,3517";"3,3573";"3,35782504";"3,38126922"
"";"30.10.2025 04:14:00";"NO SIGNAL";"3,3569";"3,3569";"3,3498";"3,3550";"3,35697508";"3,37790012"
"";"30.10.2025 04:15:00";"NO SIGNAL";"3,3547";"3,3547";"3,3429";"3,3467";"3,35395002";"3,37360024"
"";"30.10.2025 04:16:00";"NO SIGNAL";"3,3469";"3,3525";"3,3410";"3,3422";"3,35029984";"3,36876917"
"";"30.10.2025 04:17:00";"NO SIGNAL";"3,3421";"3,3470";"3,3336";"3,3466";"3,34762478";"3,36487675"
"";"30.10.2025 04:18:00";"NO SIGNAL";"3,3466";"3,3503";"3,3357";"3,3428";"3,34457493";"3,36109209"
"";"30.10.2025 04:19:00";"NO SIGNAL";"3,3429";"3,3528";"3,3404";"3,3491";"3,34517503";"3,35777688"
"";"30.10.2025 04:20:00";"NO SIGNAL";"3,3489";"3,3618";"3,3471";"3,3613";"3,34994984";"3,35585356"
"";"30.10.2025 04:21:00";"NO SIGNAL";"3,3612";"3,3619";"3,3478";"3,3499";"3,350775";"3,35379982"
"346";"30.10.2025 04:22:00";"BUY";"3,3499";"3,3504";"3,3445";"3,3482";"3,35212517";"3,35177684"
"347";"30.10.2025 04:23:00";"SELL";"3,3483";"3,3501";"3,3313";"3,3326";"3,34800005";"3,34979224"
"";"30.10.2025 04:24:00";"NO SIGNAL";"3,3325";"3,3381";"3,3267";"3,3291";"3,33995008";"3,34750772"
"";"30.10.2025 04:25:00";"NO SIGNAL";"3,3291";"3,3377";"3,3291";"3,3338";"3,3359251";"3,34573841"
"";"30.10.2025 04:26:00";"NO SIGNAL";"3,3337";"3,3378";"3,3279";"3,3341";"3,33239985";"3,34395385"
"";"30.10.2025 04:27:00";"NO SIGNAL";"3,3344";"3,3361";"3,3072";"3,3096";"3,3266499";"3,34046149"
"";"30.10.2025 04:28:00";"NO SIGNAL";"3,3093";"3,3137";"3,2756";"3,2768";"3,31357503";"3,33508492"
"";"30.10.2025 04:29:00";"NO SIGNAL";"3,2766";"3,3036";"3,2712";"3,3036";"3,30602503";"3,33211541"
"";"30.10.2025 04:30:00";"NO SIGNAL";"3,3030";"3,3033";"3,2888";"3,3001";"3,29752493";"3,32853866"
"";"30.10.2025 04:31:00";"NO SIGNAL";"3,3001";"3,3021";"3,2886";"3,2886";"3,29227519";"3,32436967"
"";"30.10.2025 04:32:00";"NO SIGNAL";"3,2895";"3,2977";"3,2810";"3,2812";"3,29337502";"3,31914639"
"";"30.10.2025 04:33:00";"NO SIGNAL";"3,2818";"3,2960";"3,2784";"3,2941";"3,29100013";"3,31397724"
"";"30.10.2025 04:34:00";"NO SIGNAL";"3,2942";"3,2993";"3,2928";"3,2946";"3,28962493";"3,30972362"
"";"30.10.2025 04:35:00";"NO SIGNAL";"3,2947";"3,3397";"3,2947";"3,3382";"3,30202484";"3,30895424"
"348";"30.10.2025 04:36:00";"BUY";"3,3382";"3,3551";"3,3330";"3,3472";"3,31852484";"3,31007719"
"";"30.10.2025 04:37:00";"NO SIGNAL";"3,3472";"3,3518";"3,3413";"3,3505";"3,33262491";"3,31172347"
"";"30.10.2025 04:38:00";"NO SIGNAL";"3,3506";"3,3548";"3,3426";"3,3454";"3,34532499";"3,31261516"
"";"30.10.2025 04:39:00";"NO SIGNAL";"3,3456";"3,3561";"3,3376";"3,3545";"3,34940004";"3,31418443"
"";"30.10.2025 04:40:00";"NO SIGNAL";"3,3544";"3,3549";"3,3404";"3,3470";"3,34934998";"3,31706142"
"";"30.10.2025 04:41:00";"NO SIGNAL";"3,3471";"3,3471";"3,3317";"3,3338";"3,34517503";"3,32144618"
"";"30.10.2025 04:42:00";"NO SIGNAL";"3,3339";"3,3348";"3,3238";"3,3281";"3,34084988";"3,32333088"
"";"30.10.2025 04:43:00";"NO SIGNAL";"3,3280";"3,3290";"3,3195";"3,3218";"3,33267498";"3,32500029"
"349";"30.10.2025 04:44:00";"SELL";"3,3219";"3,3227";"3,3133";"3,3190";"3,32567501";"3,32733893"
"";"30.10.2025 04:45:00";"NO SIGNAL";"3,3190";"3,3350";"3,3169";"3,3301";"3,32475019";"3,33110023"
"";"30.10.2025 04:46:00";"NO SIGNAL";"3,3300";"3,3349";"3,3260";"3,3313";"3,32555008";"3,33396173"
"";"30.10.2025 04:47:00";"NO SIGNAL";"3,3313";"3,3339";"3,3275";"3,3331";"3,3283751";"3,33692336"
"";"30.10.2025 04:48:00";"NO SIGNAL";"3,3332";"3,3333";"3,3234";"3,3244";"3,32972503";"3,33586192"
"";"30.10.2025 04:49:00";"NO SIGNAL";"3,3243";"3,3257";"3,3172";"3,3192";"3,3269999";"3,33370805"
"";"30.10.2025 04:50:00";"NO SIGNAL";"3,3192";"3,3206";"3,3167";"3,3177";"3,32360005";"3,33118486"
"";"30.10.2025 04:51:00";"NO SIGNAL";"3,3180";"3,3238";"3,3175";"3,3175";"3,3197";"3,32903862"
"";"30.10.2025 04:52:00";"NO SIGNAL";"3,3174";"3,3272";"3,3173";"3,3255";"3,3199749";"3,32680798"
"";"30.10.2025 04:53:00";"NO SIGNAL";"3,3252";"3,3296";"3,3214";"3,3277";"3,32210016";"3,32532334"
"";"30.10.2025 04:54:00";"NO SIGNAL";"3,3278";"3,3296";"3,3188";"3,3200";"3,32267499";"3,32426167"
"";"30.10.2025 04:55:00";"NO SIGNAL";"3,3204";"3,3210";"3,3158";"3,3164";"3,32240009";"3,32336164"
"";"30.10.2025 04:56:00";"NO SIGNAL";"3,3164";"3,3188";"3,3127";"3,3134";"3,3193748";"3,32271528"
"";"30.10.2025 04:57:00";"NO SIGNAL";"3,3134";"3,3173";"3,3123";"3,3130";"3,31570005";"3,32225394"
"";"30.10.2025 04:58:00";"NO SIGNAL";"3,3131";"3,3161";"3,3071";"3,3084";"3,31279993";"3,3205843"
"";"30.10.2025 04:59:00";"NO SIGNAL";"3,3083";"3,3090";"3,2952";"3,3004";"3,30879998";"3,3182075"
"";"30.10.2025 05:00:00";"NO SIGNAL";"3,3004";"3,3022";"3,2923";"3,2968";"3,30464983";"3,31541514"
"";"30.10.2025 05:01:00";"NO SIGNAL";"3,2969";"3,3025";"3,2935";"3,2966";"3,30054998";"3,31327677"
"";"30.10.2025 05:02:00";"NO SIGNAL";"3,2965";"3,3075";"3,2958";"3,3023";"3,29902482";"3,31197715"
"";"30.10.2025 05:03:00";"NO SIGNAL";"3,3021";"3,3102";"3,3016";"3,3088";"3,30112505";"3,31129265"
"";"30.10.2025 05:04:00";"NO SIGNAL";"3,3085";"3,3093";"3,2973";"3,3003";"3,30200005";"3,30996943"
"";"30.10.2025 05:05:00";"NO SIGNAL";"3,3006";"3,3006";"3,2933";"3,2997";"3,30277491";"3,30798459"
"";"30.10.2025 05:06:00";"NO SIGNAL";"3,2990";"3,3061";"3,2953";"3,3043";"3,30327487";"3,30618477"
"";"30.10.2025 05:07:00";"NO SIGNAL";"3,3044";"3,3102";"3,3037";"3,3066";"3,30272484";"3,30515385"
"350";"30.10.2025 05:08:00";"BUY";"3,3070";"3,3120";"3,3067";"3,3085";"3,304775";"3,30454612"
"";"30.10.2025 05:09:00";"NO SIGNAL";"3,3086";"3,3116";"3,3055";"3,3071";"3,30662513";"3,30406165"
"";"30.10.2025 05:10:00";"NO SIGNAL";"3,3071";"3,3075";"3,2994";"3,3000";"3,3055501";"3,30306149"
"";"30.10.2025 05:11:00";"NO SIGNAL";"3,3000";"3,3000";"3,2931";"3,2977";"3,30332518";"3,3022387"
"351";"30.10.2025 05:12:00";"SELL";"3,2977";"3,3031";"3,2967";"3,2999";"3,30117512";"3,30220008"
"";"30.10.2025 05:13:00";"NO SIGNAL";"3,3000";"3,3070";"3,2989";"3,3068";"3,30110002";"3,30296922"
"";"30.10.2025 05:14:00";"NO SIGNAL";"3,3068";"3,3102";"3,3059";"3,3093";"3,30342507";"3,3039465"
"352";"30.10.2025 05:15:00";"BUY";"3,3093";"3,3093";"3,3034";"3,3044";"3,30509996";"3,30410814"
"";"30.10.2025 05:16:00";"NO SIGNAL";"3,3045";"3,3067";"3,3017";"3,3023";"3,30570006";"3,3036077"
"";"30.10.2025 05:17:00";"NO SIGNAL";"3,3022";"3,3022";"3,2962";"3,2993";"3,3038249";"3,30353069"
"353";"30.10.2025 05:18:00";"SELL";"3,2993";"3,3037";"3,2983";"3,3037";"3,30242491";"3,30383778"
"";"30.10.2025 05:19:00";"NO SIGNAL";"3,3037";"3,3043";"3,2987";"3,2996";"3,30122519";"3,30347657"
"";"30.10.2025 05:20:00";"NO SIGNAL";"3,2996";"3,3037";"3,2948";"3,3011";"3,30092502";"3,30305338"
"";"30.10.2025 05:21:00";"NO SIGNAL";"3,3010";"3,3010";"3,2956";"3,2978";"3,30054998";"3,30223036"
"";"30.10.2025 05:22:00";"NO SIGNAL";"3,2977";"3,3061";"3,2965";"3,3028";"3,30032492";"3,30189967"
"";"30.10.2025 05:23:00";"NO SIGNAL";"3,3029";"3,3029";"3,2973";"3,2979";"3,29990005";"3,3017385"
"";"30.10.2025 05:24:00";"NO SIGNAL";"3,2978";"3,2978";"3,2898";"3,2946";"3,29827499";"3,30150008"
"";"30.10.2025 05:25:00";"NO SIGNAL";"3,2945";"3,2963";"3,2884";"3,2889";"3,29605007";"3,30065393"
"";"30.10.2025 05:26:00";"NO SIGNAL";"3,2889";"3,2941";"3,2849";"3,2933";"3,29367518";"3,29961562"
"";"30.10.2025 05:27:00";"NO SIGNAL";"3,2934";"3,2958";"3,2902";"3,2946";"3,29285002";"3,29848504"
"";"30.10.2025 05:28:00";"NO SIGNAL";"3,2946";"3,3042";"3,2935";"3,3038";"3,2951498";"3,29843831"
"354";"30.10.2025 05:29:00";"BUY";"3,3039";"3,3054";"3,2992";"3,3040";"3,29892492";"3,2985692"
"";"30.10.2025 05:30:00";"NO SIGNAL";"3,3040";"3,3055";"3,3017";"3,3038";"3,30154991";"3,29891539"
"";"30.10.2025 05:31:00";"NO SIGNAL";"3,3037";"3,3037";"3,2997";"3,3027";"3,30357504";"3,29883885"
"";"30.10.2025 05:32:00";"NO SIGNAL";"3,3027";"3,3120";"3,3027";"3,3090";"3,30487514";"3,29956174"
"";"30.10.2025 05:33:00";"NO SIGNAL";"3,3089";"3,3091";"3,3049";"3,3079";"3,30585003";"3,30008483"
"";"30.10.2025 05:34:00";"NO SIGNAL";"3,3078";"3,3188";"3,3065";"3,3168";"3,30910015";"3,30154634"
"";"30.10.2025 05:35:00";"NO SIGNAL";"3,3170";"3,3170";"3,3091";"3,3111";"3,31120014";"3,30218482"
"";"30.10.2025 05:36:00";"NO SIGNAL";"3,3111";"3,3115";"3,3083";"3,3090";"3,31120014";"3,30303884"
"";"30.10.2025 05:37:00";"NO SIGNAL";"3,3091";"3,3164";"3,3065";"3,3164";"3,31332517";"3,30471539"
"";"30.10.2025 05:38:00";"NO SIGNAL";"3,3165";"3,3203";"3,3137";"3,3201";"3,31415009";"3,30711555"
"";"30.10.2025 05:39:00";"NO SIGNAL";"3,3204";"3,3365";"3,3203";"3,3365";"3,3204999";"3,31043863"
"";"30.10.2025 05:40:00";"NO SIGNAL";"3,3357";"3,3487";"3,3348";"3,3436";"3,3291502";"3,31420803"
"";"30.10.2025 05:41:00";"NO SIGNAL";"3,3437";"3,3437";"3,3346";"3,3392";"3,33485007";"3,31693101"
"";"30.10.2025 05:42:00";"NO SIGNAL";"3,3392";"3,3521";"3,3391";"3,3448";"3,34102511";"3,32006907"
"";"30.10.2025 05:43:00";"NO SIGNAL";"3,3443";"3,3573";"3,3443";"3,3525";"3,34502506";"3,32381535"
"";"30.10.2025 05:44:00";"NO SIGNAL";"3,3524";"3,3582";"3,3511";"3,3555";"3,34800005";"3,32787681"
"";"30.10.2025 05:45:00";"NO SIGNAL";"3,3555";"3,3589";"3,3525";"3,3589";"3,35292506";"3,33171558"
"";"30.10.2025 05:46:00";"NO SIGNAL";"3,3590";"3,3668";"3,3568";"3,3597";"3,35665011";"3,33570004"
"";"30.10.2025 05:47:00";"NO SIGNAL";"3,3597";"3,3648";"3,3560";"3,3647";"3,35969996";"3,33938456"
"";"30.10.2025 05:48:00";"NO SIGNAL";"3,3650";"3,3684";"3,3637";"3,3637";"3,36175013";"3,34343028"
"";"30.10.2025 05:49:00";"NO SIGNAL";"3,3638";"3,3728";"3,3629";"3,3693";"3,36435008";"3,34806895"
"";"30.10.2025 05:50:00";"NO SIGNAL";"3,3697";"3,3737";"3,3662";"3,3686";"3,366575";"3,3520844"
"";"30.10.2025 05:51:00";"NO SIGNAL";"3,3689";"3,3771";"3,3681";"3,3731";"3,36867499";"3,35616136"
"";"30.10.2025 05:52:00";"NO SIGNAL";"3,3727";"3,3729";"3,3659";"3,3729";"3,37097502";"3,35896134"
"";"30.10.2025 05:53:00";"NO SIGNAL";"3,3730";"3,3770";"3,3730";"3,3765";"3,37277508";"3,36149263"
"";"30.10.2025 05:54:00";"NO SIGNAL";"3,3765";"3,3797";"3,3748";"3,3786";"3,37527514";"3,36452341"
"";"30.10.2025 05:55:00";"NO SIGNAL";"3,3785";"3,3785";"3,3696";"3,3710";"3,3747499";"3,36653852"
"";"30.10.2025 05:56:00";"NO SIGNAL";"3,3709";"3,3750";"3,3705";"3,3729";"3,37475014";"3,3681078"
"";"30.10.2025 05:57:00";"NO SIGNAL";"3,3729";"3,3729";"3,3680";"3,3710";"3,37337518";"3,36930037"
"";"30.10.2025 05:58:00";"NO SIGNAL";"3,3709";"3,3789";"3,3694";"3,3771";"3,37300014";"3,37070012"
"";"30.10.2025 05:59:00";"NO SIGNAL";"3,3770";"3,3770";"3,3685";"3,3690";"3,37249994";"3,37141538"
"355";"30.10.2025 06:00:00";"SELL";"3,3690";"3,3731";"3,3667";"3,3701";"3,37179995";"3,3718307"
"";"30.10.2025 06:01:00";"NO SIGNAL";"3,3703";"3,3717";"3,3678";"3,3710";"3,37179995";"3,37239242"
"";"30.10.2025 06:02:00";"NO SIGNAL";"3,3706";"3,3769";"3,3706";"3,3746";"3,37117481";"3,37279987"
"";"30.10.2025 06:03:00";"NO SIGNAL";"3,3747";"3,3748";"3,3682";"3,3721";"3,37195015";"3,37306929"
"";"30.10.2025 06:04:00";"NO SIGNAL";"3,3721";"3,3730";"3,3675";"3,3713";"3,37225008";"3,37293077"
"";"30.10.2025 06:05:00";"NO SIGNAL";"3,3713";"3,3729";"3,3653";"3,3661";"3,37102509";"3,37240791"
"";"30.10.2025 06:06:00";"NO SIGNAL";"3,3662";"3,3670";"3,3620";"3,3662";"3,36892486";"3,37161541"
"";"30.10.2025 06:07:00";"NO SIGNAL";"3,3662";"3,3692";"3,3630";"3,3683";"3,367975";"3,37082314"
"";"30.10.2025 06:08:00";"NO SIGNAL";"3,3679";"3,3695";"3,3602";"3,3606";"3,36530018";"3,37002277"
"";"30.10.2025 06:09:00";"NO SIGNAL";"3,3605";"3,3641";"3,3596";"3,3633";"3,3645997";"3,36928487"
"";"30.10.2025 06:10:00";"NO SIGNAL";"3,3632";"3,3658";"3,3602";"3,3616";"3,36345005";"3,36856151"
"";"30.10.2025 06:11:00";"NO SIGNAL";"3,3615";"3,3661";"3,3613";"3,3622";"3,36192513";"3,36741567"
"";"30.10.2025 06:12:00";"NO SIGNAL";"3,3623";"3,3648";"3,3622";"3,3635";"3,36265016";"3,36699224"
"";"30.10.2025 06:13:00";"NO SIGNAL";"3,3635";"3,3635";"3,3547";"3,3605";"3,36194992";"3,36625385"
"";"30.10.2025 06:14:00";"NO SIGNAL";"3,3604";"3,3609";"3,3571";"3,3597";"3,36147499";"3,36538434"
"";"30.10.2025 06:15:00";"NO SIGNAL";"3,3598";"3,3602";"3,3546";"3,3563";"3,36000013";"3,36397719"
"";"30.10.2025 06:16:00";"NO SIGNAL";"3,3564";"3,3573";"3,3485";"3,3527";"3,35730004";"3,36248469"
"";"30.10.2025 06:17:00";"NO SIGNAL";"3,3528";"3,3536";"3,3486";"3,3486";"3,35432506";"3,36073875"
"";"30.10.2025 06:18:00";"NO SIGNAL";"3,3486";"3,3546";"3,3479";"3,3538";"3,3528502";"3,35979271"
"";"30.10.2025 06:19:00";"NO SIGNAL";"3,3538";"3,3552";"3,3518";"3,3530";"3,35202503";"3,35877705"
"";"30.10.2025 06:20:00";"NO SIGNAL";"3,3530";"3,3563";"3,3502";"3,3550";"3,3526001";"3,35775399"
"";"30.10.2025 06:21:00";"NO SIGNAL";"3,3549";"3,3549";"3,3477";"3,3501";"3,35297489";"3,35694623"
"";"30.10.2025 06:22:00";"NO SIGNAL";"3,3503";"3,3552";"3,3493";"3,3540";"3,35302496";"3,35623074"
"";"30.10.2025 06:23:00";"NO SIGNAL";"3,3539";"3,3592";"3,3539";"3,3584";"3,35437489";"3,35598469"
"";"30.10.2025 06:24:00";"NO SIGNAL";"3,3585";"3,3599";"3,3521";"3,3535";"3,35400009";"3,35531545"
"356";"30.10.2025 06:25:00";"BUY";"3,3535";"3,3562";"3,3496";"3,3551";"3,35525012";"3,35466957"
"";"30.10.2025 06:26:00";"NO SIGNAL";"3,3552";"3,3577";"3,3527";"3,3540";"3,35524988";"3,35416913"
"";"30.10.2025 06:27:00";"NO SIGNAL";"3,3541";"3,3595";"3,3528";"3,3580";"3,35514975";"3,35403848"
"";"30.10.2025 06:28:00";"NO SIGNAL";"3,3578";"3,3599";"3,3566";"3,3599";"3,35675001";"3,35431528"
"";"30.10.2025 06:29:00";"NO SIGNAL";"3,3599";"3,3599";"3,3556";"3,3576";"3,35737491";"3,35469246"
"";"30.10.2025 06:30:00";"NO SIGNAL";"3,3575";"3,3643";"3,3542";"3,3636";"3,35977507";"3,35584664"
"";"30.10.2025 06:31:00";"NO SIGNAL";"3,3635";"3,3721";"3,3621";"3,3631";"3,36105013";"3,3565619"
"";"30.10.2025 06:32:00";"NO SIGNAL";"3,3630";"3,3703";"3,3622";"3,3673";"3,36290002";"3,35766172"
"";"30.10.2025 06:33:00";"NO SIGNAL";"3,3672";"3,3700";"3,3650";"3,3700";"3,36599994";"3,35881543"
"";"30.10.2025 06:34:00";"NO SIGNAL";"3,3700";"3,3700";"3,3650";"3,3658";"3,36654997";"3,36002302"
"";"30.10.2025 06:35:00";"NO SIGNAL";"3,3659";"3,3740";"3,3654";"3,3708";"3,36847496";"3,36131501"
"";"30.10.2025 06:36:00";"NO SIGNAL";"3,3708";"3,3760";"3,3691";"3,3742";"3,37019992";"3,36253071"
"";"30.10.2025 06:37:00";"NO SIGNAL";"3,3743";"3,3751";"3,3700";"3,3712";"3,37050009";"3,36389256"
"";"30.10.2025 06:38:00";"NO SIGNAL";"3,3712";"3,3727";"3,3697";"3,3707";"3,37172508";"3,36509252"
"";"30.10.2025 06:39:00";"NO SIGNAL";"3,3707";"3,3772";"3,3707";"3,3718";"3,37197495";"3,36646199"
"";"30.10.2025 06:40:00";"NO SIGNAL";"3,3717";"3,3727";"3,3679";"3,3705";"3,37104988";"3,36742353"
"";"30.10.2025 06:41:00";"NO SIGNAL";"3,3704";"3,3760";"3,3669";"3,3734";"3,37159991";"3,36846137"
"";"30.10.2025 06:42:00";"NO SIGNAL";"3,3735";"3,3842";"3,3719";"3,3822";"3,374475";"3,37035394"
"";"30.10.2025 06:43:00";"NO SIGNAL";"3,3822";"3,3933";"3,3807";"3,3831";"3,37729979";"3,37185383"
"";"30.10.2025 06:44:00";"NO SIGNAL";"3,3841";"3,3924";"3,3841";"3,3899";"3,38214993";"3,37391496"
"";"30.10.2025 06:45:00";"NO SIGNAL";"3,3900";"3,3972";"3,3900";"3,3941";"3,38732505";"3,37597704"
"";"30.10.2025 06:46:00";"NO SIGNAL";"3,3942";"3,3981";"3,3891";"3,3911";"3,38955021";"3,37759995"
"";"30.10.2025 06:47:00";"NO SIGNAL";"3,3910";"3,3965";"3,3910";"3,3948";"3,39247513";"3,37983108"
"";"30.10.2025 06:48:00";"NO SIGNAL";"3,3947";"3,3953";"3,3920";"3,3937";"3,39342499";"3,38159251"
"";"30.10.2025 06:49:00";"NO SIGNAL";"3,3937";"3,3960";"3,3927";"3,3938";"3,39334989";"3,38310027"
"";"30.10.2025 06:50:00";"NO SIGNAL";"3,3937";"3,3937";"3,3879";"3,3886";"3,39272499";"3,38443851"
"";"30.10.2025 06:51:00";"NO SIGNAL";"3,3887";"3,3888";"3,3832";"3,3854";"3,3903749";"3,3855691"
"";"30.10.2025 06:52:00";"NO SIGNAL";"3,3854";"3,3911";"3,3854";"3,3870";"3,38870001";"3,38673854"
"357";"30.10.2025 06:53:00";"SELL";"3,3871";"3,3884";"3,3848";"3,3866";"3,38690019";"3,38797688"
"";"30.10.2025 06:54:00";"NO SIGNAL";"3,3866";"3,3893";"3,3817";"3,3827";"3,38542485";"3,38869214"
"";"30.10.2025 06:55:00";"NO SIGNAL";"3,3827";"3,3827";"3,3778";"3,3794";"3,3839252";"3,38847709"
"";"30.10.2025 06:56:00";"NO SIGNAL";"3,3795";"3,3809";"3,3750";"3,3752";"3,38097525";"3,38786936"
"";"30.10.2025 06:57:00";"NO SIGNAL";"3,3753";"3,3778";"3,3753";"3,3756";"3,37822509";"3,38676906"
"";"30.10.2025 06:58:00";"NO SIGNAL";"3,3756";"3,3799";"3,3751";"3,3786";"3,37720013";"3,38557673"
"";"30.10.2025 06:59:00";"NO SIGNAL";"3,3788";"3,3809";"3,3767";"3,3770";"3,37660003";"3,38449216"
"";"30.10.2025 07:00:00";"NO SIGNAL";"3,3771";"3,3869";"3,3770";"3,3869";"3,37952495";"3,38388467"
"";"30.10.2025 07:01:00";"NO SIGNAL";"3,3869";"3,3885";"3,3847";"3,3864";"3,38222504";"3,38332319"
"358";"30.10.2025 07:02:00";"BUY";"3,3864";"3,3866";"3,3810";"3,3840";"3,38357496";"3,38256931"
"";"30.10.2025 07:03:00";"NO SIGNAL";"3,3841";"3,3925";"3,3841";"3,3913";"3,38715005";"3,38277721"
"";"30.10.2025 07:04:00";"NO SIGNAL";"3,3914";"3,3918";"3,3889";"3,3902";"3,38797498";"3,38314629"
"";"30.10.2025 07:05:00";"NO SIGNAL";"3,3904";"3,3909";"3,3845";"3,3856";"3,38777494";"3,38303828"
"";"30.10.2025 07:06:00";"NO SIGNAL";"3,3855";"3,3943";"3,3841";"3,3943";"3,3903501";"3,38363075"
"";"30.10.2025 07:07:00";"NO SIGNAL";"3,3943";"3,4018";"3,3943";"3,4009";"3,39274979";"3,38503075"
"";"30.10.2025 07:08:00";"NO SIGNAL";"3,4006";"3,4083";"3,4003";"3,4044";"3,39630008";"3,38695383"
"";"30.10.2025 07:09:00";"NO SIGNAL";"3,4042";"3,4046";"3,4003";"3,4019";"3,40037489";"3,38900781"
"";"30.10.2025 07:10:00";"NO SIGNAL";"3,4020";"3,4046";"3,4003";"3,4046";"3,40295005";"3,39123845"
"";"30.10.2025 07:11:00";"NO SIGNAL";"3,4048";"3,4200";"3,4048";"3,4183";"3,4073";"3,39429259"
"";"30.10.2025 07:12:00";"NO SIGNAL";"3,4184";"3,4243";"3,4171";"3,4227";"3,41187501";"3,39780736"
"";"30.10.2025 07:13:00";"NO SIGNAL";"3,4227";"3,4323";"3,4227";"3,4303";"3,41897488";"3,40114617"
"";"30.10.2025 07:14:00";"NO SIGNAL";"3,4307";"3,4323";"3,4262";"3,4262";"3,42437482";"3,40420771"
"";"30.10.2025 07:15:00";"NO SIGNAL";"3,4261";"3,4267";"3,4221";"3,4238";"3,42575002";"3,40726948"
"";"30.10.2025 07:16:00";"NO SIGNAL";"3,4239";"3,4373";"3,4239";"3,4353";"3,4289";"3,41065407"
"";"30.10.2025 07:17:00";"NO SIGNAL";"3,4355";"3,4362";"3,4329";"3,4349";"3,43005013";"3,41409254"
"";"30.10.2025 07:18:00";"NO SIGNAL";"3,4350";"3,4477";"3,4350";"3,4460";"3,43499994";"3,4187386"
"";"30.10.2025 07:19:00";"NO SIGNAL";"3,4462";"3,4497";"3,4435";"3,4454";"3,44040012";"3,42266917"
"";"30.10.2025 07:20:00";"NO SIGNAL";"3,4450";"3,4473";"3,4423";"3,4443";"3,44265008";"3,42600799"
"";"30.10.2025 07:21:00";"NO SIGNAL";"3,4443";"3,4518";"3,4438";"3,4472";"3,44572496";"3,42930031"
"";"30.10.2025 07:22:00";"NO SIGNAL";"3,4473";"3,4508";"3,4439";"3,4501";"3,44674993";"3,43300796"
"";"30.10.2025 07:23:00";"NO SIGNAL";"3,4495";"3,4495";"3,4455";"3,4480";"3,44739985";"3,43634629"
"";"30.10.2025 07:24:00";"NO SIGNAL";"3,4481";"3,4500";"3,4452";"3,4500";"3,44882488";"3,43878508"
"";"30.10.2025 07:25:00";"NO SIGNAL";"3,4501";"3,4562";"3,4501";"3,4547";"3,45070004";"3,44124675"
"";"30.10.2025 07:26:00";"NO SIGNAL";"3,4546";"3,4565";"3,4516";"3,4545";"3,45179987";"3,44310784"
"";"30.10.2025 07:27:00";"NO SIGNAL";"3,4545";"3,4553";"3,4496";"3,4503";"3,45237494";"3,44496179"
"";"30.10.2025 07:28:00";"NO SIGNAL";"3,4506";"3,4506";"3,4429";"3,4454";"3,4512248";"3,44662285"
"";"30.10.2025 07:29:00";"NO SIGNAL";"3,4454";"3,4462";"3,4406";"3,4437";"3,44847512";"3,4472692"
"359";"30.10.2025 07:30:00";"SELL";"3,4436";"3,4465";"3,4405";"3,4431";"3,44562507";"3,44790006"
"";"30.10.2025 07:31:00";"NO SIGNAL";"3,4432";"3,4473";"3,4407";"3,4407";"3,44322515";"3,4474926"
"";"30.10.2025 07:32:00";"NO SIGNAL";"3,4406";"3,4406";"3,4338";"3,4365";"3,44099998";"3,44680834"
"";"30.10.2025 07:33:00";"NO SIGNAL";"3,4366";"3,4468";"3,4366";"3,4461";"3,44159985";"3,44694638"
"";"30.10.2025 07:34:00";"NO SIGNAL";"3,4462";"3,4470";"3,4381";"3,4401";"3,44085026";"3,4464004"
"";"30.10.2025 07:35:00";"NO SIGNAL";"3,4400";"3,4417";"3,4378";"3,4408";"3,44087505";"3,44568467"
"";"30.10.2025 07:36:00";"NO SIGNAL";"3,4407";"3,4434";"3,4404";"3,4430";"3,44250011";"3,44530034"
"";"30.10.2025 07:37:00";"NO SIGNAL";"3,4431";"3,4457";"3,4430";"3,4446";"3,44212484";"3,44488454"
"";"30.10.2025 07:38:00";"NO SIGNAL";"3,4445";"3,4456";"3,4396";"3,4396";"3,44199991";"3,44372296"
"";"30.10.2025 07:39:00";"NO SIGNAL";"3,4395";"3,4406";"3,4385";"3,4386";"3,44144988";"3,44250011"
"";"30.10.2025 07:40:00";"NO SIGNAL";"3,4386";"3,4432";"3,4386";"3,4419";"3,44117498";"3,44185376"
"";"30.10.2025 07:41:00";"NO SIGNAL";"3,4419";"3,4453";"3,4419";"3,4450";"3,44127512";"3,44182324"
"360";"30.10.2025 07:42:00";"BUY";"3,4451";"3,4513";"3,4451";"3,4503";"3,44395018";"3,44233108"
"";"30.10.2025 07:43:00";"NO SIGNAL";"3,4506";"3,4604";"3,4506";"3,4604";"3,44939995";"3,44366169"
"";"30.10.2025 07:44:00";"NO SIGNAL";"3,4603";"3,4623";"3,4573";"3,4606";"3,45407486";"3,44519258"
"";"30.10.2025 07:45:00";"NO SIGNAL";"3,4606";"3,4645";"3,4599";"3,4623";"3,45840025";"3,44717717"
"";"30.10.2025 07:46:00";"NO SIGNAL";"3,4623";"3,4627";"3,4519";"3,4534";"3,45917511";"3,44773889"
"";"30.10.2025 07:47:00";"NO SIGNAL";"3,4538";"3,4557";"3,4473";"3,4484";"3,45617509";"3,44837737"
"";"30.10.2025 07:48:00";"NO SIGNAL";"3,4484";"3,4489";"3,4406";"3,4427";"3,45169997";"3,44852304"
"361";"30.10.2025 07:49:00";"SELL";"3,4426";"3,4426";"3,4389";"3,4420";"3,44662476";"3,44844556"
"";"30.10.2025 07:50:00";"NO SIGNAL";"3,4420";"3,4433";"3,4392";"3,4422";"3,44382524";"3,44826174"
"";"30.10.2025 07:51:00";"NO SIGNAL";"3,4422";"3,4490";"3,4422";"3,4462";"3,44327497";"3,44876909"
"";"30.10.2025 07:52:00";"NO SIGNAL";"3,4461";"3,4503";"3,4456";"3,4494";"3,4449501";"3,44959974"
"";"30.10.2025 07:53:00";"NO SIGNAL";"3,4492";"3,4517";"3,4476";"3,4502";"3,44700003";"3,45023823"
"";"30.10.2025 07:54:00";"NO SIGNAL";"3,4503";"3,4524";"3,4503";"3,4504";"3,44904995";"3,45065379"
"";"30.10.2025 07:55:00";"NO SIGNAL";"3,4504";"3,4504";"3,4435";"3,4482";"3,44955015";"3,45049214"
"";"30.10.2025 07:56:00";"NO SIGNAL";"3,4481";"3,4498";"3,4466";"3,4481";"3,44922519";"3,44954586"
"";"30.10.2025 07:57:00";"NO SIGNAL";"3,4481";"3,4486";"3,4453";"3,4469";"3,44840002";"3,44849229"
"362";"30.10.2025 07:58:00";"BUY";"3,4465";"3,4528";"3,4465";"3,4520";"3,44880009";"3,44770002"
"";"30.10.2025 07:59:00";"NO SIGNAL";"3,4520";"3,4541";"3,4505";"3,4526";"3,44989991";"3,44763851"
"";"30.10.2025 08:00:00";"NO SIGNAL";"3,4526";"3,4535";"3,4466";"3,4471";"3,44964981";"3,44753861"
"";"30.10.2025 08:01:00";"NO SIGNAL";"3,4471";"3,4496";"3,4388";"3,4432";"3,44872475";"3,447577"
"363";"30.10.2025 08:02:00";"SELL";"3,4432";"3,4432";"3,4354";"3,4362";"3,4447751";"3,44713116"
"";"30.10.2025 08:03:00";"NO SIGNAL";"3,4363";"3,4402";"3,4315";"3,4330";"3,43987489";"3,44642329"
"";"30.10.2025 08:04:00";"NO SIGNAL";"3,4331";"3,4335";"3,4259";"3,4286";"3,43525004";"3,44506955"
"";"30.10.2025 08:05:00";"NO SIGNAL";"3,4285";"3,4285";"3,4231";"3,4263";"3,43102527";"3,44329262"
"";"30.10.2025 08:06:00";"NO SIGNAL";"3,4263";"3,4285";"3,4252";"3,4257";"3,42840004";"3,44140792"
"";"30.10.2025 08:07:00";"NO SIGNAL";"3,4257";"3,4370";"3,4253";"3,4326";"3,42830014";"3,44003868"
"";"30.10.2025 08:08:00";"NO SIGNAL";"3,4327";"3,4393";"3,4324";"3,4388";"3,43085003";"3,43931556"
"";"30.10.2025 08:09:00";"NO SIGNAL";"3,4389";"3,4436";"3,4303";"3,4342";"3,43282509";"3,43824625"
"";"30.10.2025 08:10:00";"NO SIGNAL";"3,4340";"3,4381";"3,4277";"3,4312";"3,43420005";"3,43703866"
"364";"30.10.2025 08:11:00";"BUY";"3,4316";"3,4485";"3,4311";"3,4480";"3,43805003";"3,43673062"
"";"30.10.2025 08:12:00";"NO SIGNAL";"3,4479";"3,4546";"3,4363";"3,4387";"3,438025";"3,43566179"
"";"30.10.2025 08:13:00";"NO SIGNAL";"3,4389";"3,4421";"3,4359";"3,4408";"3,43967485";"3,43517661"
"";"30.10.2025 08:14:00";"NO SIGNAL";"3,4409";"3,4415";"3,4352";"3,4401";"3,44190001";"3,43493843"
"";"30.10.2025 08:15:00";"NO SIGNAL";"3,4401";"3,4491";"3,4396";"3,4467";"3,44157481";"3,43574619"
"";"30.10.2025 08:16:00";"NO SIGNAL";"3,4467";"3,4489";"3,4385";"3,4385";"3,44152498";"3,43616962"
"";"30.10.2025 08:17:00";"NO SIGNAL";"3,4385";"3,4408";"3,4321";"3,4363";"3,44039989";"3,43676162"
"";"30.10.2025 08:18:00";"NO SIGNAL";"3,4363";"3,4420";"3,4363";"3,4392";"3,44017482";"3,43775392"
"365";"30.10.2025 08:19:00";"SELL";"3,4394";"3,4400";"3,4309";"3,4367";"3,437675";"3,43859982"
"366";"30.10.2025 08:20:00";"BUY";"3,4367";"3,4512";"3,4364";"3,4504";"3,44064999";"3,43996906"
"";"30.10.2025 08:21:00";"NO SIGNAL";"3,4504";"3,4526";"3,4435";"3,4441";"3,44259977";"3,44037676"
"";"30.10.2025 08:22:00";"NO SIGNAL";"3,4441";"3,4478";"3,4439";"3,4446";"3,44394994";"3,44117689"
"";"30.10.2025 08:23:00";"NO SIGNAL";"3,4445";"3,4460";"3,4419";"3,4445";"3,4459002";"3,44220042"
"";"30.10.2025 08:24:00";"NO SIGNAL";"3,4445";"3,4453";"3,4412";"3,4428";"3,44399977";"3,44180012"
"";"30.10.2025 08:25:00";"NO SIGNAL";"3,4429";"3,4432";"3,4363";"3,4412";"3,44327497";"3,44199276"
"367";"30.10.2025 08:26:00";"SELL";"3,4413";"3,4417";"3,4351";"3,4352";"3,44092512";"3,44156194"
"";"30.10.2025 08:27:00";"NO SIGNAL";"3,4352";"3,4369";"3,4339";"3,4361";"3,43882513";"3,44125414"
"";"30.10.2025 08:28:00";"NO SIGNAL";"3,4362";"3,4394";"3,4346";"3,4372";"3,43742514";"3,44052315"
"";"30.10.2025 08:29:00";"NO SIGNAL";"3,4371";"3,4381";"3,4345";"3,4352";"3,43592501";"3,44026923"
"";"30.10.2025 08:30:00";"NO SIGNAL";"3,4350";"3,4396";"3,4350";"3,4371";"3,43639994";"3,44033098"
"";"30.10.2025 08:31:00";"NO SIGNAL";"3,4372";"3,4434";"3,4361";"3,4430";"3,43812513";"3,44062328"
"";"30.10.2025 08:32:00";"NO SIGNAL";"3,4430";"3,4459";"3,4415";"3,4442";"3,43987513";"3,44120002"
"368";"30.10.2025 08:33:00";"BUY";"3,4442";"3,4498";"3,4420";"3,4493";"3,44339991";"3,44111538"
"";"30.10.2025 08:34:00";"NO SIGNAL";"3,4492";"3,4498";"3,4428";"3,4430";"3,444875";"3,44103074"
"";"30.10.2025 08:35:00";"NO SIGNAL";"3,4430";"3,4492";"3,4419";"3,4482";"3,4461751";"3,44130778"
"";"30.10.2025 08:36:00";"NO SIGNAL";"3,4482";"3,4500";"3,4459";"3,4479";"3,44709992";"3,44156933"
"";"30.10.2025 08:37:00";"NO SIGNAL";"3,4482";"3,4618";"3,4477";"3,4609";"3,45000005";"3,44296169"
"";"30.10.2025 08:38:00";"NO SIGNAL";"3,4608";"3,4608";"3,4525";"3,4546";"3,45290017";"3,44399238"
"";"30.10.2025 08:39:00";"NO SIGNAL";"3,4550";"3,4611";"3,4540";"3,4571";"3,45512509";"3,44567704"
"";"30.10.2025 08:40:00";"NO SIGNAL";"3,4570";"3,4570";"3,4459";"3,4474";"3,45500016";"3,44654632"
"";"30.10.2025 08:41:00";"NO SIGNAL";"3,4475";"3,4502";"3,4439";"3,4455";"3,45115018";"3,44718504"
"";"30.10.2025 08:42:00";"NO SIGNAL";"3,4452";"3,4507";"3,4437";"3,4501";"3,45002508";"3,44833088"
"369";"30.10.2025 08:43:00";"SELL";"3,4500";"3,4504";"3,4465";"3,4491";"3,44802499";"3,4492538"
"";"30.10.2025 08:44:00";"NO SIGNAL";"3,4491";"3,4530";"3,4491";"3,4508";"3,44887495";"3,4498539"
"";"30.10.2025 08:45:00";"NO SIGNAL";"3,4507";"3,4509";"3,4462";"3,4476";"3,44939995";"3,45011544"
"";"30.10.2025 08:46:00";"NO SIGNAL";"3,4476";"3,4477";"3,4412";"3,4414";"3,44722509";"3,44950795"
"";"30.10.2025 08:47:00";"NO SIGNAL";"3,4415";"3,4416";"3,4374";"3,4387";"3,4446249";"3,44917703"
"";"30.10.2025 08:48:00";"NO SIGNAL";"3,4386";"3,4386";"3,4315";"3,4345";"3,44054985";"3,44812322"
"";"30.10.2025 08:49:00";"NO SIGNAL";"3,4344";"3,4347";"3,4307";"3,4333";"3,436975";"3,44700027"
"";"30.10.2025 08:50:00";"NO SIGNAL";"3,4332";"3,4344";"3,4314";"3,4343";"3,43519998";"3,44495416"
"";"30.10.2025 08:51:00";"NO SIGNAL";"3,4343";"3,4363";"3,4332";"3,4352";"3,43432498";"3,44346166"
"";"30.10.2025 08:52:00";"NO SIGNAL";"3,4352";"3,4354";"3,4322";"3,4325";"3,43382502";"3,44156933"
"";"30.10.2025 08:53:00";"NO SIGNAL";"3,4325";"3,4329";"3,4305";"3,4305";"3,43312502";"3,44026923"
"";"30.10.2025 08:54:00";"NO SIGNAL";"3,4308";"3,4326";"3,4271";"3,4285";"3,43167496";"3,43896151"
"";"30.10.2025 08:55:00";"NO SIGNAL";"3,4285";"3,4299";"3,4266";"3,4279";"3,42984986";"3,43725395"
"";"30.10.2025 08:56:00";"NO SIGNAL";"3,4277";"3,4291";"3,4217";"3,4240";"3,42772508";"3,43532348"
"";"30.10.2025 08:57:00";"NO SIGNAL";"3,4240";"3,4260";"3,4218";"3,4236";"3,42600012";"3,43323112"
"";"30.10.2025 08:58:00";"NO SIGNAL";"3,4235";"3,4241";"3,4208";"3,4223";"3,42445016";"3,4312849"
"";"30.10.2025 08:59:00";"NO SIGNAL";"3,4222";"3,4238";"3,4202";"3,4202";"3,42252493";"3,42965412"
"";"30.10.2025 09:00:00";"NO SIGNAL";"3,4202";"3,4259";"3,4170";"3,4194";"3,42137504";"3,42816949"
"";"30.10.2025 09:01:00";"NO SIGNAL";"3,4193";"3,4271";"3,4191";"3,4247";"3,42165017";"3,42741561"
"";"30.10.2025 09:02:00";"NO SIGNAL";"3,4247";"3,4252";"3,4213";"3,4241";"3,42210007";"3,42670774"
"";"30.10.2025 09:03:00";"NO SIGNAL";"3,4241";"3,4241";"3,4166";"3,4196";"3,4219501";"3,42557693"
"";"30.10.2025 09:04:00";"NO SIGNAL";"3,4194";"3,4211";"3,4192";"3,4200";"3,42210007";"3,42440772"
"";"30.10.2025 09:05:00";"NO SIGNAL";"3,4198";"3,4267";"3,4187";"3,4241";"3,4219501";"3,42376161"
"";"30.10.2025 09:06:00";"NO SIGNAL";"3,4242";"3,4276";"3,4225";"3,4259";"3,4224";"3,42340779"
"370";"30.10.2025 09:07:00";"BUY";"3,4259";"3,4259";"3,4217";"3,4217";"3,422925";"3,42288446"
"";"30.10.2025 09:08:00";"NO SIGNAL";"3,4216";"3,4233";"3,4200";"3,4200";"3,422925";"3,4222765"
"371";"30.10.2025 09:09:00";"SELL";"3,4201";"3,4223";"3,4183";"3,4183";"3,42147493";"3,42183852"
"";"30.10.2025 09:10:00";"NO SIGNAL";"3,4184";"3,4225";"3,4184";"3,4218";"3,42044973";"3,4217"
"";"30.10.2025 09:11:00";"NO SIGNAL";"3,4219";"3,4260";"3,4192";"3,4194";"3,41987491";"3,42147684"
"";"30.10.2025 09:12:00";"NO SIGNAL";"3,4195";"3,4232";"3,4194";"3,4222";"3,42042494";"3,42163062"
"";"30.10.2025 09:13:00";"NO SIGNAL";"3,4221";"3,4221";"3,4174";"3,4174";"3,42019987";"3,42147732"
"";"30.10.2025 09:14:00";"NO SIGNAL";"3,4174";"3,4181";"3,4144";"3,4177";"3,41917515";"3,42093873"
"";"30.10.2025 09:15:00";"NO SIGNAL";"3,4178";"3,4234";"3,4178";"3,4219";"3,41980004";"3,42076945"
"";"30.10.2025 09:16:00";"NO SIGNAL";"3,4219";"3,4221";"3,4166";"3,4166";"3,41839981";"3,42053819"
"";"30.10.2025 09:17:00";"NO SIGNAL";"3,4164";"3,4169";"3,4117";"3,4161";"3,41807485";"3,42023826"
"372";"30.10.2025 09:18:00";"BUY";"3,4161";"3,4293";"3,4068";"3,4274";"3,42050004";"3,42049217"
"373";"30.10.2025 09:19:00";"SELL";"3,4274";"3,4274";"3,4165";"3,4194";"3,41987491";"3,41999245"
"374";"30.10.2025 09:20:00";"BUY";"3,4191";"3,4195";"3,4149";"3,4163";"3,4197998";"3,41957688"
"";"30.10.2025 09:21:00";"NO SIGNAL";"3,4162";"3,4239";"3,4146";"3,4224";"3,42137527";"3,41976142"
"375";"30.10.2025 09:22:00";"SELL";"3,4225";"3,4246";"3,4186";"3,4206";"3,41967511";"3,41993809"
"376";"30.10.2025 09:23:00";"BUY";"3,4207";"3,4265";"3,4195";"3,4240";"3,420825";"3,42010784"
"";"30.10.2025 09:24:00";"NO SIGNAL";"3,4241";"3,4291";"3,4241";"3,4286";"3,42390013";"3,42081547"
"";"30.10.2025 09:25:00";"NO SIGNAL";"3,4286";"3,4336";"3,4274";"3,4325";"3,42642498";"3,42160821"
"";"30.10.2025 09:26:00";"NO SIGNAL";"3,4326";"3,4326";"3,4280";"3,4300";"3,42877507";"3,42257738"
"";"30.10.2025 09:27:00";"NO SIGNAL";"3,4299";"3,4351";"3,4282";"3,4343";"3,43134999";"3,42385387"
"";"30.10.2025 09:28:00";"NO SIGNAL";"3,4344";"3,4353";"3,4248";"3,4249";"3,43042493";"3,42408442"
"";"30.10.2025 09:29:00";"NO SIGNAL";"3,4249";"3,4298";"3,4248";"3,4279";"3,42927504";"3,42495394"
"";"30.10.2025 09:30:00";"NO SIGNAL";"3,4280";"3,4333";"3,4276";"3,4331";"3,4300499";"3,42626166"
"";"30.10.2025 09:31:00";"NO SIGNAL";"3,4332";"3,4364";"3,4281";"3,4305";"3,42910004";"3,42650032"
"";"30.10.2025 09:32:00";"NO SIGNAL";"3,4306";"3,4346";"3,4298";"3,4338";"3,43132496";"3,42760801"
"";"30.10.2025 09:33:00";"NO SIGNAL";"3,4338";"3,4343";"3,4251";"3,4258";"3,43079996";"3,42833877"
"377";"30.10.2025 09:34:00";"SELL";"3,4257";"3,4269";"3,4194";"3,4197";"3,42744994";"3,42813087"
"";"30.10.2025 09:35:00";"NO SIGNAL";"3,4201";"3,4231";"3,4170";"3,4222";"3,42537498";"3,42825389"
"";"30.10.2025 09:36:00";"NO SIGNAL";"3,4222";"3,4222";"3,4106";"3,4152";"3,42072511";"3,42757726"
"";"30.10.2025 09:37:00";"NO SIGNAL";"3,4153";"3,4191";"3,4137";"3,4181";"3,41879988";"3,42676902"
"";"30.10.2025 09:38:00";"NO SIGNAL";"3,4181";"3,4181";"3,4143";"3,4169";"3,41810012";"3,4255693"
"";"30.10.2025 09:39:00";"NO SIGNAL";"3,4169";"3,4226";"3,4155";"3,4216";"3,41795015";"3,42492318"
"";"30.10.2025 09:40:00";"NO SIGNAL";"3,4217";"3,4217";"3,4143";"3,4154";"3,41799998";"3,42346931"
"";"30.10.2025 09:41:00";"NO SIGNAL";"3,4153";"3,4212";"3,4153";"3,4197";"3,41840005";"3,42306948"
"";"30.10.2025 09:42:00";"NO SIGNAL";"3,4197";"3,4198";"3,4140";"3,4162";"3,41822505";"3,42216945"
"";"30.10.2025 09:43:00";"NO SIGNAL";"3,4161";"3,4161";"3,4113";"3,4122";"3,41587496";"3,42056179"
"";"30.10.2025 09:44:00";"NO SIGNAL";"3,4123";"3,4150";"3,4006";"3,4029";"3,41274977";"3,41843867"
"";"30.10.2025 09:45:00";"NO SIGNAL";"3,4028";"3,4028";"3,3960";"3,3991";"3,40759993";"3,41576958"
"";"30.10.2025 09:46:00";"NO SIGNAL";"3,3998";"3,4015";"3,3967";"3,3991";"3,40332508";"3,4137156"
"";"30.10.2025 09:47:00";"NO SIGNAL";"3,3991";"3,3995";"3,3936";"3,3974";"3,39962506";"3,41199994"
"";"30.10.2025 09:48:00";"NO SIGNAL";"3,3974";"3,3974";"3,3918";"3,3931";"3,39717507";"3,40976167"
"";"30.10.2025 09:49:00";"NO SIGNAL";"3,3930";"3,3942";"3,3848";"3,3881";"3,39442515";"3,40767717"
"";"30.10.2025 09:50:00";"NO SIGNAL";"3,3882";"3,3979";"3,3877";"3,3969";"3,39387488";"3,40604639"
"";"30.10.2025 09:51:00";"NO SIGNAL";"3,3970";"3,3973";"3,3938";"3,3951";"3,39329982";"3,40436959"
"";"30.10.2025 09:52:00";"NO SIGNAL";"3,3951";"3,3997";"3,3951";"3,3962";"3,39407492";"3,40241551"
"";"30.10.2025 09:53:00";"NO SIGNAL";"3,3962";"3,3972";"3,3943";"3,3958";"3,39599991";"3,40090775"
"";"30.10.2025 09:54:00";"NO SIGNAL";"3,3958";"3,3958";"3,3930";"3,3944";"3,39537525";"3,39896178"
"";"30.10.2025 09:55:00";"NO SIGNAL";"3,3945";"3,4041";"3,3945";"3,4021";"3,39712524";"3,39787745"
"378";"30.10.2025 09:56:00";"BUY";"3,4020";"3,4021";"3,3994";"3,3994";"3,3979249";"3,39689279"
"";"30.10.2025 09:57:00";"NO SIGNAL";"3,3993";"3,3994";"3,3953";"3,3960";"3,39797497";"3,39636183"
"";"30.10.2025 09:58:00";"NO SIGNAL";"3,3960";"3,3960";"3,3902";"3,3922";"3,39742517";"3,39583111"
"379";"30.10.2025 09:59:00";"SELL";"3,3921";"3,3921";"3,3876";"3,3893";"3,39422488";"3,39507699"
"";"30.10.2025 10:00:00";"NO SIGNAL";"3,3892";"3,3894";"3,3849";"3,3856";"3,3907752";"3,39416957"
"";"30.10.2025 10:01:00";"NO SIGNAL";"3,3856";"3,3892";"3,3829";"3,3837";"3,38770008";"3,39344621"
"";"30.10.2025 10:02:00";"NO SIGNAL";"3,3838";"3,3919";"3,3831";"3,3888";"3,38685012";"3,39349985"
"";"30.10.2025 10:03:00";"NO SIGNAL";"3,3889";"3,3950";"3,3859";"3,3950";"3,38827491";"3,39335418"
"";"30.10.2025 10:04:00";"NO SIGNAL";"3,3950";"3,4005";"3,3940";"3,3990";"3,39162493";"3,39365411"
"380";"30.10.2025 10:05:00";"BUY";"3,3990";"3,4071";"3,3990";"3,4061";"3,3972249";"3,39441586"
"";"30.10.2025 10:06:00";"NO SIGNAL";"3,4061";"3,4102";"3,4045";"3,4096";"3,40242481";"3,39547682"
"";"30.10.2025 10:07:00";"NO SIGNAL";"3,4096";"3,4108";"3,4067";"3,4079";"3,40565014";"3,39651537"
"";"30.10.2025 10:08:00";"NO SIGNAL";"3,4079";"3,4100";"3,4071";"3,4096";"3,40830016";"3,39709258"
"";"30.10.2025 10:09:00";"NO SIGNAL";"3,4097";"3,4100";"3,4073";"3,4092";"3,40907502";"3,39784646"
"";"30.10.2025 10:10:00";"NO SIGNAL";"3,4091";"3,4097";"3,4056";"3,4085";"3,40879989";"3,398808"
"";"30.10.2025 10:11:00";"NO SIGNAL";"3,4084";"3,4117";"3,4073";"3,4100";"3,40932512";"3,40017748"
"";"30.10.2025 10:12:00";"NO SIGNAL";"3,4100";"3,4117";"3,4078";"3,4104";"3,40952492";"3,40180016"
"";"30.10.2025 10:13:00";"NO SIGNAL";"3,4106";"3,4107";"3,4078";"3,4087";"3,40939999";"3,40357709"
"";"30.10.2025 10:14:00";"NO SIGNAL";"3,4087";"3,4106";"3,4047";"3,4066";"3,40892506";"3,40533876"
"";"30.10.2025 10:15:00";"NO SIGNAL";"3,4067";"3,4121";"3,4067";"3,4120";"3,40942478";"3,40712309"
"";"30.10.2025 10:16:00";"NO SIGNAL";"3,4117";"3,4200";"3,4101";"3,4130";"3,41007495";"3,40850782"
"";"30.10.2025 10:17:00";"NO SIGNAL";"3,4131";"3,4145";"3,4072";"3,4138";"3,41135001";"3,40964675"
"";"30.10.2025 10:18:00";"NO SIGNAL";"3,4138";"3,4155";"3,4090";"3,4122";"3,41275001";"3,41011548"
"";"30.10.2025 10:19:00";"NO SIGNAL";"3,4124";"3,4173";"3,4100";"3,4163";"3,41382504";"3,41063094"
"";"30.10.2025 10:20:00";"NO SIGNAL";"3,4162";"3,4185";"3,4127";"3,4169";"3,41479993";"3,41132307"
"";"30.10.2025 10:21:00";"NO SIGNAL";"3,4169";"3,4187";"3,4147";"3,4158";"3,41529989";"3,41179991"
"";"30.10.2025 10:22:00";"NO SIGNAL";"3,4153";"3,4198";"3,4118";"3,4188";"3,41694999";"3,41253853"
"";"30.10.2025 10:23:00";"NO SIGNAL";"3,4189";"3,4203";"3,4151";"3,4190";"3,41762495";"3,41334629"
"";"30.10.2025 10:24:00";"NO SIGNAL";"3,4189";"3,4223";"3,4153";"3,4159";"3,41737509";"3,41380024"
"";"30.10.2025 10:25:00";"NO SIGNAL";"3,4159";"3,4159";"3,4105";"3,4123";"3,41650009";"3,41394615"
"";"30.10.2025 10:26:00";"NO SIGNAL";"3,4123";"3,4149";"3,4092";"3,4092";"3,41409993";"3,41398478"
"381";"30.10.2025 10:27:00";"SELL";"3,4092";"3,4096";"3,3868";"3,3893";"3,4066751";"3,41265392"
"";"30.10.2025 10:28:00";"NO SIGNAL";"3,3894";"3,3938";"3,3870";"3,3872";"3,39950013";"3,41074681"
"";"30.10.2025 10:29:00";"NO SIGNAL";"3,3872";"3,3906";"3,3822";"3,3860";"3,39292502";"3,40866947"
"";"30.10.2025 10:30:00";"NO SIGNAL";"3,3859";"3,3873";"3,3807";"3,3843";"3,38670015";"3,40640068"
"";"30.10.2025 10:31:00";"NO SIGNAL";"3,3846";"3,3866";"3,3825";"3,3851";"3,38564992";"3,40431547"
"";"30.10.2025 10:32:00";"NO SIGNAL";"3,3851";"3,3873";"3,3807";"3,3850";"3,38509989";"3,40190792"
"";"30.10.2025 10:33:00";"NO SIGNAL";"3,3851";"3,3885";"3,3773";"3,3876";"3,38549995";"3,39965367"
"";"30.10.2025 10:34:00";"NO SIGNAL";"3,3875";"3,3963";"3,3867";"3,3945";"3,38805008";"3,39801574"
"";"30.10.2025 10:35:00";"NO SIGNAL";"3,3945";"3,4002";"3,3936";"3,4001";"3,39179993";"3,39657688"
"382";"30.10.2025 10:36:00";"BUY";"3,4001";"3,4040";"3,3985";"3,3987";"3,39522505";"3,39501548"
"";"30.10.2025 10:37:00";"NO SIGNAL";"3,3986";"3,3986";"3,3871";"3,3878";"3,39527488";"3,39285398"
"";"30.10.2025 10:38:00";"NO SIGNAL";"3,3877";"3,3877";"3,3813";"3,3826";"3,39229989";"3,39056945"
"383";"30.10.2025 10:39:00";"SELL";"3,3824";"3,3860";"3,3806";"3,3814";"3,38762498";"3,38843107"
"";"30.10.2025 10:40:00";"NO SIGNAL";"3,3816";"3,3827";"3,3777";"3,3801";"3,3829751";"3,38772368"
"";"30.10.2025 10:41:00";"NO SIGNAL";"3,3800";"3,3800";"3,3733";"3,3747";"3,37969995";"3,3867619"
"";"30.10.2025 10:42:00";"NO SIGNAL";"3,3746";"3,3763";"3,3714";"3,3714";"3,3769002";"3,38563871"
"";"30.10.2025 10:43:00";"NO SIGNAL";"3,3714";"3,3714";"3,3602";"3,3615";"3,37192512";"3,38388491"
"";"30.10.2025 10:44:00";"NO SIGNAL";"3,3616";"3,3635";"3,3568";"3,3605";"3,3670249";"3,38199258"
"";"30.10.2025 10:45:00";"NO SIGNAL";"3,3605";"3,3668";"3,3560";"3,3586";"3,36299992";"3,37996197"
"";"30.10.2025 10:46:00";"NO SIGNAL";"3,3587";"3,3687";"3,3586";"3,3678";"3,36209989";"3,37843895"
"";"30.10.2025 10:47:00";"NO SIGNAL";"3,3678";"3,3738";"3,3669";"3,3731";"3,36500001";"3,37679243"
"";"30.10.2025 10:48:00";"NO SIGNAL";"3,3732";"3,3791";"3,3731";"3,3762";"3,36892486";"3,37495375"
"";"30.10.2025 10:49:00";"NO SIGNAL";"3,3762";"3,3766";"3,3694";"3,3698";"3,37172508";"3,37273097"
"384";"30.10.2025 10:50:00";"BUY";"3,3700";"3,3742";"3,3679";"3,3742";"3,37332511";"3,37168479"
"";"30.10.2025 10:51:00";"NO SIGNAL";"3,3743";"3,3820";"3,3723";"3,3819";"3,375525";"3,37163091"
"";"30.10.2025 10:52:00";"NO SIGNAL";"3,3819";"3,3912";"3,3813";"3,3901";"3,37900019";"3,37230015"
"";"30.10.2025 10:53:00";"NO SIGNAL";"3,3893";"3,3956";"3,3840";"3,3848";"3,38275003";"3,37266135"
"";"30.10.2025 10:54:00";"NO SIGNAL";"3,3846";"3,3846";"3,3781";"3,3815";"3,38457513";"3,37318468"
"";"30.10.2025 10:55:00";"NO SIGNAL";"3,3815";"3,3815";"3,3778";"3,3790";"3,3838501";"3,37376976"
"";"30.10.2025 10:56:00";"NO SIGNAL";"3,3788";"3,3796";"3,3752";"3,3767";"3,38050008";"3,37493873"
"";"30.10.2025 10:57:00";"NO SIGNAL";"3,3767";"3,3818";"3,3762";"3,3813";"3,37962508";"3,37653923"
"";"30.10.2025 10:58:00";"NO SIGNAL";"3,3812";"3,3814";"3,3776";"3,3809";"3,37947488";"3,37825441"
"";"30.10.2025 10:59:00";"NO SIGNAL";"3,3808";"3,3839";"3,3801";"3,3821";"3,38024998";"3,37935424"
"";"30.10.2025 11:00:00";"NO SIGNAL";"3,3822";"3,3894";"3,3817";"3,3894";"3,383425";"3,38060808"
"";"30.10.2025 11:01:00";"NO SIGNAL";"3,3886";"3,3886";"3,3809";"3,3831";"3,38387489";"3,38113856"
"";"30.10.2025 11:02:00";"NO SIGNAL";"3,3832";"3,3842";"3,3736";"3,3743";"3,38222504";"3,38148451"
"385";"30.10.2025 11:03:00";"SELL";"3,3744";"3,3751";"3,3697";"3,3731";"3,37997532";"3,38140011"
"";"30.10.2025 11:04:00";"NO SIGNAL";"3,3732";"3,3770";"3,3681";"3,3723";"3,3757";"3,38066149"
"";"30.10.2025 11:05:00";"NO SIGNAL";"3,3724";"3,3768";"3,3715";"3,3743";"3,37350011";"3,37944651"
"";"30.10.2025 11:06:00";"NO SIGNAL";"3,3744";"3,3837";"3,3744";"3,3774";"3,37427497";"3,3788774"
"";"30.10.2025 11:07:00";"NO SIGNAL";"3,3773";"3,3773";"3,3721";"3,3746";"3,37465";"3,37834668"
"";"30.10.2025 11:08:00";"NO SIGNAL";"3,3746";"3,3764";"3,3621";"3,3628";"3,37227488";"3,37710047"
"";"30.10.2025 11:09:00";"NO SIGNAL";"3,3627";"3,3650";"3,3555";"3,3625";"3,36932468";"3,3760078"
"";"30.10.2025 11:10:00";"NO SIGNAL";"3,3620";"3,3673";"3,3579";"3,3607";"3,36514997";"3,37442327"
"";"30.10.2025 11:11:00";"NO SIGNAL";"3,3612";"3,3651";"3,3589";"3,3590";"3,36124992";"3,37273836"
"";"30.10.2025 11:12:00";"NO SIGNAL";"3,3590";"3,3600";"3,3555";"3,3569";"3,35977507";"3,37079978"
"";"30.10.2025 11:13:00";"NO SIGNAL";"3,3569";"3,3728";"3,3564";"3,3701";"3,36167502";"3,36931539"
"";"30.10.2025 11:14:00";"NO SIGNAL";"3,3701";"3,3725";"3,3656";"3,3686";"3,36365008";"3,36820006"
"";"30.10.2025 11:15:00";"NO SIGNAL";"3,3684";"3,3684";"3,3634";"3,3649";"3,36512494";"3,36747694"
"386";"30.10.2025 11:16:00";"BUY";"3,3657";"3,3696";"3,3646";"3,3652";"3,3671999";"3,36686897"
"387";"30.10.2025 11:17:00";"SELL";"3,3654";"3,3691";"3,3581";"3,3612";"3,36497521";"3,36601567"
"";"30.10.2025 11:18:00";"NO SIGNAL";"3,3612";"3,3659";"3,3590";"3,3641";"3,36385012";"3,36523104"
"";"30.10.2025 11:19:00";"NO SIGNAL";"3,3640";"3,3676";"3,3632";"3,3672";"3,36442494";"3,36444592"
"388";"30.10.2025 11:20:00";"BUY";"3,3672";"3,3717";"3,3647";"3,3654";"3,36447525";"3,36373854"
"";"30.10.2025 11:21:00";"NO SIGNAL";"3,3654";"3,3654";"3,3561";"3,3610";"3,36442518";"3,36360025"
"";"30.10.2025 11:22:00";"NO SIGNAL";"3,3610";"3,3657";"3,3608";"3,3646";"3,36455011";"3,36376143"
"389";"30.10.2025 11:23:00";"SELL";"3,3646";"3,3690";"3,3625";"3,3628";"3,36345005";"3,36392307"
"";"30.10.2025 11:24:00";"NO SIGNAL";"3,3629";"3,3694";"3,3629";"3,3636";"3,36299992";"3,36427712"
"";"30.10.2025 11:25:00";"NO SIGNAL";"3,3635";"3,3691";"3,3634";"3,3691";"3,36502504";"3,36521506"
"390";"30.10.2025 11:26:00";"BUY";"3,3694";"3,3727";"3,3676";"3,3714";"3,36672497";"3,3653152"
"";"30.10.2025 11:27:00";"NO SIGNAL";"3,3714";"3,3732";"3,3695";"3,3714";"3,36887503";"3,36553097"
"";"30.10.2025 11:28:00";"NO SIGNAL";"3,3711";"3,3713";"3,3645";"3,3673";"3,36980009";"3,3657155"
"";"30.10.2025 11:29:00";"NO SIGNAL";"3,3674";"3,3686";"3,3632";"3,3666";"3,36917496";"3,36582303"
"";"30.10.2025 11:30:00";"NO SIGNAL";"3,3667";"3,3717";"3,3664";"3,3694";"3,36867499";"3,36645365"
"";"30.10.2025 11:31:00";"NO SIGNAL";"3,3694";"3,3694";"3,3633";"3,3640";"3,3668251";"3,3664465"
"391";"30.10.2025 11:32:00";"SELL";"3,3639";"3,3639";"3,3598";"3,3609";"3,36522508";"3,36596203"
"";"30.10.2025 11:33:00";"NO SIGNAL";"3,3610";"3,3660";"3,3597";"3,3633";"3,36440015";"3,36580062"
"";"30.10.2025 11:34:00";"NO SIGNAL";"3,3632";"3,3667";"3,3615";"3,3663";"3,36362505";"3,36620808"
"";"30.10.2025 11:35:00";"NO SIGNAL";"3,3663";"3,3720";"3,3661";"3,3675";"3,36450005";"3,36643124"
"";"30.10.2025 11:36:00";"NO SIGNAL";"3,3676";"3,3679";"3,3648";"3,3650";"3,36552525";"3,36660028"
"";"30.10.2025 11:37:00";"NO SIGNAL";"3,3649";"3,3649";"3,3595";"3,3595";"3,36457491";"3,36628437"
"";"30.10.2025 11:38:00";"NO SIGNAL";"3,3595";"3,3627";"3,3592";"3,3592";"3,36280012";"3,36552334"
"";"30.10.2025 11:39:00";"NO SIGNAL";"3,3593";"3,3624";"3,3591";"3,3615";"3,36129999";"3,36476207"
"";"30.10.2025 11:40:00";"NO SIGNAL";"3,3616";"3,3619";"3,3514";"3,3529";"3,35827518";"3,36333895"
"";"30.10.2025 11:41:00";"NO SIGNAL";"3,3528";"3,3545";"3,3505";"3,3544";"3,35699987";"3,36234617"
"";"30.10.2025 11:42:00";"NO SIGNAL";"3,3544";"3,3618";"3,3531";"3,3617";"3,35762501";"3,36196947"
"";"30.10.2025 11:43:00";"NO SIGNAL";"3,3613";"3,3624";"3,3574";"3,3621";"3,35777473";"3,36140776"
"";"30.10.2025 11:44:00";"NO SIGNAL";"3,3620";"3,3620";"3,3592";"3,3612";"3,35984993";"3,36119199"
"392";"30.10.2025 11:45:00";"BUY";"3,3613";"3,3638";"3,3607";"3,3631";"3,36202502";"3,36136174"
"";"30.10.2025 11:46:00";"NO SIGNAL";"3,3632";"3,3667";"3,3616";"3,3654";"3,36295009";"3,36152315"
"";"30.10.2025 11:47:00";"NO SIGNAL";"3,3654";"3,3677";"3,3649";"3,3667";"3,36409998";"3,36155415"
"";"30.10.2025 11:48:00";"NO SIGNAL";"3,3666";"3,3677";"3,3632";"3,3632";"3,36459994";"3,36122346"
"";"30.10.2025 11:49:00";"NO SIGNAL";"3,3631";"3,3631";"3,3581";"3,3581";"3,36335015";"3,36069274"
"393";"30.10.2025 11:50:00";"SELL";"3,3580";"3,3580";"3,3459";"3,3465";"3,35862494";"3,35969257"
"";"30.10.2025 11:51:00";"NO SIGNAL";"3,3464";"3,3505";"3,3451";"3,3491";"3,35422492";"3,35891557"
"";"30.10.2025 11:52:00";"NO SIGNAL";"3,3491";"3,3571";"3,3491";"3,3544";"3,35202479";"3,35836959"
"";"30.10.2025 11:53:00";"NO SIGNAL";"3,3544";"3,3551";"3,3508";"3,3533";"3,35082483";"3,35839963"
"";"30.10.2025 11:54:00";"NO SIGNAL";"3,3534";"3,3562";"3,3506";"3,3555";"3,35307503";"3,35848475"
"";"30.10.2025 11:55:00";"NO SIGNAL";"3,3557";"3,3566";"3,3544";"3,3555";"3,35467505";"3,35800767"
"";"30.10.2025 11:56:00";"NO SIGNAL";"3,3554";"3,3581";"3,3537";"3,3578";"3,35552502";"3,35767674"
"";"30.10.2025 11:57:00";"NO SIGNAL";"3,3578";"3,3578";"3,3514";"3,3528";"3,35540009";"3,35703111"
"";"30.10.2025 11:58:00";"NO SIGNAL";"3,3528";"3,3528";"3,3500";"3,3509";"3,35425019";"3,35609245"
"";"30.10.2025 11:59:00";"NO SIGNAL";"3,3510";"3,3533";"3,3477";"3,3487";"3,35255003";"3,35480785"
"";"30.10.2025 12:00:00";"NO SIGNAL";"3,3488";"3,3532";"3,3488";"3,3526";"3,35125017";"3,35372353"
"";"30.10.2025 12:01:00";"NO SIGNAL";"3,3526";"3,3545";"3,3486";"3,3513";"3,35087514";"3,35280776"
"";"30.10.2025 12:02:00";"NO SIGNAL";"3,3512";"3,3534";"3,3469";"3,3523";"3,3512249";"3,35236168"
"";"30.10.2025 12:03:00";"NO SIGNAL";"3,3522";"3,3555";"3,3512";"3,3541";"3,35257506";"3,35294652"
"";"30.10.2025 12:04:00";"NO SIGNAL";"3,3541";"3,3560";"3,3513";"3,3554";"3,35327506";"3,35343122"
"394";"30.10.2025 12:05:00";"BUY";"3,3553";"3,3576";"3,3521";"3,3534";"3,35380006";"3,35335374"
"";"30.10.2025 12:06:00";"NO SIGNAL";"3,3535";"3,3543";"3,3481";"3,3496";"3,3531251";"3,35306907"
"395";"30.10.2025 12:07:00";"SELL";"3,3497";"3,3527";"3,3458";"3,3510";"3,35235";"3,35272288"
"";"30.10.2025 12:08:00";"NO SIGNAL";"3,3509";"3,3525";"3,3468";"3,3468";"3,35020018";"3,35205388"
"";"30.10.2025 12:09:00";"NO SIGNAL";"3,3467";"3,3520";"3,3452";"3,3515";"3,34972501";"3,35156918"
"";"30.10.2025 12:10:00";"NO SIGNAL";"3,3516";"3,3547";"3,3491";"3,3494";"3,34967494";"3,35130787"
"";"30.10.2025 12:11:00";"NO SIGNAL";"3,3494";"3,3557";"3,3492";"3,3534";"3,35027504";"3,35150003"
"396";"30.10.2025 12:12:00";"BUY";"3,3538";"3,3561";"3,3531";"3,3535";"3,35194969";"3,35186887"
"";"30.10.2025 12:13:00";"NO SIGNAL";"3,3538";"3,3543";"3,3501";"3,3530";"3,35232496";"3,35189986"
"";"30.10.2025 12:14:00";"NO SIGNAL";"3,3530";"3,3530";"3,3483";"3,3499";"3,35245013";"3,35179234"
"397";"30.10.2025 12:15:00";"SELL";"3,3499";"3,3499";"3,3418";"3,3471";"3,3508749";"3,35139251"
"";"30.10.2025 12:16:00";"NO SIGNAL";"3,3472";"3,3519";"3,3399";"3,3426";"3,34815001";"3,35050797"
"";"30.10.2025 12:17:00";"NO SIGNAL";"3,3426";"3,3442";"3,3327";"3,3363";"3,34397507";"3,34903908"
"";"30.10.2025 12:18:00";"NO SIGNAL";"3,3362";"3,3368";"3,3273";"3,3332";"3,33980012";"3,3474853"
"";"30.10.2025 12:19:00";"NO SIGNAL";"3,3329";"3,3423";"3,3278";"3,3400";"3,33802485";"3,34674668"
"";"30.10.2025 12:20:00";"NO SIGNAL";"3,3399";"3,3399";"3,3310";"3,3353";"3,33619976";"3,34553862"
"";"30.10.2025 12:21:00";"NO SIGNAL";"3,3353";"3,3353";"3,3263";"3,3289";"3,33435011";"3,34416175"
"";"30.10.2025 12:22:00";"NO SIGNAL";"3,3289";"3,3301";"3,3232";"3,3256";"3,33244991";"3,34216928"
"";"30.10.2025 12:23:00";"NO SIGNAL";"3,3256";"3,3294";"3,3224";"3,3292";"3,32975006";"3,34061551"
"";"30.10.2025 12:24:00";"NO SIGNAL";"3,3291";"3,3291";"3,3139";"3,3175";"3,32529998";"3,33785415"
"";"30.10.2025 12:25:00";"NO SIGNAL";"3,3180";"3,3242";"3,3174";"3,3200";"3,32307482";"3,33527708"
"";"30.10.2025 12:26:00";"NO SIGNAL";"3,3199";"3,3283";"3,3127";"3,3238";"3,32262492";"3,33303118"
"";"30.10.2025 12:27:00";"NO SIGNAL";"3,3239";"3,3292";"3,3234";"3,3255";"3,3217001";"3,33115411"
"";"30.10.2025 12:28:00";"NO SIGNAL";"3,3260";"3,3262";"3,3163";"3,3163";"3,32139993";"3,3287847"
"";"30.10.2025 12:29:00";"NO SIGNAL";"3,3163";"3,3244";"3,3150";"3,3232";"3,32220006";"3,32729244"
"";"30.10.2025 12:30:00";"NO SIGNAL";"3,3232";"3,3321";"3,3187";"3,3294";"3,32360029";"3,32676172"
"";"30.10.2025 12:31:00";"NO SIGNAL";"3,3294";"3,3325";"3,3210";"3,3285";"3,32434988";"3,32640028"
"398";"30.10.2025 12:32:00";"BUY";"3,3290";"3,3367";"3,3270";"3,3367";"3,32945013";"3,32614636"
"";"30.10.2025 12:33:00";"NO SIGNAL";"3,3368";"3,3387";"3,3339";"3,3359";"3,33262491";"3,32619262"
"";"30.10.2025 12:34:00";"NO SIGNAL";"3,3359";"3,3391";"3,3341";"3,3362";"3,33432508";"3,32675409"
"";"30.10.2025 12:35:00";"NO SIGNAL";"3,3363";"3,3383";"3,3301";"3,3312";"3,33500004";"3,32718492"
"";"30.10.2025 12:36:00";"NO SIGNAL";"3,3312";"3,3350";"3,3253";"3,3350";"3,33457494";"3,327631"
"";"30.10.2025 12:37:00";"NO SIGNAL";"3,3349";"3,3349";"3,3250";"3,3251";"3,33187485";"3,3282156"
"";"30.10.2025 12:38:00";"NO SIGNAL";"3,3251";"3,3283";"3,3233";"3,3249";"3,32904983";"3,3285923"
"399";"30.10.2025 12:39:00";"SELL";"3,3251";"3,3271";"3,3238";"3,3269";"3,32797503";"3,3288312"
"";"30.10.2025 12:40:00";"NO SIGNAL";"3,3268";"3,3268";"3,3235";"3,3241";"3,32524991";"3,32872319"
"";"30.10.2025 12:41:00";"NO SIGNAL";"3,3240";"3,3274";"3,2802";"3,2990";"3,31872511";"3,32739234"
"";"30.10.2025 12:42:00";"NO SIGNAL";"3,2991";"3,3055";"3,2882";"3,2955";"3,31137514";"3,32526135"
"";"30.10.2025 12:43:00";"NO SIGNAL";"3,2955";"3,3014";"3,2920";"3,2986";"3,30429983";"3,32289219"
"";"30.10.2025 12:44:00";"NO SIGNAL";"3,2990";"3,3004";"3,2739";"3,2739";"3,29174995";"3,31869245"
"";"30.10.2025 12:45:00";"NO SIGNAL";"3,2738";"3,2904";"3,2720";"3,2863";"3,28857493";"3,31481576"
"";"30.10.2025 12:46:00";"NO SIGNAL";"3,2863";"3,2925";"3,2849";"3,2921";"3,28772497";"3,31144643"
"";"30.10.2025 12:47:00";"NO SIGNAL";"3,2919";"3,2979";"3,2878";"3,2953";"3,28690004";"3,30830026"
"";"30.10.2025 12:48:00";"NO SIGNAL";"3,2952";"3,2961";"3,2895";"3,2927";"3,29159999";"3,30533838"
"";"30.10.2025 12:49:00";"NO SIGNAL";"3,2930";"3,2939";"3,2858";"3,2911";"3,29280019";"3,30196166"
"";"30.10.2025 12:50:00";"NO SIGNAL";"3,2909";"3,3011";"3,2909";"3,2950";"3,29352522";"3,29964662"
"";"30.10.2025 12:51:00";"NO SIGNAL";"3,2949";"3,3007";"3,2920";"3,2962";"3,29374981";"3,29743862"
"400";"30.10.2025 12:52:00";"BUY";"3,2960";"3,3018";"3,2915";"3,3001";"3,29559994";"3,29537702"
"";"30.10.2025 12:53:00";"NO SIGNAL";"3,3001";"3,3005";"3,2920";"3,2922";"3,29587507";"3,29292321"
"";"30.10.2025 12:54:00";"NO SIGNAL";"3,2921";"3,2971";"3,2917";"3,2946";"3,29577494";"3,29258466"
"";"30.10.2025 12:55:00";"NO SIGNAL";"3,2945";"3,3008";"3,2895";"3,2971";"3,296";"3,29270768"
"";"30.10.2025 12:56:00";"NO SIGNAL";"3,2971";"3,3029";"3,2971";"3,2995";"3,29585004";"3,29277706"
"";"30.10.2025 12:57:00";"NO SIGNAL";"3,2994";"3,3030";"3,2969";"3,3021";"3,29832506";"3,29494643"
"";"30.10.2025 12:58:00";"NO SIGNAL";"3,3020";"3,3029";"3,2959";"3,2964";"3,2987752";"3,29572344"
"";"30.10.2025 12:59:00";"NO SIGNAL";"3,2964";"3,2974";"3,2920";"3,2944";"3,29809999";"3,29590011"
"401";"30.10.2025 13:00:00";"SELL";"3,2944";"3,2944";"3,2804";"3,2804";"3,29332519";"3,29475427"
"";"30.10.2025 13:01:00";"NO SIGNAL";"3,2802";"3,2857";"3,2792";"3,2846";"3,28894997";"3,2941308"
"";"30.10.2025 13:02:00";"NO SIGNAL";"3,2847";"3,2971";"3,2847";"3,2912";"3,28765011";"3,29413843"
"";"30.10.2025 13:03:00";"NO SIGNAL";"3,2912";"3,2973";"3,2912";"3,2956";"3,28795004";"3,29418421"
"";"30.10.2025 13:04:00";"NO SIGNAL";"3,2953";"3,2953";"3,2907";"3,2943";"3,29142499";"3,29403853"
"402";"30.10.2025 13:05:00";"BUY";"3,2942";"3,3070";"3,2927";"3,3044";"3,29637504";"3,29436922"
"";"30.10.2025 13:06:00";"NO SIGNAL";"3,3044";"3,3096";"3,3035";"3,3072";"3,30037498";"3,29552317"
"";"30.10.2025 13:07:00";"NO SIGNAL";"3,3072";"3,3078";"3,2997";"3,3002";"3,30152512";"3,29595399"
"";"30.10.2025 13:08:00";"NO SIGNAL";"3,3002";"3,3007";"3,2941";"3,2989";"3,30267477";"3,29609227"
"";"30.10.2025 13:09:00";"NO SIGNAL";"3,2988";"3,2992";"3,2950";"3,2976";"3,30097485";"3,29594612"
"";"30.10.2025 13:10:00";"NO SIGNAL";"3,2976";"3,2976";"3,2948";"3,2960";"3,29817486";"3,29547715"
"";"30.10.2025 13:11:00";"NO SIGNAL";"3,2959";"3,2976";"3,2932";"3,2958";"3,29707479";"3,29543042"
"";"30.10.2025 13:12:00";"NO SIGNAL";"3,2956";"3,3031";"3,2942";"3,3002";"3,2974";"3,29587674"
"403";"30.10.2025 13:13:00";"SELL";"3,3003";"3,3011";"3,2920";"3,2939";"3,29647493";"3,29691529"
"";"30.10.2025 13:14:00";"NO SIGNAL";"3,2939";"3,2939";"3,2862";"3,2866";"3,29412508";"3,29706931"
"";"30.10.2025 13:15:00";"NO SIGNAL";"3,2866";"3,2910";"3,2866";"3,2899";"3,29264975";"3,29696941"
"";"30.10.2025 13:16:00";"NO SIGNAL";"3,2898";"3,2910";"3,2876";"3,2886";"3,2897501";"3,29643106"
"";"30.10.2025 13:17:00";"NO SIGNAL";"3,2886";"3,2894";"3,2798";"3,2806";"3,28642511";"3,29537702"
"";"30.10.2025 13:18:00";"NO SIGNAL";"3,2807";"3,2836";"3,2773";"3,2786";"3,28442502";"3,29339266"
"";"30.10.2025 13:19:00";"NO SIGNAL";"3,2785";"3,2786";"3,2643";"3,2750";"3,28069997";"3,29091573"
"";"30.10.2025 13:20:00";"NO SIGNAL";"3,2754";"3,2781";"3,2721";"3,2767";"3,27772522";"3,28910804"
"";"30.10.2025 13:21:00";"NO SIGNAL";"3,2768";"3,2771";"3,2666";"3,2699";"3,27504992";"3,28687716"
"";"30.10.2025 13:22:00";"NO SIGNAL";"3,2700";"3,2778";"3,2690";"3,2767";"3,27457523";"3,28526974"
"";"30.10.2025 13:23:00";"NO SIGNAL";"3,2766";"3,2809";"3,2683";"3,2696";"3,27322507";"3,28323865"
"";"30.10.2025 13:24:00";"NO SIGNAL";"3,2696";"3,2696";"3,2576";"3,2576";"3,26845002";"3,28030062"
"";"30.10.2025 13:25:00";"NO SIGNAL";"3,2576";"3,2637";"3,2550";"3,2637";"3,26690006";"3,27749228"
"";"30.10.2025 13:26:00";"NO SIGNAL";"3,2629";"3,2638";"3,2600";"3,2612";"3,26302505";"3,27497768"
"";"30.10.2025 13:27:00";"NO SIGNAL";"3,2612";"3,2654";"3,2580";"3,2648";"3,26182485";"3,27330041"
"";"30.10.2025 13:28:00";"NO SIGNAL";"3,2649";"3,2668";"3,2620";"3,2658";"3,26387501";"3,2714467"
"";"30.10.2025 13:29:00";"NO SIGNAL";"3,2658";"3,2700";"3,2652";"3,2664";"3,26454997";"3,26973891"
"";"30.10.2025 13:30:00";"NO SIGNAL";"3,2666";"3,2669";"3,2564";"3,2603";"3,2643249";"3,26817727"
"";"30.10.2025 13:31:00";"NO SIGNAL";"3,2604";"3,2624";"3,2472";"3,2539";"3,26160002";"3,26627707"
"";"30.10.2025 13:32:00";"NO SIGNAL";"3,2536";"3,2565";"3,2459";"3,2515";"3,25802493";"3,26446939"
"";"30.10.2025 13:33:00";"NO SIGNAL";"3,2516";"3,2544";"3,2471";"3,2513";"3,25425005";"3,26251554"
"";"30.10.2025 13:34:00";"NO SIGNAL";"3,2508";"3,2585";"3,2467";"3,2468";"3,250875";"3,26073813"
"";"30.10.2025 13:35:00";"NO SIGNAL";"3,2468";"3,2470";"3,2371";"3,2407";"3,24757504";"3,25796914"
"";"30.10.2025 13:36:00";"NO SIGNAL";"3,2408";"3,2434";"3,2209";"3,2259";"3,24117494";"3,25460768"
"";"30.10.2025 13:37:00";"NO SIGNAL";"3,2260";"3,2338";"3,2254";"3,2298";"3,23579979";"3,25246906"
"";"30.10.2025 13:38:00";"NO SIGNAL";"3,2297";"3,2319";"3,1994";"3,2067";"3,225775";"3,24808478"
"";"30.10.2025 13:39:00";"NO SIGNAL";"3,2067";"3,2245";"3,2005";"3,2239";"3,22157502";"3,24521565"
"";"30.10.2025 13:40:00";"NO SIGNAL";"3,2239";"3,2239";"3,2104";"3,2165";"3,21922517";"3,24150014"
"";"30.10.2025 13:41:00";"NO SIGNAL";"3,2164";"3,2259";"3,2136";"3,2156";"3,21567512";"3,23763847"
"";"30.10.2025 13:42:00";"NO SIGNAL";"3,2156";"3,2226";"3,2101";"3,2213";"3,21932507";"3,23416924"
"";"30.10.2025 13:43:00";"NO SIGNAL";"3,2212";"3,2322";"3,2184";"3,2270";"3,22010016";"3,23160768"
"";"30.10.2025 13:44:00";"NO SIGNAL";"3,2274";"3,2278";"3,2207";"3,2267";"3,22265005";"3,22951555"
"404";"30.10.2025 13:45:00";"BUY";"3,2266";"3,2404";"3,2238";"3,2401";"3,22877502";"3,22863841"
"";"30.10.2025 13:46:00";"NO SIGNAL";"3,2401";"3,2496";"3,2394";"3,2481";"3,23547506";"3,22839212"
"";"30.10.2025 13:47:00";"NO SIGNAL";"3,2483";"3,2491";"3,2431";"3,2446";"3,23987484";"3,22822285"
"";"30.10.2025 13:48:00";"NO SIGNAL";"3,2450";"3,2496";"3,2401";"3,2407";"3,24337506";"3,22822309"
"";"30.10.2025 13:49:00";"NO SIGNAL";"3,2409";"3,2417";"3,2331";"3,2351";"3,24212503";"3,22893071"
"";"30.10.2025 13:50:00";"NO SIGNAL";"3,2352";"3,2448";"3,2341";"3,2435";"3,24097514";"3,22998452"
"";"30.10.2025 13:51:00";"NO SIGNAL";"3,2435";"3,2439";"3,2358";"3,2362";"3,23887491";"3,23225379"
"";"30.10.2025 13:52:00";"NO SIGNAL";"3,2360";"3,2379";"3,2329";"3,2357";"3,23762488";"3,23316145"
"";"30.10.2025 13:53:00";"NO SIGNAL";"3,2362";"3,2366";"3,2312";"3,2363";"3,23792505";"3,23468471"
"";"30.10.2025 13:54:00";"NO SIGNAL";"3,2363";"3,2456";"3,2340";"3,2404";"3,23714995";"3,23659229"
"405";"30.10.2025 13:55:00";"SELL";"3,2403";"3,2405";"3,2291";"3,2315";"3,23597503";"3,23737693"
"";"30.10.2025 13:56:00";"NO SIGNAL";"3,2316";"3,2335";"3,2182";"3,2241";"3,23307514";"3,23715401"
"";"30.10.2025 13:57:00";"NO SIGNAL";"3,2246";"3,2257";"3,2100";"3,2172";"3,22830009";"3,23642325"
"";"30.10.2025 13:58:00";"NO SIGNAL";"3,2173";"3,2212";"3,2149";"3,2166";"3,22234988";"3,23461556"
"";"30.10.2025 13:59:00";"NO SIGNAL";"3,2171";"3,2190";"3,2102";"3,2119";"3,21745014";"3,23183107"
"";"30.10.2025 14:00:00";"NO SIGNAL";"3,2117";"3,2219";"3,2105";"3,2168";"3,21562505";"3,22969246"
"";"30.10.2025 14:01:00";"NO SIGNAL";"3,2169";"3,2216";"3,2136";"3,2168";"3,21552515";"3,22785378"
"";"30.10.2025 14:02:00";"NO SIGNAL";"3,2170";"3,2206";"3,2093";"3,2174";"3,21572495";"3,22649217"
"";"30.10.2025 14:03:00";"NO SIGNAL";"3,2175";"3,2226";"3,2166";"3,2226";"3,2184";"3,22488475"
"";"30.10.2025 14:04:00";"NO SIGNAL";"3,2226";"3,2258";"3,2187";"3,2219";"3,21967483";"3,22378469"
"406";"30.10.2025 14:05:00";"BUY";"3,2218";"3,2386";"3,2204";"3,2385";"3,22510004";"3,22400022"
"";"30.10.2025 14:06:00";"NO SIGNAL";"3,2388";"3,2422";"3,2370";"3,2378";"3,23020005";"3,22411561"
"";"30.10.2025 14:07:00";"NO SIGNAL";"3,2384";"3,2466";"3,2353";"3,2367";"3,23372483";"3,2238307"
"";"30.10.2025 14:08:00";"NO SIGNAL";"3,2369";"3,2397";"3,2300";"3,2308";"3,23594999";"3,22377682"
"";"30.10.2025 14:09:00";"NO SIGNAL";"3,2309";"3,2328";"3,2262";"3,2274";"3,23317504";"3,22403073"
"";"30.10.2025 14:10:00";"NO SIGNAL";"3,2276";"3,2294";"3,2187";"3,2199";"3,22869992";"3,2242384"
"407";"30.10.2025 14:11:00";"SELL";"3,2200";"3,2231";"3,2174";"3,2179";"3,22399998";"3,22433877"
"";"30.10.2025 14:12:00";"NO SIGNAL";"3,2178";"3,2215";"3,2118";"3,2126";"3,21945";"3,22439265"
"";"30.10.2025 14:13:00";"NO SIGNAL";"3,2126";"3,2145";"3,2062";"3,2120";"3,21560001";"3,2240231"
"";"30.10.2025 14:14:00";"NO SIGNAL";"3,2118";"3,2220";"3,2094";"3,2202";"3,21567512";"3,22428465"
"";"30.10.2025 14:15:00";"NO SIGNAL";"3,2204";"3,2230";"3,2100";"3,2123";"3,21427488";"3,22389245"
"";"30.10.2025 14:16:00";"NO SIGNAL";"3,2123";"3,2199";"3,2071";"3,2099";"3,21360016";"3,22291541"
"";"30.10.2025 14:17:00";"NO SIGNAL";"3,2101";"3,2102";"3,2026";"3,2053";"3,21192503";"3,22163844"
"";"30.10.2025 14:18:00";"NO SIGNAL";"3,2050";"3,2092";"3,2028";"3,2081";"3,20890021";"3,21930051"
"";"30.10.2025 14:19:00";"NO SIGNAL";"3,2079";"3,2084";"3,2019";"3,2044";"3,20692515";"3,21673131"
"";"30.10.2025 14:20:00";"NO SIGNAL";"3,2044";"3,2076";"3,2024";"3,2041";"3,20547509";"3,21422315"
"";"30.10.2025 14:21:00";"NO SIGNAL";"3,2039";"3,2191";"3,2026";"3,2186";"3,20880008";"3,21328449"
"";"30.10.2025 14:22:00";"NO SIGNAL";"3,2183";"3,2255";"3,2175";"3,2225";"3,21239996";"3,21290755"
"408";"30.10.2025 14:23:00";"BUY";"3,2225";"3,2225";"3,2098";"3,2104";"3,21390009";"3,2121768"
"";"30.10.2025 14:24:00";"NO SIGNAL";"3,2104";"3,2186";"3,2068";"3,2184";"3,21747518";"3,21221519"
"";"30.10.2025 14:25:00";"NO SIGNAL";"3,2184";"3,2221";"3,2175";"3,2202";"3,217875";"3,21279979"
"";"30.10.2025 14:26:00";"NO SIGNAL";"3,2202";"3,2211";"3,2115";"3,2135";"3,21562481";"3,21291518"
"";"30.10.2025 14:27:00";"NO SIGNAL";"3,2130";"3,2143";"3,2077";"3,2078";"3,21497512";"3,21196151"
"";"30.10.2025 14:28:00";"NO SIGNAL";"3,2078";"3,2115";"3,2037";"3,2109";"3,21309996";"3,21185374"
"409";"30.10.2025 14:29:00";"SELL";"3,2111";"3,2111";"3,2045";"3,2083";"3,21012497";"3,21173048"
"";"30.10.2025 14:30:00";"NO SIGNAL";"3,2084";"3,2207";"3,2079";"3,2107";"3,20942497";"3,21214628"
"";"30.10.2025 14:31:00";"NO SIGNAL";"3,2107";"3,2224";"3,2101";"3,2223";"3,21305013";"3,21323872"
"";"30.10.2025 14:32:00";"NO SIGNAL";"3,2224";"3,2224";"3,2084";"3,2094";"3,21267509";"3,21362329"
"";"30.10.2025 14:33:00";"NO SIGNAL";"3,2091";"3,2101";"3,2015";"3,2035";"3,21147513";"3,21357703"
"";"30.10.2025 14:34:00";"NO SIGNAL";"3,2035";"3,2127";"3,2035";"3,2116";"3,21169996";"3,21303844"
"";"30.10.2025 14:35:00";"NO SIGNAL";"3,2112";"3,2201";"3,2101";"3,2154";"3,209975";"3,21249223"
"410";"30.10.2025 14:36:00";"BUY";"3,2158";"3,2268";"3,2121";"3,2239";"3,21359992";"3,21353078"
"";"30.10.2025 14:37:00";"NO SIGNAL";"3,2241";"3,2242";"3,2115";"3,2158";"3,21667504";"3,21333098"
"";"30.10.2025 14:38:00";"NO SIGNAL";"3,2160";"3,2189";"3,2141";"3,2156";"3,21767497";"3,21297693"
"";"30.10.2025 14:39:00";"NO SIGNAL";"3,2156";"3,2194";"3,2153";"3,2185";"3,21845007";"3,21336198"
"";"30.10.2025 14:40:00";"NO SIGNAL";"3,2184";"3,2218";"3,2153";"3,2173";"3,21679997";"3,21409273"
"";"30.10.2025 14:41:00";"NO SIGNAL";"3,2173";"3,2240";"3,2146";"3,2205";"3,2179749";"3,21483135"
"";"30.10.2025 14:42:00";"NO SIGNAL";"3,2205";"3,2294";"3,2195";"3,2284";"3,22117519";"3,21637702"
"";"30.10.2025 14:43:00";"NO SIGNAL";"3,2285";"3,2331";"3,2272";"3,2322";"3,22459984";"3,21803093"
"";"30.10.2025 14:44:00";"NO SIGNAL";"3,2321";"3,2330";"3,2274";"3,2278";"3,22722507";"3,21845365"
"";"30.10.2025 14:45:00";"NO SIGNAL";"3,2279";"3,2289";"3,2201";"3,2223";"3,22767496";"3,21944642"
"";"30.10.2025 14:46:00";"NO SIGNAL";"3,2223";"3,2223";"3,2120";"3,2145";"3,22420001";"3,22029281"
"411";"30.10.2025 14:47:00";"SELL";"3,2150";"3,2154";"3,2084";"3,2123";"3,21922493";"3,22034645"
"";"30.10.2025 14:48:00";"NO SIGNAL";"3,2118";"3,2151";"3,2103";"3,2151";"3,21605015";"3,22032332"
"";"30.10.2025 14:49:00";"NO SIGNAL";"3,2151";"3,2178";"3,2145";"3,2162";"3,21452522";"3,21973085"
"";"30.10.2025 14:50:00";"NO SIGNAL";"3,2162";"3,2191";"3,2148";"3,2173";"3,21522522";"3,21984601"
"";"30.10.2025 14:51:00";"NO SIGNAL";"3,2174";"3,2182";"3,2135";"3,2140";"3,21565008";"3,21972322"
"";"30.10.2025 14:52:00";"NO SIGNAL";"3,2139";"3,2156";"3,2091";"3,2120";"3,21487474";"3,21922326"
"";"30.10.2025 14:53:00";"NO SIGNAL";"3,2126";"3,2188";"3,2098";"3,2124";"3,21392488";"3,21884632"
"";"30.10.2025 14:54:00";"NO SIGNAL";"3,2124";"3,2196";"3,2111";"3,2162";"3,21364999";"3,2185154"
"";"30.10.2025 14:55:00";"NO SIGNAL";"3,2161";"3,2178";"3,2139";"3,2172";"3,21444988";"3,21765375"
"";"30.10.2025 14:56:00";"NO SIGNAL";"3,2171";"3,2171";"3,2112";"3,2113";"3,21427488";"3,21604633"
"412";"30.10.2025 14:57:00";"BUY";"3,2111";"3,2177";"3,2101";"3,2173";"3,21549988";"3,21523881"
"";"30.10.2025 14:58:00";"NO SIGNAL";"3,2171";"3,2234";"3,2163";"3,2198";"3,21639991";"3,21504641"
"";"30.10.2025 14:59:00";"NO SIGNAL";"3,2191";"3,2191";"3,2143";"3,2157";"3,21602488";"3,21513844"
"";"30.10.2025 15:00:00";"NO SIGNAL";"3,2157";"3,2235";"3,2138";"3,2227";"3,21887493";"3,21593881"
"";"30.10.2025 15:01:00";"NO SIGNAL";"3,2221";"3,2224";"3,2128";"3,2139";"3,21802497";"3,21584654"
"";"30.10.2025 15:02:00";"NO SIGNAL";"3,2138";"3,2207";"3,2091";"3,2174";"3,21742511";"3,21593881"
"";"30.10.2025 15:03:00";"NO SIGNAL";"3,2173";"3,2189";"3,2147";"3,2175";"3,217875";"3,21595407"
"";"30.10.2025 15:04:00";"NO SIGNAL";"3,2175";"3,2176";"3,2130";"3,2160";"3,21619987";"3,21610808"
"";"30.10.2025 15:05:00";"NO SIGNAL";"3,2159";"3,2173";"3,2098";"3,2163";"3,21680021";"3,21643877"
"413";"30.10.2025 15:06:00";"SELL";"3,2161";"3,2161";"3,2078";"3,2079";"3,21442485";"3,21609282"
"";"30.10.2025 15:07:00";"NO SIGNAL";"3,2078";"3,2092";"3,1954";"3,1975";"3,20942497";"3,21465397"
"";"30.10.2025 15:08:00";"NO SIGNAL";"3,1978";"3,2014";"3,1798";"3,1832";"3,20122504";"3,21203852"
"";"30.10.2025 15:09:00";"NO SIGNAL";"3,1834";"3,1941";"3,1834";"3,1857";"3,19357491";"3,21006942"
"";"30.10.2025 15:10:00";"NO SIGNAL";"3,1850";"3,1972";"3,1846";"3,1954";"3,19044995";"3,20838451"
"";"30.10.2025 15:11:00";"NO SIGNAL";"3,1955";"3,1967";"3,1919";"3,1926";"3,18922496";"3,20629239"
"";"30.10.2025 15:12:00";"NO SIGNAL";"3,1926";"3,1927";"3,1840";"3,1890";"3,19067478";"3,20423841"
"";"30.10.2025 15:13:00";"NO SIGNAL";"3,1886";"3,1965";"3,1882";"3,1959";"3,19322515";"3,20217705"
"";"30.10.2025 15:14:00";"NO SIGNAL";"3,1956";"3,2010";"3,1942";"3,2000";"3,19437504";"3,20110774"
"";"30.10.2025 15:15:00";"NO SIGNAL";"3,2005";"3,2007";"3,1906";"3,1930";"3,19447494";"3,19923067"
"";"30.10.2025 15:16:00";"NO SIGNAL";"3,1930";"3,2017";"3,1929";"3,1940";"3,19572496";"3,19742298"
"";"30.10.2025 15:17:00";"NO SIGNAL";"3,1941";"3,1948";"3,1826";"3,1829";"3,19247484";"3,19487691"
"";"30.10.2025 15:18:00";"NO SIGNAL";"3,1829";"3,1855";"3,1794";"3,1842";"3,18852496";"3,19240761"
"";"30.10.2025 15:19:00";"NO SIGNAL";"3,1847";"3,1923";"3,1847";"3,1884";"3,18737507";"3,19090772"
"";"30.10.2025 15:20:00";"NO SIGNAL";"3,1885";"3,1946";"3,1836";"3,1942";"3,18742514";"3,19065404"
"";"30.10.2025 15:21:00";"NO SIGNAL";"3,1944";"3,1966";"3,1916";"3,1950";"3,19045019";"3,1915617"
"414";"30.10.2025 15:22:00";"BUY";"3,1946";"3,2029";"3,1943";"3,1965";"3,19352508";"3,19239259"
"";"30.10.2025 15:23:00";"NO SIGNAL";"3,1967";"3,2088";"3,1967";"3,2019";"3,19689989";"3,19289231"
"";"30.10.2025 15:24:00";"NO SIGNAL";"3,2019";"3,2024";"3,1982";"3,2023";"3,19892502";"3,19363856"
"";"30.10.2025 15:25:00";"NO SIGNAL";"3,2022";"3,2085";"3,2016";"3,2033";"3,20099998";"3,19473863"
"";"30.10.2025 15:26:00";"NO SIGNAL";"3,2034";"3,2046";"3,1990";"3,2009";"3,20210028";"3,19512343"
"";"30.10.2025 15:27:00";"NO SIGNAL";"3,2007";"3,2014";"3,1930";"3,2010";"3,20187497";"3,1952002"
"";"30.10.2025 15:28:00";"NO SIGNAL";"3,2013";"3,2029";"3,1978";"3,2012";"3,20160007";"3,19583106"
"";"30.10.2025 15:29:00";"NO SIGNAL";"3,2011";"3,2018";"3,1974";"3,1987";"3,20044994";"3,19619274"
"";"30.10.2025 15:30:00";"NO SIGNAL";"3,1987";"3,2001";"3,1885";"3,1903";"3,19780016";"3,19676185"
"415";"30.10.2025 15:31:00";"SELL";"3,1903";"3,1907";"3,1843";"3,1871";"3,19432497";"3,19698501"
"";"30.10.2025 15:32:00";"NO SIGNAL";"3,1871";"3,1937";"3,1859";"3,1935";"3,19239998";"3,19737697"
"";"30.10.2025 15:33:00";"NO SIGNAL";"3,1935";"3,1935";"3,1863";"3,1879";"3,18970013";"3,1968925"
"";"30.10.2025 15:34:00";"NO SIGNAL";"3,1880";"3,1932";"3,1829";"3,1931";"3,19040012";"3,19674635"
"";"30.10.2025 15:35:00";"NO SIGNAL";"3,1930";"3,1967";"3,1929";"3,1939";"3,19210005";"3,19654655"
"";"30.10.2025 15:36:00";"NO SIGNAL";"3,1938";"3,1948";"3,1889";"3,1905";"3,19134998";"3,19566941"
"";"30.10.2025 15:37:00";"NO SIGNAL";"3,1904";"3,1904";"3,1811";"3,1862";"3,19092512";"3,19443107"
"";"30.10.2025 15:38:00";"NO SIGNAL";"3,1859";"3,1912";"3,1822";"3,1889";"3,18987513";"3,19332337"
"";"30.10.2025 15:39:00";"NO SIGNAL";"3,1894";"3,1919";"3,1862";"3,1883";"3,18847513";"3,19235396"
"";"30.10.2025 15:40:00";"NO SIGNAL";"3,1891";"3,1897";"3,1804";"3,1819";"3,18632507";"3,19088459"
"";"30.10.2025 15:41:00";"NO SIGNAL";"3,1815";"3,1815";"3,1731";"3,1792";"3,18457508";"3,1891923"
"";"30.10.2025 15:42:00";"NO SIGNAL";"3,1792";"3,1888";"3,1789";"3,1855";"3,18372512";"3,18817711"
"";"30.10.2025 15:43:00";"NO SIGNAL";"3,1856";"3,1903";"3,1827";"3,1901";"3,18417501";"3,18816161"
"";"30.10.2025 15:44:00";"NO SIGNAL";"3,1901";"3,1964";"3,1896";"3,1947";"3,18737507";"3,18874645"
"416";"30.10.2025 15:45:00";"BUY";"3,1947";"3,1951";"3,1891";"3,1900";"3,19007492";"3,18847704"
"";"30.10.2025 15:46:00";"NO SIGNAL";"3,1900";"3,1919";"3,1777";"3,1789";"3,18842506";"3,18778467"
"417";"30.10.2025 15:47:00";"SELL";"3,1788";"3,1866";"3,1786";"3,1841";"3,18692493";"3,1870923"
"";"30.10.2025 15:48:00";"NO SIGNAL";"3,1841";"3,1929";"3,1841";"3,1917";"3,18617487";"3,18692303"
"";"30.10.2025 15:49:00";"NO SIGNAL";"3,1911";"3,1948";"3,1879";"3,1887";"3,18584991";"3,18678451"
"418";"30.10.2025 15:50:00";"BUY";"3,1886";"3,1919";"3,1859";"3,1909";"3,18885016";"3,18714619"
"";"30.10.2025 15:51:00";"NO SIGNAL";"3,1909";"3,1940";"3,1895";"3,1901";"3,19035006";"3,18723869"
"";"30.10.2025 15:52:00";"NO SIGNAL";"3,1900";"3,1900";"3,1836";"3,1868";"3,18912482";"3,18712306"
"";"30.10.2025 15:53:00";"NO SIGNAL";"3,1865";"3,1900";"3,1842";"3,1880";"3,18894982";"3,18759251"
"419";"30.10.2025 15:54:00";"SELL";"3,1878";"3,1910";"3,1834";"3,1836";"3,18712497";"3,18793082"
"";"30.10.2025 15:55:00";"NO SIGNAL";"3,1835";"3,1878";"3,1811";"3,1863";"3,18617487";"3,1879921"
"";"30.10.2025 15:56:00";"NO SIGNAL";"3,1865";"3,1883";"3,1839";"3,1854";"3,18582487";"3,18763065"
"";"30.10.2025 15:57:00";"NO SIGNAL";"3,1852";"3,1884";"3,1846";"3,1851";"3,18510008";"3,18689251"
"";"30.10.2025 15:58:00";"NO SIGNAL";"3,1850";"3,1866";"3,1814";"3,1861";"3,18572521";"3,18659258"
"";"30.10.2025 15:59:00";"NO SIGNAL";"3,1860";"3,1906";"3,1842";"3,1904";"3,18674994";"3,18747711"
"";"30.10.2025 16:00:00";"NO SIGNAL";"3,1903";"3,1909";"3,1762";"3,1762";"3,18445015";"3,18686962"
"";"30.10.2025 16:01:00";"NO SIGNAL";"3,1764";"3,1825";"3,1761";"3,1766";"3,18232489";"3,18570781"
"";"30.10.2025 16:02:00";"NO SIGNAL";"3,1764";"3,1791";"3,1617";"3,1628";"3,17650008";"3,18371558"
"";"30.10.2025 16:03:00";"NO SIGNAL";"3,1629";"3,1766";"3,1617";"3,1758";"3,17284989";"3,18255401"
"";"30.10.2025 16:04:00";"NO SIGNAL";"3,1759";"3,1850";"3,1737";"3,1842";"3,17484999";"3,1821003"
"";"30.10.2025 16:05:00";"NO SIGNAL";"3,1845";"3,1928";"3,1798";"3,1928";"3,1789";"3,18256187"
"420";"30.10.2025 16:06:00";"BUY";"3,1929";"3,1988";"3,1909";"3,1936";"3,18660021";"3,1829927"
"";"30.10.2025 16:07:00";"NO SIGNAL";"3,1936";"3,2029";"3,1920";"3,2009";"3,19287491";"3,18432307"
"";"30.10.2025 16:08:00";"NO SIGNAL";"3,2012";"3,2012";"3,1956";"3,1972";"3,19612503";"3,18516135"
"";"30.10.2025 16:09:00";"NO SIGNAL";"3,1969";"3,1979";"3,1935";"3,1960";"3,19692492";"3,18597698"
"";"30.10.2025 16:10:00";"NO SIGNAL";"3,1961";"3,1968";"3,1885";"3,1895";"3,19589996";"3,18631554"
"";"30.10.2025 16:11:00";"NO SIGNAL";"3,1894";"3,1968";"3,1865";"3,1959";"3,19464993";"3,18706942"
"";"30.10.2025 16:12:00";"NO SIGNAL";"3,1959";"3,2010";"3,1943";"3,1989";"3,19507504";"3,1877234"
"";"30.10.2025 16:13:00";"NO SIGNAL";"3,1986";"3,2002";"3,1960";"3,1989";"3,19580007";"3,18946934"
"";"30.10.2025 16:14:00";"NO SIGNAL";"3,1987";"3,2055";"3,1984";"3,2012";"3,19872499";"3,19136167"
"";"30.10.2025 16:15:00";"NO SIGNAL";"3,2011";"3,2021";"3,1937";"3,1970";"3,19900012";"3,19399238"
"";"30.10.2025 16:16:00";"NO SIGNAL";"3,1974";"3,1974";"3,1905";"3,1924";"3,19737506";"3,19526958"
"421";"30.10.2025 16:17:00";"SELL";"3,1930";"3,1931";"3,1859";"3,1863";"3,19422531";"3,19543123"
"";"30.10.2025 16:18:00";"NO SIGNAL";"3,1864";"3,1890";"3,1834";"3,1850";"3,19017506";"3,19483113"
"";"30.10.2025 16:19:00";"NO SIGNAL";"3,1851";"3,1914";"3,1831";"3,1858";"3,18737507";"3,19423127"
"";"30.10.2025 16:20:00";"NO SIGNAL";"3,1857";"3,1896";"3,1838";"3,1896";"3,18667507";"3,19336176"
"";"30.10.2025 16:21:00";"NO SIGNAL";"3,1897";"3,1917";"3,1881";"3,1911";"3,18787479";"3,19289231"
"";"30.10.2025 16:22:00";"NO SIGNAL";"3,1910";"3,1939";"3,1873";"3,1939";"3,19010019";"3,1927309"
"";"30.10.2025 16:23:00";"NO SIGNAL";"3,1938";"3,1961";"3,1869";"3,1877";"3,19057512";"3,19259238"
"";"30.10.2025 16:24:00";"NO SIGNAL";"3,1878";"3,1924";"3,1878";"3,1912";"3,19097495";"3,1922307"
"";"30.10.2025 16:25:00";"NO SIGNAL";"3,1913";"3,1913";"3,1820";"3,1856";"3,18959999";"3,19120741"
"";"30.10.2025 16:26:00";"NO SIGNAL";"3,1855";"3,1863";"3,1806";"3,1842";"3,18717504";"3,19007683"
"";"30.10.2025 16:27:00";"NO SIGNAL";"3,1843";"3,1962";"3,1827";"3,1925";"3,18837523";"3,18940735"
"422";"30.10.2025 16:28:00";"BUY";"3,1925";"3,2054";"3,1925";"3,1992";"3,19037509";"3,1895771"
"";"30.10.2025 16:29:00";"NO SIGNAL";"3,1991";"3,2029";"3,1980";"3,1986";"3,19362497";"3,19005394"
"";"30.10.2025 16:30:00";"NO SIGNAL";"3,1987";"3,1999";"3,1943";"3,1954";"3,19642496";"3,19075394"
"";"30.10.2025 16:31:00";"NO SIGNAL";"3,1955";"3,1955";"3,1866";"3,1876";"3,19519997";"3,19095397"
"";"30.10.2025 16:32:00";"NO SIGNAL";"3,1877";"3,1877";"3,1798";"3,1844";"3,19149995";"3,19084644"
"423";"30.10.2025 16:33:00";"SELL";"3,1844";"3,1907";"3,1843";"3,1886";"3,18900013";"3,19076967"
"";"30.10.2025 16:34:00";"NO SIGNAL";"3,1885";"3,1914";"3,1860";"3,1860";"3,18665004";"3,190377"
"";"30.10.2025 16:35:00";"NO SIGNAL";"3,1860";"3,1895";"3,1834";"3,1860";"3,18625021";"3,18976927"
"";"30.10.2025 16:36:00";"NO SIGNAL";"3,1861";"3,1879";"3,1839";"3,1862";"3,18669987";"3,18965387"
"";"30.10.2025 16:37:00";"NO SIGNAL";"3,1863";"3,1888";"3,1846";"3,1856";"3,18595004";"3,18922329"
"";"30.10.2025 16:38:00";"NO SIGNAL";"3,1856";"3,1958";"3,1853";"3,1952";"3,18825006";"3,18996167"
"";"30.10.2025 16:39:00";"NO SIGNAL";"3,1951";"3,1974";"3,1929";"3,1950";"3,19050002";"3,19079256"
"424";"30.10.2025 16:40:00";"BUY";"3,1949";"3,1949";"3,1879";"3,1885";"3,19107509";"3,190485"
"";"30.10.2025 16:41:00";"NO SIGNAL";"3,1885";"3,1886";"3,1842";"3,1853";"3,19099998";"3,18941569"
"";"30.10.2025 16:42:00";"NO SIGNAL";"3,1852";"3,1883";"3,1832";"3,1876";"3,18909979";"3,18856931"
"425";"30.10.2025 16:43:00";"SELL";"3,1875";"3,1889";"3,1738";"3,1741";"3,18387508";"3,18693089"
"";"30.10.2025 16:44:00";"NO SIGNAL";"3,1741";"3,1802";"3,1730";"3,1775";"3,18112493";"3,18615389"
"";"30.10.2025 16:45:00";"NO SIGNAL";"3,1775";"3,1869";"3,1767";"3,1834";"3,18065";"3,18607688"
"";"30.10.2025 16:46:00";"NO SIGNAL";"3,1832";"3,1832";"3,1789";"3,1809";"3,17897487";"3,18548489"
"";"30.10.2025 16:47:00";"NO SIGNAL";"3,1810";"3,1823";"3,1774";"3,1791";"3,1802249";"3,18495393"
"";"30.10.2025 16:48:00";"NO SIGNAL";"3,1792";"3,1848";"3,1792";"3,1848";"3,18204999";"3,18486142"
"";"30.10.2025 16:49:00";"NO SIGNAL";"3,1844";"3,1870";"3,1795";"3,1813";"3,18152523";"3,18448472"
"";"30.10.2025 16:50:00";"NO SIGNAL";"3,1816";"3,1875";"3,1756";"3,1794";"3,18114996";"3,18400764"
"";"30.10.2025 16:51:00";"NO SIGNAL";"3,1794";"3,1816";"3,1774";"3,1816";"3,18177509";"3,18296146"
"";"30.10.2025 16:52:00";"NO SIGNAL";"3,1815";"3,1816";"3,1772";"3,1776";"3,17997503";"3,18162322"
"";"30.10.2025 16:53:00";"NO SIGNAL";"3,1778";"3,1778";"3,1733";"3,1767";"3,1788249";"3,18071532"
"";"30.10.2025 16:54:00";"NO SIGNAL";"3,1768";"3,1806";"3,1745";"3,1800";"3,17897511";"3,18030763"
"";"30.10.2025 16:55:00";"NO SIGNAL";"3,1799";"3,1822";"3,1771";"3,1822";"3,17912507";"3,17989254"
"";"30.10.2025 16:56:00";"NO SIGNAL";"3,1823";"3,1840";"3,1803";"3,1813";"3,1800499";"3,18044615"
"426";"30.10.2025 16:57:00";"BUY";"3,1813";"3,1815";"3,1757";"3,1792";"3,18067503";"3,18057704"
"";"30.10.2025 16:58:00";"NO SIGNAL";"3,1791";"3,1800";"3,1766";"3,1799";"3,18064976";"3,18030787"
"";"30.10.2025 16:59:00";"NO SIGNAL";"3,1798";"3,1850";"3,1798";"3,1848";"3,18129992";"3,1806078"
"";"30.10.2025 17:00:00";"NO SIGNAL";"3,1848";"3,1848";"3,1786";"3,1796";"3,18087506";"3,18064618"
"";"30.10.2025 17:01:00";"NO SIGNAL";"3,1796";"3,1810";"3,1763";"3,1769";"3,1803";"3,18003845"
"427";"30.10.2025 17:02:00";"SELL";"3,1768";"3,1768";"3,1689";"3,1700";"3,17782497";"3,17916942"
"";"30.10.2025 17:03:00";"NO SIGNAL";"3,1699";"3,1699";"3,1459";"3,1604";"3,1717248";"3,17770743"
"";"30.10.2025 17:04:00";"NO SIGNAL";"3,1606";"3,1646";"3,1584";"3,1593";"3,16665006";"3,17599225"
"";"30.10.2025 17:05:00";"NO SIGNAL";"3,1593";"3,1604";"3,1458";"3,1469";"3,15915012";"3,17363071"
"";"30.10.2025 17:06:00";"NO SIGNAL";"3,1469";"3,1517";"3,1420";"3,1433";"3,15247488";"3,17106152"
"";"30.10.2025 17:07:00";"NO SIGNAL";"3,1434";"3,1494";"3,1416";"3,1477";"3,1493001";"3,16857719"
"";"30.10.2025 17:08:00";"NO SIGNAL";"3,1476";"3,1554";"3,1451";"3,1516";"3,14737511";"3,16622329"
"";"30.10.2025 17:09:00";"NO SIGNAL";"3,1515";"3,1547";"3,1496";"3,1516";"3,14855003";"3,16393852"
"";"30.10.2025 17:10:00";"NO SIGNAL";"3,1517";"3,1537";"3,1495";"3,1508";"3,15042496";"3,16175389"
"";"30.10.2025 17:11:00";"NO SIGNAL";"3,1508";"3,1562";"3,1464";"3,1554";"3,15234995";"3,15986943"
"";"30.10.2025 17:12:00";"NO SIGNAL";"3,1555";"3,1555";"3,1509";"3,1554";"3,15330005";"3,15760779"
"";"30.10.2025 17:13:00";"NO SIGNAL";"3,1554";"3,1554";"3,1496";"3,1522";"3,15345001";"3,1554997"
"428";"30.10.2025 17:14:00";"BUY";"3,1521";"3,1538";"3,1477";"3,1528";"3,15395021";"3,15364671"
"";"30.10.2025 17:15:00";"NO SIGNAL";"3,1529";"3,1541";"3,1494";"3,1535";"3,15347505";"3,15237737"
"";"30.10.2025 17:16:00";"NO SIGNAL";"3,1534";"3,1537";"3,1483";"3,1525";"3,15274978";"3,1517694"
"";"30.10.2025 17:17:00";"NO SIGNAL";"3,1520";"3,1542";"3,1461";"3,1542";"3,15324974";"3,15137696"
"";"30.10.2025 17:18:00";"NO SIGNAL";"3,1544";"3,1593";"3,1529";"3,1554";"3,15390015";"3,15203094"
"";"30.10.2025 17:19:00";"NO SIGNAL";"3,1553";"3,1553";"3,1499";"3,1531";"3,15380001";"3,15278459"
"";"30.10.2025 17:20:00";"NO SIGNAL";"3,1531";"3,1543";"3,1492";"3,1524";"3,15377522";"3,15314603"
"429";"30.10.2025 17:21:00";"SELL";"3,1523";"3,1541";"3,1381";"3,1444";"3,15132499";"3,15259242"
"";"30.10.2025 17:22:00";"NO SIGNAL";"3,1440";"3,1469";"3,1380";"3,1394";"3,14732504";"3,15165401"
"";"30.10.2025 17:23:00";"NO SIGNAL";"3,1396";"3,1451";"3,1296";"3,1297";"3,14147496";"3,15003061"
"";"30.10.2025 17:24:00";"NO SIGNAL";"3,1297";"3,1375";"3,1270";"3,1371";"3,13765001";"3,14862299"
"";"30.10.2025 17:25:00";"NO SIGNAL";"3,1370";"3,1409";"3,1344";"3,1355";"3,13542509";"3,14709258"
"";"30.10.2025 17:26:00";"NO SIGNAL";"3,1356";"3,1441";"3,1355";"3,1374";"3,13492489";"3,14595366"
"";"30.10.2025 17:27:00";"NO SIGNAL";"3,1371";"3,1419";"3,1365";"3,1388";"3,13719988";"3,14487696"
"";"30.10.2025 17:28:00";"NO SIGNAL";"3,1388";"3,1396";"3,1287";"3,1322";"3,13597488";"3,14323854"
"";"30.10.2025 17:29:00";"NO SIGNAL";"3,1323";"3,1327";"3,1265";"3,1273";"3,13392496";"3,14129996"
"";"30.10.2025 17:30:00";"NO SIGNAL";"3,1272";"3,1272";"3,1127";"3,1228";"3,13027501";"3,13888454"
"";"30.10.2025 17:31:00";"NO SIGNAL";"3,1228";"3,1228";"3,1039";"3,1128";"3,12377501";"3,13560796"
"";"30.10.2025 17:32:00";"NO SIGNAL";"3,1124";"3,1231";"3,1086";"3,1202";"3,12077498";"3,13307738"
"";"30.10.2025 17:33:00";"NO SIGNAL";"3,1203";"3,1227";"3,1153";"3,1188";"3,11864996";"3,13049269"
"";"30.10.2025 17:34:00";"NO SIGNAL";"3,1188";"3,1190";"3,1108";"3,1108";"3,11564994";"3,12790775"
"";"30.10.2025 17:35:00";"NO SIGNAL";"3,1108";"3,1131";"3,1012";"3,1029";"3,11317515";"3,12510014"
"";"30.10.2025 17:36:00";"NO SIGNAL";"3,1026";"3,1101";"3,1026";"3,1060";"3,1096251";"3,12327695"
"";"30.10.2025 17:37:00";"NO SIGNAL";"3,1063";"3,1100";"3,1043";"3,1058";"3,10637474";"3,12086964"
"";"30.10.2025 17:38:00";"NO SIGNAL";"3,1057";"3,1158";"3,1021";"3,1127";"3,10685015";"3,11911583"
"";"30.10.2025 17:39:00";"NO SIGNAL";"3,1128";"3,1147";"3,1081";"3,1130";"3,109375";"3,11723828"
"";"30.10.2025 17:40:00";"NO SIGNAL";"3,1131";"3,1132";"3,1070";"3,1083";"3,10994983";"3,11489201"
"";"30.10.2025 17:41:00";"NO SIGNAL";"3,1081";"3,1230";"3,1081";"3,1167";"3,11267471";"3,11369991"
"430";"30.10.2025 17:42:00";"BUY";"3,1168";"3,1203";"3,1131";"3,1173";"3,11382508";"3,11293077"
"";"30.10.2025 17:43:00";"NO SIGNAL";"3,1173";"3,1227";"3,1154";"3,1192";"3,11537504";"3,11265421"
"";"30.10.2025 17:44:00";"NO SIGNAL";"3,1192";"3,1243";"3,1174";"3,1236";"3,11919999";"3,1134851"
"";"30.10.2025 17:45:00";"NO SIGNAL";"3,1235";"3,1403";"3,1233";"3,1392";"3,124825";"3,1149466"
"";"30.10.2025 17:46:00";"NO SIGNAL";"3,1394";"3,1526";"3,1352";"3,1515";"3,13337493";"3,11746192"
"";"30.10.2025 17:47:00";"NO SIGNAL";"3,1509";"3,1527";"3,1466";"3,1507";"3,14125013";"3,12053084"
"";"30.10.2025 17:48:00";"NO SIGNAL";"3,1507";"3,1599";"3,1493";"3,1511";"3,14812493";"3,12423873"
"";"30.10.2025 17:49:00";"NO SIGNAL";"3,1513";"3,1575";"3,1500";"3,1544";"3,15192485";"3,1279614"
"";"30.10.2025 17:50:00";"NO SIGNAL";"3,1544";"3,1545";"3,1462";"3,1467";"3,15072489";"3,13110781"
"";"30.10.2025 17:51:00";"NO SIGNAL";"3,1465";"3,1492";"3,1418";"3,1449";"3,14927506";"3,13358474"
"";"30.10.2025 17:52:00";"NO SIGNAL";"3,1449";"3,1449";"3,1379";"3,1439";"3,147475";"3,13596177"
"";"30.10.2025 17:53:00";"NO SIGNAL";"3,1439";"3,1439";"3,1346";"3,1363";"3,14295006";"3,13811564"
"";"30.10.2025 17:54:00";"NO SIGNAL";"3,1363";"3,1387";"3,1330";"3,1364";"3,14037514";"3,13963103"
"431";"30.10.2025 17:55:00";"SELL";"3,1363";"3,1419";"3,1351";"3,1409";"3,13937497";"3,14144635"
"";"30.10.2025 17:56:00";"NO SIGNAL";"3,1408";"3,1435";"3,1382";"3,1422";"3,13895011";"3,14321518"
"";"30.10.2025 17:57:00";"NO SIGNAL";"3,1422";"3,1467";"3,1392";"3,1392";"3,1396749";"3,14441538"
"";"30.10.2025 17:58:00";"NO SIGNAL";"3,1392";"3,1418";"3,1392";"3,1404";"3,14067507";"3,14450765"
"";"30.10.2025 17:59:00";"NO SIGNAL";"3,1404";"3,1485";"3,1404";"3,1484";"3,14254999";"3,14426923"
"";"30.10.2025 18:00:00";"NO SIGNAL";"3,1484";"3,1505";"3,1413";"3,1452";"3,14330006";"3,14384627"
"432";"30.10.2025 18:01:00";"BUY";"3,1453";"3,1479";"3,1422";"3,1441";"3,14452505";"3,14330792"
"";"30.10.2025 18:02:00";"NO SIGNAL";"3,1441";"3,1472";"3,1414";"3,1471";"3,14619994";"3,14274669"
"";"30.10.2025 18:03:00";"NO SIGNAL";"3,1471";"3,1503";"3,1445";"3,1471";"3,14587498";"3,14277697"
"";"30.10.2025 18:04:00";"NO SIGNAL";"3,1471";"3,1474";"3,1435";"3,1444";"3,14567518";"3,14273834"
"";"30.10.2025 18:05:00";"NO SIGNAL";"3,1443";"3,1472";"3,1432";"3,1454";"3,14599991";"3,14285374"
"";"30.10.2025 18:06:00";"NO SIGNAL";"3,1453";"3,1454";"3,1389";"3,1411";"3,14449978";"3,14322281"
"433";"30.10.2025 18:07:00";"SELL";"3,1411";"3,1430";"3,1391";"3,1394";"3,14257479";"3,14345384"
"";"30.10.2025 18:08:00";"NO SIGNAL";"3,1393";"3,1412";"3,1367";"3,1409";"3,14170003";"3,14345384"
"";"30.10.2025 18:09:00";"NO SIGNAL";"3,1406";"3,1434";"3,1395";"3,1409";"3,14057493";"3,14335418"
"";"30.10.2025 18:10:00";"NO SIGNAL";"3,1409";"3,1428";"3,1409";"3,1425";"3,14092493";"3,14360785"
"";"30.10.2025 18:11:00";"NO SIGNAL";"3,1424";"3,1450";"3,1421";"3,1440";"3,14207482";"3,14388442"
"";"30.10.2025 18:12:00";"NO SIGNAL";"3,1440";"3,1500";"3,1423";"3,1478";"3,14379978";"3,14383817"
"434";"30.10.2025 18:13:00";"BUY";"3,1477";"3,1478";"3,1435";"3,1457";"3,14499998";"3,14387703"
"";"30.10.2025 18:14:00";"NO SIGNAL";"3,1457";"3,1470";"3,1412";"3,1414";"3,14472508";"3,14366913"
"";"30.10.2025 18:15:00";"NO SIGNAL";"3,1413";"3,1440";"3,1408";"3,1430";"3,14447498";"3,1433537"
"";"30.10.2025 18:16:00";"NO SIGNAL";"3,1429";"3,1448";"3,1417";"3,1435";"3,14340019";"3,14307737"
"";"30.10.2025 18:17:00";"NO SIGNAL";"3,1436";"3,1493";"3,1434";"3,1490";"3,14422512";"3,14343095"
"";"30.10.2025 18:18:00";"NO SIGNAL";"3,1490";"3,1533";"3,1483";"3,1514";"3,14672494";"3,14389277"
"";"30.10.2025 18:19:00";"NO SIGNAL";"3,1514";"3,1514";"3,1376";"3,1406";"3,14612508";"3,14385414"
"";"30.10.2025 18:20:00";"NO SIGNAL";"3,1407";"3,1496";"3,1406";"3,1461";"3,14677525";"3,14436936"
"";"30.10.2025 18:21:00";"NO SIGNAL";"3,1461";"3,1463";"3,1371";"3,1419";"3,14499998";"3,14444637"
"435";"30.10.2025 18:22:00";"SELL";"3,1418";"3,1418";"3,1372";"3,1397";"3,14207506";"3,1443541"
"";"30.10.2025 18:23:00";"NO SIGNAL";"3,1396";"3,1418";"3,1343";"3,1358";"3,1408751";"3,14383864"
"";"30.10.2025 18:24:00";"NO SIGNAL";"3,1357";"3,1376";"3,1348";"3,1350";"3,13809991";"3,14314604"
"";"30.10.2025 18:25:00";"NO SIGNAL";"3,1349";"3,1381";"3,1322";"3,1322";"3,13567495";"3,14194608"
"";"30.10.2025 18:26:00";"NO SIGNAL";"3,1321";"3,1328";"3,1254";"3,1298";"3,13320017";"3,14072323"
"";"30.10.2025 18:27:00";"NO SIGNAL";"3,1297";"3,1302";"3,1274";"3,1283";"3,13132501";"3,13971543"
"";"30.10.2025 18:28:00";"NO SIGNAL";"3,1283";"3,1317";"3,1254";"3,1302";"3,13012505";"3,13873076"
"";"30.10.2025 18:29:00";"NO SIGNAL";"3,1302";"3,1306";"3,1268";"3,1281";"3,12909985";"3,13754606"
"";"30.10.2025 18:30:00";"NO SIGNAL";"3,1281";"3,1375";"3,1275";"3,1373";"3,13097477";"3,13664603"
"";"30.10.2025 18:31:00";"NO SIGNAL";"3,1372";"3,1406";"3,1339";"3,1388";"3,13359976";"3,13567686"
"";"30.10.2025 18:32:00";"NO SIGNAL";"3,1387";"3,1387";"3,1251";"3,1261";"3,13257504";"3,13456154"
"";"30.10.2025 18:33:00";"NO SIGNAL";"3,1255";"3,1268";"3,1219";"3,1263";"3,1321249";"3,13303852"
"";"30.10.2025 18:34:00";"NO SIGNAL";"3,1264";"3,1270";"3,1230";"3,1231";"3,12857485";"3,13159251"
"";"30.10.2025 18:35:00";"NO SIGNAL";"3,1232";"3,1243";"3,1137";"3,1147";"3,12255001";"3,12966895"
"";"30.10.2025 18:36:00";"NO SIGNAL";"3,1148";"3,1196";"3,1133";"3,1153";"3,11984992";"3,12809205"
"";"30.10.2025 18:37:00";"NO SIGNAL";"3,1154";"3,1159";"3,1059";"3,1068";"3,11497521";"3,12592292"
"";"30.10.2025 18:38:00";"NO SIGNAL";"3,1067";"3,1139";"3,1061";"3,1132";"3,11250019";"3,12446165"
"";"30.10.2025 18:39:00";"NO SIGNAL";"3,1132";"3,1162";"3,1100";"3,1142";"3,11237502";"3,12326169"
"";"30.10.2025 18:40:00";"NO SIGNAL";"3,1142";"3,1183";"3,1120";"3,1168";"3,11275005";"3,12237716"
"";"30.10.2025 18:41:00";"NO SIGNAL";"3,1169";"3,1169";"3,1035";"3,1063";"3,11262512";"3,12053871"
"";"30.10.2025 18:42:00";"NO SIGNAL";"3,1063";"3,1174";"3,1063";"3,1116";"3,11222506";"3,11926937"
"";"30.10.2025 18:43:00";"NO SIGNAL";"3,1117";"3,1137";"3,1099";"3,1110";"3,11142516";"3,11724639"
"";"30.10.2025 18:44:00";"NO SIGNAL";"3,1109";"3,1117";"3,1074";"3,1094";"3,10957503";"3,11498451"
"";"30.10.2025 18:45:00";"NO SIGNAL";"3,1093";"3,1138";"3,1066";"3,1133";"3,11132503";"3,11400008"
"";"30.10.2025 18:46:00";"NO SIGNAL";"3,1132";"3,1201";"3,1122";"3,1177";"3,11284995";"3,11333847"
"436";"30.10.2025 18:47:00";"BUY";"3,1177";"3,1251";"3,1144";"3,1229";"3,11582494";"3,11332321"
"";"30.10.2025 18:48:00";"NO SIGNAL";"3,1229";"3,1287";"3,1213";"3,1281";"3,12050009";"3,1143539"
"";"30.10.2025 18:49:00";"NO SIGNAL";"3,1282";"3,1294";"3,1201";"3,1201";"3,12220001";"3,11472321"
"";"30.10.2025 18:50:00";"NO SIGNAL";"3,1204";"3,1215";"3,1157";"3,1212";"3,12307501";"3,11583114"
"";"30.10.2025 18:51:00";"NO SIGNAL";"3,1211";"3,1281";"3,1206";"3,1280";"3,12435007";"3,11696935"
"";"30.10.2025 18:52:00";"NO SIGNAL";"3,1279";"3,1281";"3,1208";"3,1215";"3,12270021";"3,11753082"
"";"30.10.2025 18:53:00";"NO SIGNAL";"3,1215";"3,1219";"3,1161";"3,1162";"3,12172508";"3,11748481"
"";"30.10.2025 18:54:00";"NO SIGNAL";"3,1161";"3,1209";"3,1161";"3,1196";"3,12132502";"3,11850786"
"437";"30.10.2025 18:55:00";"SELL";"3,1195";"3,1195";"3,1151";"3,1168";"3,11852503";"3,11890793"
"";"30.10.2025 18:56:00";"NO SIGNAL";"3,1169";"3,1178";"3,1140";"3,1142";"3,11670017";"3,11915421"
"";"30.10.2025 18:57:00";"NO SIGNAL";"3,1142";"3,1150";"3,1115";"3,1140";"3,11615014";"3,11950779"
"";"30.10.2025 18:58:00";"NO SIGNAL";"3,1140";"3,1146";"3,1068";"3,1087";"3,11342525";"3,11915421"
"";"30.10.2025 18:59:00";"NO SIGNAL";"3,1087";"3,1122";"3,1087";"3,1115";"3,11210012";"3,11867714"
"";"30.10.2025 19:00:00";"NO SIGNAL";"3,1114";"3,1134";"3,1068";"3,1069";"3,11027503";"3,11744618"
"";"30.10.2025 19:01:00";"NO SIGNAL";"3,1068";"3,1068";"3,0903";"3,0927";"3,10494995";"3,11472321"
"";"30.10.2025 19:02:00";"NO SIGNAL";"3,0927";"3,1074";"3,0927";"3,1040";"3,10377502";"3,11348462"
"";"30.10.2025 19:03:00";"NO SIGNAL";"3,1040";"3,1136";"3,1005";"3,1074";"3,10275006";"3,11242342"
"";"30.10.2025 19:04:00";"NO SIGNAL";"3,1074";"3,1214";"3,1074";"3,1181";"3,10555005";"3,11166167"
"";"30.10.2025 19:05:00";"NO SIGNAL";"3,1178";"3,1178";"3,1092";"3,1101";"3,1099";"3,11078453"
"438";"30.10.2025 19:06:00";"BUY";"3,1105";"3,1113";"3,1022";"3,1053";"3,11022496";"3,10994577"
"";"30.10.2025 19:07:00";"NO SIGNAL";"3,1054";"3,1117";"3,1034";"3,1112";"3,11117506";"3,1092999"
"";"30.10.2025 19:08:00";"NO SIGNAL";"3,1109";"3,1175";"3,1071";"3,1162";"3,11069989";"3,10925388"
"";"30.10.2025 19:09:00";"NO SIGNAL";"3,1163";"3,1207";"3,1163";"3,1167";"3,11234999";"3,10944605"
"";"30.10.2025 19:10:00";"NO SIGNAL";"3,1167";"3,1167";"3,1083";"3,1125";"3,11415005";"3,10933089"
"";"30.10.2025 19:11:00";"NO SIGNAL";"3,1125";"3,1167";"3,1124";"3,1138";"3,11479998";"3,10972309"
"";"30.10.2025 19:12:00";"NO SIGNAL";"3,1139";"3,1195";"3,1139";"3,1183";"3,11532497";"3,11024594"
"";"30.10.2025 19:13:00";"NO SIGNAL";"3,1184";"3,1199";"3,1105";"3,1122";"3,11420012";"3,11065388"
"";"30.10.2025 19:14:00";"NO SIGNAL";"3,1122";"3,1127";"3,1086";"3,1103";"3,11364985";"3,11200762"
"";"30.10.2025 19:15:00";"NO SIGNAL";"3,1104";"3,1173";"3,1101";"3,1128";"3,11339998";"3,11268449"
"439";"30.10.2025 19:16:00";"SELL";"3,1127";"3,1141";"3,1082";"3,1083";"3,11089993";"3,11275387"
"";"30.10.2025 19:17:00";"NO SIGNAL";"3,1084";"3,1084";"3,1000";"3,1024";"3,10844994";"3,11154604"
"";"30.10.2025 19:18:00";"NO SIGNAL";"3,1021";"3,1059";"3,1009";"3,1044";"3,10697484";"3,11110759"
"";"30.10.2025 19:19:00";"NO SIGNAL";"3,1045";"3,1046";"3,1017";"3,1046";"3,10492492";"3,11105347"
"";"30.10.2025 19:20:00";"NO SIGNAL";"3,1046";"3,1048";"3,0999";"3,1040";"3,10384989";"3,11049986"
"";"30.10.2025 19:21:00";"NO SIGNAL";"3,1039";"3,1044";"3,0975";"3,1008";"3,10345006";"3,10931563"
"";"30.10.2025 19:22:00";"NO SIGNAL";"3,1009";"3,1012";"3,0970";"3,0989";"3,1020751";"3,1079464"
"";"30.10.2025 19:23:00";"NO SIGNAL";"3,0988";"3,1022";"3,0984";"3,0985";"3,10055017";"3,10686946"
"";"30.10.2025 19:24:00";"NO SIGNAL";"3,0985";"3,1009";"3,0938";"3,0988";"3,09924984";"3,10571575"
"";"30.10.2025 19:25:00";"NO SIGNAL";"3,0989";"3,1039";"3,0949";"3,0986";"3,09870005";"3,10420036"
"";"30.10.2025 19:26:00";"NO SIGNAL";"3,0983";"3,1061";"3,0980";"3,1017";"3,09940004";"3,1033926"
"";"30.10.2025 19:27:00";"NO SIGNAL";"3,1016";"3,1055";"3,0980";"3,1037";"3,1006999";"3,10288477"
"";"30.10.2025 19:28:00";"NO SIGNAL";"3,1036";"3,1036";"3,0994";"3,1005";"3,10112476";"3,10193849"
"440";"30.10.2025 19:29:00";"BUY";"3,1005";"3,1014";"3,0987";"3,0993";"3,1013";"3,10124636"
"";"30.10.2025 19:30:00";"NO SIGNAL";"3,0994";"3,1091";"3,0994";"3,1091";"3,10314989";"3,10176158"
"";"30.10.2025 19:31:00";"NO SIGNAL";"3,1091";"3,1134";"3,1047";"3,1052";"3,10352516";"3,10182309"
"";"30.10.2025 19:32:00";"NO SIGNAL";"3,1053";"3,1077";"3,1030";"3,1039";"3,10437489";"3,10176945"
"";"30.10.2025 19:33:00";"NO SIGNAL";"3,1040";"3,1071";"3,1033";"3,1046";"3,10570002";"3,10181546"
"";"30.10.2025 19:34:00";"NO SIGNAL";"3,1044";"3,1044";"3,0957";"3,0980";"3,10292482";"3,10160017"
"441";"30.10.2025 19:35:00";"SELL";"3,0979";"3,0987";"3,0935";"3,0952";"3,100425";"3,1013155"
"";"30.10.2025 19:36:00";"NO SIGNAL";"3,0952";"3,0961";"3,0888";"3,0896";"3,09685016";"3,100631"
"";"30.10.2025 19:37:00";"NO SIGNAL";"3,0896";"3,0914";"3,0843";"3,0876";"3,09259987";"3,09976912"
"";"30.10.2025 19:38:00";"NO SIGNAL";"3,0877";"3,0883";"3,0843";"3,0843";"3,08917475";"3,09866929"
"";"30.10.2025 19:39:00";"NO SIGNAL";"3,0849";"3,0853";"3,0742";"3,0775";"3,08475018";"3,09680772"
"";"30.10.2025 19:40:00";"NO SIGNAL";"3,0776";"3,0818";"3,0662";"3,0741";"3,08087492";"3,09453058"
"";"30.10.2025 19:41:00";"NO SIGNAL";"3,0740";"3,0799";"3,0711";"3,0732";"3,07727504";"3,09243107"
"";"30.10.2025 19:42:00";"NO SIGNAL";"3,0733";"3,0755";"3,0661";"3,0741";"3,07472491";"3,09049273"
"";"30.10.2025 19:43:00";"NO SIGNAL";"3,0741";"3,0869";"3,0718";"3,0860";"3,07684994";"3,08871555"
"";"30.10.2025 19:44:00";"NO SIGNAL";"3,0858";"3,0858";"3,0760";"3,0814";"3,07867503";"3,0868845"
"";"30.10.2025 19:45:00";"NO SIGNAL";"3,0820";"3,0831";"3,0739";"3,0749";"3,07910013";"3,08465385"
"";"30.10.2025 19:46:00";"NO SIGNAL";"3,0748";"3,0802";"3,0699";"3,0759";"3,07954979";"3,08244634"
"";"30.10.2025 19:47:00";"NO SIGNAL";"3,0749";"3,0769";"3,0689";"3,0689";"3,07527494";"3,08020782"
"";"30.10.2025 19:48:00";"NO SIGNAL";"3,0692";"3,0749";"3,0692";"3,0733";"3,07324982";"3,0785234"
"";"30.10.2025 19:49:00";"NO SIGNAL";"3,0734";"3,0795";"3,0727";"3,0788";"3,07422495";"3,07769251"
"442";"30.10.2025 19:50:00";"BUY";"3,0788";"3,0948";"3,0753";"3,0938";"3,07869983";"3,07816935"
"";"30.10.2025 19:51:00";"NO SIGNAL";"3,0937";"3,0969";"3,0869";"3,0902";"3,08402491";"3,07862306"
"";"30.10.2025 19:52:00";"NO SIGNAL";"3,0904";"3,0989";"3,0904";"3,0953";"3,08952522";"3,07999253"
"";"30.10.2025 19:53:00";"NO SIGNAL";"3,0955";"3,0975";"3,0924";"3,0929";"3,09305";"3,08143854"
"";"30.10.2025 19:54:00";"NO SIGNAL";"3,0929";"3,0980";"3,0909";"3,0909";"3,09232473";"3,08279991"
"";"30.10.2025 19:55:00";"NO SIGNAL";"3,0909";"3,0911";"3,0813";"3,0828";"3,09047484";"3,08346915"
"";"30.10.2025 19:56:00";"NO SIGNAL";"3,0832";"3,0849";"3,0741";"3,0768";"3,08585";"3,082762"
"443";"30.10.2025 19:57:00";"SELL";"3,0769";"3,0822";"3,0755";"3,0765";"3,08174992";"3,08238506"
"";"30.10.2025 19:58:00";"NO SIGNAL";"3,0766";"3,0827";"3,0754";"3,0773";"3,07835007";"3,0825696"
"";"30.10.2025 19:59:00";"NO SIGNAL";"3,0774";"3,0788";"3,0664";"3,0742";"3,07620001";"3,08243871"
"";"30.10.2025 20:00:00";"NO SIGNAL";"3,0746";"3,0778";"3,0624";"3,0701";"3,07452488";"3,08253074"
"";"30.10.2025 20:01:00";"NO SIGNAL";"3,0702";"3,0856";"3,0702";"3,0755";"3,07427502";"3,08270001"
"";"30.10.2025 20:02:00";"NO SIGNAL";"3,0750";"3,0821";"3,0732";"3,0786";"3,07459998";"3,08268452"
"";"30.10.2025 20:03:00";"NO SIGNAL";"3,0790";"3,0804";"3,0739";"3,0790";"3,07579994";"3,08154607"
"";"30.10.2025 20:04:00";"NO SIGNAL";"3,0792";"3,0803";"3,0699";"3,0795";"3,0781498";"3,08072281"
"444";"30.10.2025 20:05:00";"BUY";"3,0793";"3,0902";"3,0767";"3,0881";"3,08129978";"3,0801692"
"";"30.10.2025 20:06:00";"NO SIGNAL";"3,0881";"3,0907";"3,0851";"3,0886";"3,08379984";"3,07983851"
"";"30.10.2025 20:07:00";"NO SIGNAL";"3,0888";"3,0961";"3,0888";"3,0906";"3,08669996";"3,07981586"
"";"30.10.2025 20:08:00";"NO SIGNAL";"3,0913";"3,0926";"3,0878";"3,0878";"3,08877516";"3,0802002"
"";"30.10.2025 20:09:00";"NO SIGNAL";"3,0877";"3,0938";"3,0836";"3,0931";"3,09002495";"3,08145428"
"";"30.10.2025 20:10:00";"NO SIGNAL";"3,0931";"3,1056";"3,0931";"3,1053";"3,0941999";"3,08366942"
"";"30.10.2025 20:11:00";"NO SIGNAL";"3,1054";"3,1088";"3,0956";"3,0963";"3,09562516";"3,08513093"
"";"30.10.2025 20:12:00";"NO SIGNAL";"3,0965";"3,0981";"3,0931";"3,0947";"3,09735012";"3,08670783"
"";"30.10.2025 20:13:00";"NO SIGNAL";"3,0947";"3,0955";"3,0900";"3,0922";"3,09712505";"3,08840775"
"";"30.10.2025 20:14:00";"NO SIGNAL";"3,0923";"3,0971";"3,0903";"3,0970";"3,0950501";"3,09006166"
"";"30.10.2025 20:15:00";"NO SIGNAL";"3,0970";"3,1054";"3,0960";"3,1036";"3,09687495";"3,09198451"
"";"30.10.2025 20:16:00";"NO SIGNAL";"3,1035";"3,1096";"3,1034";"3,1085";"3,10032511";"3,09425402"
"";"30.10.2025 20:17:00";"NO SIGNAL";"3,1084";"3,1124";"3,1059";"3,1098";"3,10472488";"3,0965848"
"";"30.10.2025 20:18:00";"NO SIGNAL";"3,1096";"3,1104";"3,1074";"3,1086";"3,10762501";"3,0981617"
"";"30.10.2025 20:19:00";"NO SIGNAL";"3,1085";"3,1085";"3,0961";"3,0970";"3,10597515";"3,09880781"
"";"30.10.2025 20:20:00";"NO SIGNAL";"3,0968";"3,0984";"3,0942";"3,0966";"3,10299993";"3,09926939"
"";"30.10.2025 20:21:00";"NO SIGNAL";"3,0966";"3,1047";"3,0950";"3,1010";"3,10080004";"3,10028458"
"445";"30.10.2025 20:22:00";"SELL";"3,1012";"3,1036";"3,0976";"3,1030";"3,09940004";"3,10104609"
"446";"30.10.2025 20:23:00";"BUY";"3,1029";"3,1059";"3,1008";"3,1029";"3,1008749";"3,10086155"
"";"30.10.2025 20:24:00";"NO SIGNAL";"3,1029";"3,1071";"3,1017";"3,1028";"3,10242486";"3,10136151"
"";"30.10.2025 20:25:00";"NO SIGNAL";"3,1027";"3,1034";"3,0978";"3,1009";"3,10240006";"3,10183883"
"447";"30.10.2025 20:26:00";"SELL";"3,1008";"3,1055";"3,0992";"3,1037";"3,10257483";"3,10272312"
"448";"30.10.2025 20:27:00";"BUY";"3,1036";"3,1067";"3,1024";"3,1065";"3,10347509";"3,10345411"
"";"30.10.2025 20:28:00";"NO SIGNAL";"3,1065";"3,1080";"3,1028";"3,1072";"3,10457492";"3,10373092"
"";"30.10.2025 20:29:00";"NO SIGNAL";"3,1073";"3,1074";"3,1025";"3,1042";"3,10539985";"3,10339975"
"449";"30.10.2025 20:30:00";"SELL";"3,1043";"3,1053";"3,0851";"3,0868";"3,10117483";"3,10163093"
"";"30.10.2025 20:31:00";"NO SIGNAL";"3,0866";"3,0954";"3,0818";"3,0942";"3,09809995";"3,10052323"
"";"30.10.2025 20:32:00";"NO SIGNAL";"3,0945";"3,0996";"3,0918";"3,0973";"3,09562492";"3,10054636"
"";"30.10.2025 20:33:00";"NO SIGNAL";"3,0974";"3,1071";"3,0931";"3,1039";"3,09555006";"3,10110831"
"";"30.10.2025 20:34:00";"NO SIGNAL";"3,1038";"3,1075";"3,1012";"3,1051";"3,10012484";"3,1014235"
"450";"30.10.2025 20:35:00";"BUY";"3,1049";"3,1085";"3,1014";"3,1078";"3,10352516";"3,10179257"
"";"30.10.2025 20:36:00";"NO SIGNAL";"3,1078";"3,1141";"3,1059";"3,1067";"3,10587502";"3,10208464"
"";"30.10.2025 20:37:00";"NO SIGNAL";"3,1075";"3,1121";"3,1047";"3,1105";"3,10752511";"3,10267687"
"";"30.10.2025 20:38:00";"NO SIGNAL";"3,1104";"3,1163";"3,1095";"3,1135";"3,10962486";"3,10364604"
"";"30.10.2025 20:39:00";"NO SIGNAL";"3,1133";"3,1154";"3,1057";"3,1071";"3,1094501";"3,10390782"
"";"30.10.2025 20:40:00";"NO SIGNAL";"3,1071";"3,1125";"3,1056";"3,1068";"3,10947514";"3,10393095"
"";"30.10.2025 20:41:00";"NO SIGNAL";"3,1066";"3,1066";"3,0978";"3,0978";"3,10630035";"3,10320759"
"";"30.10.2025 20:42:00";"NO SIGNAL";"3,0978";"3,1039";"3,0976";"3,1038";"3,10387516";"3,10317707"
"451";"30.10.2025 20:43:00";"SELL";"3,1038";"3,1070";"3,1032";"3,1050";"3,10335016";"3,10457706"
"";"30.10.2025 20:44:00";"NO SIGNAL";"3,1050";"3,1123";"3,1044";"3,1067";"3,10332513";"3,10553861"
"";"30.10.2025 20:45:00";"NO SIGNAL";"3,1066";"3,1071";"3,1015";"3,1060";"3,10537481";"3,10620785"
"";"30.10.2025 20:46:00";"NO SIGNAL";"3,1062";"3,1082";"3,1042";"3,1066";"3,10607481";"3,10641527"
"452";"30.10.2025 20:47:00";"BUY";"3,1066";"3,1091";"3,1066";"3,1086";"3,10697484";"3,10668468"
"";"30.10.2025 20:48:00";"NO SIGNAL";"3,1086";"3,1130";"3,1086";"3,1117";"3,10822487";"3,10698485"
"";"30.10.2025 20:49:00";"NO SIGNAL";"3,1116";"3,1139";"3,1089";"3,1110";"3,1094749";"3,10731554"
"";"30.10.2025 20:50:00";"NO SIGNAL";"3,1110";"3,1177";"3,1098";"3,1156";"3,11172509";"3,10770774"
"";"30.10.2025 20:51:00";"NO SIGNAL";"3,1155";"3,1243";"3,1148";"3,1243";"3,11565018";"3,10853887"
"";"30.10.2025 20:52:00";"NO SIGNAL";"3,1243";"3,1305";"3,1219";"3,1305";"3,12034988";"3,11033869"
"";"30.10.2025 20:53:00";"NO SIGNAL";"3,1305";"3,1357";"3,1301";"3,1301";"3,12512493";"3,11213112"
"";"30.10.2025 20:54:00";"NO SIGNAL";"3,1300";"3,1300";"3,1228";"3,1229";"3,12695003";"3,11406183"
"";"30.10.2025 20:55:00";"NO SIGNAL";"3,1229";"3,1253";"3,1212";"3,1249";"3,12709999";"3,11568499"
"";"30.10.2025 20:56:00";"NO SIGNAL";"3,1248";"3,1293";"3,1243";"3,1267";"3,12615013";"3,11735392"
"";"30.10.2025 20:57:00";"NO SIGNAL";"3,1267";"3,1291";"3,1261";"3,1271";"3,12540007";"3,11892319"
"";"30.10.2025 20:58:00";"NO SIGNAL";"3,1272";"3,1319";"3,1268";"3,1290";"3,12692475";"3,12069249"
"";"30.10.2025 20:59:00";"NO SIGNAL";"3,1289";"3,1336";"3,1283";"3,1322";"3,12874985";"3,12266159"
"";"30.10.2025 21:00:00";"NO SIGNAL";"3,1323";"3,1334";"3,1302";"3,1331";"3,13034987";"3,12454653"
"";"30.10.2025 21:01:00";"NO SIGNAL";"3,1332";"3,1338";"3,1297";"3,1308";"3,13127494";"3,12601566"
"";"30.10.2025 21:02:00";"NO SIGNAL";"3,1307";"3,1350";"3,1286";"3,1346";"3,13267517";"3,12783122"
"";"30.10.2025 21:03:00";"NO SIGNAL";"3,1345";"3,1348";"3,1306";"3,1331";"3,13290024";"3,12917686"
"";"30.10.2025 21:04:00";"NO SIGNAL";"3,1331";"3,1370";"3,1315";"3,1341";"3,1331501";"3,12993097"
"";"30.10.2025 21:05:00";"NO SIGNAL";"3,1341";"3,1362";"3,1300";"3,1300";"3,13294983";"3,12989259"
"";"30.10.2025 21:06:00";"NO SIGNAL";"3,1300";"3,1312";"3,1291";"3,1305";"3,13192511";"3,12992334"
"";"30.10.2025 21:07:00";"NO SIGNAL";"3,1304";"3,1386";"3,1299";"3,1368";"3,13285017";"3,13099265"
"";"30.10.2025 21:08:00";"NO SIGNAL";"3,1372";"3,1426";"3,1372";"3,1410";"3,13457513";"3,132231"
"";"30.10.2025 21:09:00";"NO SIGNAL";"3,1409";"3,1486";"3,1404";"3,1486";"3,13922501";"3,13391542"
"";"30.10.2025 21:10:00";"NO SIGNAL";"3,1487";"3,1516";"3,1434";"3,1434";"3,14244986";"3,13516927"
"";"30.10.2025 21:11:00";"NO SIGNAL";"3,1432";"3,1471";"3,1430";"3,1458";"3,14469981";"3,1364615"
"";"30.10.2025 21:12:00";"NO SIGNAL";"3,1458";"3,1458";"3,1428";"3,1437";"3,14537525";"3,13734627"
"";"30.10.2025 21:13:00";"NO SIGNAL";"3,1432";"3,1446";"3,1415";"3,1441";"3,14424992";"3,13819242"
"";"30.10.2025 21:14:00";"NO SIGNAL";"3,1441";"3,1455";"3,1361";"3,1361";"3,14242506";"3,13860035"
"";"30.10.2025 21:15:00";"NO SIGNAL";"3,1361";"3,1400";"3,1338";"3,1345";"3,13960004";"3,13859248"
"453";"30.10.2025 21:16:00";"SELL";"3,1345";"3,1345";"3,1230";"3,1265";"3,13529992";"3,13808513"
"";"30.10.2025 21:17:00";"NO SIGNAL";"3,1265";"3,1307";"3,1251";"3,1302";"3,13182473";"3,13778496"
"";"30.10.2025 21:18:00";"NO SIGNAL";"3,1305";"3,1333";"3,1295";"3,1333";"3,13112497";"3,1380384"
"";"30.10.2025 21:19:00";"NO SIGNAL";"3,1332";"3,1354";"3,1316";"3,1354";"3,13135004";"3,13841558"
"";"30.10.2025 21:20:00";"NO SIGNAL";"3,1353";"3,1417";"3,1346";"3,1402";"3,13477516";"3,13867688"
"";"30.10.2025 21:21:00";"NO SIGNAL";"3,1406";"3,1419";"3,1346";"3,1357";"3,13614988";"3,13826942"
"";"30.10.2025 21:22:00";"NO SIGNAL";"3,1356";"3,1387";"3,1351";"3,1377";"3,13724995";"3,13743114"
"454";"30.10.2025 21:23:00";"BUY";"3,1376";"3,1381";"3,1350";"3,1354";"3,13724995";"3,13681531"
"";"30.10.2025 21:24:00";"NO SIGNAL";"3,1352";"3,1388";"3,1342";"3,1379";"3,13667512";"3,13620758"
"";"30.10.2025 21:25:00";"NO SIGNAL";"3,1378";"3,1423";"3,1376";"3,1388";"3,13744998";"3,13583088"
"";"30.10.2025 21:26:00";"NO SIGNAL";"3,1386";"3,1406";"3,1368";"3,1375";"3,13739991";"3,13532329"
"";"30.10.2025 21:27:00";"NO SIGNAL";"3,1372";"3,1377";"3,1355";"3,1369";"3,13777494";"3,13538456"
"";"30.10.2025 21:28:00";"NO SIGNAL";"3,1368";"3,1395";"3,1355";"3,1373";"3,13762498";"3,13560033"
"";"30.10.2025 21:29:00";"NO SIGNAL";"3,1374";"3,1394";"3,1374";"3,1394";"3,13777494";"3,13659239"
"";"30.10.2025 21:30:00";"NO SIGNAL";"3,1395";"3,1404";"3,1346";"3,1351";"3,13717508";"3,13696957"
"455";"30.10.2025 21:31:00";"SELL";"3,1351";"3,1391";"3,1344";"3,1345";"3,13657522";"3,13706183"
"";"30.10.2025 21:32:00";"NO SIGNAL";"3,1345";"3,1345";"3,1298";"3,1326";"3,1354003";"3,13684654"
"";"30.10.2025 21:33:00";"NO SIGNAL";"3,1324";"3,1377";"3,1323";"3,1376";"3,13494968";"3,13664603"
"";"30.10.2025 21:34:00";"NO SIGNAL";"3,1377";"3,1394";"3,1371";"3,1388";"3,13587475";"3,13688469"
"";"30.10.2025 21:35:00";"NO SIGNAL";"3,1387";"3,1396";"3,1364";"3,1364";"3,13634992";"3,13678479"
"456";"30.10.2025 21:36:00";"BUY";"3,1365";"3,1411";"3,1355";"3,1411";"3,13847494";"3,13722324"
"";"30.10.2025 21:37:00";"NO SIGNAL";"3,1410";"3,1410";"3,1378";"3,1378";"3,13852501";"3,13721561"
"";"30.10.2025 21:38:00";"NO SIGNAL";"3,1379";"3,1380";"3,1342";"3,1347";"3,13750005";"3,13690042"
"";"30.10.2025 21:39:00";"NO SIGNAL";"3,1346";"3,1350";"3,1339";"3,1350";"3,13715005";"3,13670778"
"";"30.10.2025 21:40:00";"NO SIGNAL";"3,1351";"3,1425";"3,1351";"3,1425";"3,13750005";"3,13713837"
"";"30.10.2025 21:41:00";"NO SIGNAL";"3,1425";"3,1477";"3,1412";"3,1477";"3,13997507";"3,13793874"
"";"30.10.2025 21:42:00";"NO SIGNAL";"3,1477";"3,1489";"3,1458";"3,1462";"3,14284992";"3,13846159"
"";"30.10.2025 21:43:00";"NO SIGNAL";"3,1462";"3,1464";"3,1436";"3,1436";"3,14499998";"3,13911533"
"";"30.10.2025 21:44:00";"NO SIGNAL";"3,1435";"3,1436";"3,1404";"3,1404";"3,14447498";"3,13956928"
"";"30.10.2025 21:45:00";"NO SIGNAL";"3,1404";"3,1432";"3,1389";"3,1431";"3,14332485";"3,14037704"
"";"30.10.2025 21:46:00";"NO SIGNAL";"3,1432";"3,1456";"3,1423";"3,1429";"3,14249992";"3,14078474"
"";"30.10.2025 21:47:00";"NO SIGNAL";"3,1432";"3,1448";"3,1427";"3,1447";"3,14277506";"3,14123845"
"";"30.10.2025 21:48:00";"NO SIGNAL";"3,1448";"3,1448";"3,1421";"3,1429";"3,14339995";"3,14173841"
"";"30.10.2025 21:49:00";"NO SIGNAL";"3,1429";"3,1453";"3,1429";"3,1450";"3,14387512";"3,14203858"
"";"30.10.2025 21:50:00";"NO SIGNAL";"3,1450";"3,1530";"3,1449";"3,1526";"3,14630008";"3,14317679"
"";"30.10.2025 21:51:00";"NO SIGNAL";"3,1526";"3,1530";"3,1507";"3,1522";"3,14817524";"3,14452338"
"";"30.10.2025 21:52:00";"NO SIGNAL";"3,1522";"3,1531";"3,1515";"3,1529";"3,15067482";"3,14590049"
"";"30.10.2025 21:53:00";"NO SIGNAL";"3,1531";"3,1578";"3,1530";"3,1575";"3,15380001";"3,14705396"
"";"30.10.2025 21:54:00";"NO SIGNAL";"3,1575";"3,1577";"3,1545";"3,1553";"3,15447497";"3,14763856"
"";"30.10.2025 21:55:00";"NO SIGNAL";"3,1552";"3,1552";"3,1525";"3,1531";"3,15470004";"3,14816952"
"";"30.10.2025 21:56:00";"NO SIGNAL";"3,1532";"3,1540";"3,1505";"3,1505";"3,15410018";"3,14870024"
"";"30.10.2025 21:57:00";"NO SIGNAL";"3,1505";"3,1505";"3,1488";"3,1488";"3,15192509";"3,14934635"
"";"30.10.2025 21:58:00";"NO SIGNAL";"3,1487";"3,1487";"3,1450";"3,1481";"3,15012503";"3,14973068"
"457";"30.10.2025 21:59:00";"SELL";"3,1480";"3,1517";"3,1460";"3,1516";"3,14974999";"3,15039992"
"";"30.10.2025 22:00:00";"NO SIGNAL";"3,1516";"3,1535";"3,1478";"3,1490";"3,14937496";"3,15073085"
"";"30.10.2025 22:01:00";"NO SIGNAL";"3,1491";"3,1528";"3,1491";"3,1505";"3,14979982";"3,15131545"
"";"30.10.2025 22:02:00";"NO SIGNAL";"3,1506";"3,1542";"3,1491";"3,1528";"3,15097499";"3,15191507"
"";"30.10.2025 22:03:00";"NO SIGNAL";"3,1528";"3,1540";"3,1501";"3,1535";"3,15145016";"3,15198469"
"458";"30.10.2025 22:04:00";"BUY";"3,1535";"3,1571";"3,1524";"3,1567";"3,15337491";"3,15233088"
"";"30.10.2025 22:05:00";"NO SIGNAL";"3,1568";"3,1573";"3,1517";"3,1542";"3,15429974";"3,15243077"
"";"30.10.2025 22:06:00";"NO SIGNAL";"3,1542";"3,1584";"3,1539";"3,1565";"3,15522528";"3,15235376"
"";"30.10.2025 22:07:00";"NO SIGNAL";"3,1565";"3,1582";"3,1550";"3,1571";"3,15612507";"3,15249228"
"";"30.10.2025 22:08:00";"NO SIGNAL";"3,1570";"3,1570";"3,1515";"3,1515";"3,15482521";"3,1523695"
"";"30.10.2025 22:09:00";"NO SIGNAL";"3,1514";"3,1531";"3,1511";"3,1511";"3,15404987";"3,15241528"
"459";"30.10.2025 22:10:00";"SELL";"3,1513";"3,1532";"3,1495";"3,1502";"3,15247488";"3,1525228"
"";"30.10.2025 22:11:00";"NO SIGNAL";"3,1502";"3,1505";"3,1478";"3,1478";"3,15014982";"3,15249991"
"";"30.10.2025 22:12:00";"NO SIGNAL";"3,1477";"3,1486";"3,1463";"3,1486";"3,14942503";"3,15226936"
"";"30.10.2025 22:13:00";"NO SIGNAL";"3,1486";"3,1524";"3,1486";"3,1522";"3,14970016";"3,15251589"
"";"30.10.2025 22:14:00";"NO SIGNAL";"3,1521";"3,1539";"3,1510";"3,1514";"3,1500001";"3,15258479"
"";"30.10.2025 22:15:00";"NO SIGNAL";"3,1514";"3,1552";"3,1503";"3,1547";"3,15172482";"3,15273094"
"460";"30.10.2025 22:16:00";"BUY";"3,1547";"3,1556";"3,1528";"3,1528";"3,15277505";"3,15267754"
"";"30.10.2025 22:17:00";"NO SIGNAL";"3,1528";"3,1558";"3,1523";"3,1558";"3,15367508";"3,15260816"
"";"30.10.2025 22:18:00";"NO SIGNAL";"3,1558";"3,1599";"3,1545";"3,1599";"3,1558001";"3,15304661"
"";"30.10.2025 22:19:00";"NO SIGNAL";"3,1599";"3,1650";"3,1599";"3,1647";"3,15829992";"3,15367723"
"";"30.10.2025 22:20:00";"NO SIGNAL";"3,1647";"3,1649";"3,1618";"3,1628";"3,16079998";"3,15411544"
"";"30.10.2025 22:21:00";"NO SIGNAL";"3,1629";"3,1671";"3,1627";"3,1645";"3,16297507";"3,15511537"
"";"30.10.2025 22:22:00";"NO SIGNAL";"3,1645";"3,1678";"3,1641";"3,1643";"3,1640749";"3,15613103"
"";"30.10.2025 22:23:00";"NO SIGNAL";"3,1643";"3,1643";"3,1574";"3,1592";"3,16269994";"3,15682316"
"";"30.10.2025 22:24:00";"NO SIGNAL";"3,1593";"3,1612";"3,1575";"3,1611";"3,16227508";"3,15784645"
"";"30.10.2025 22:25:00";"NO SIGNAL";"3,1610";"3,1610";"3,1594";"3,1595";"3,16102481";"3,15868473"
"";"30.10.2025 22:26:00";"NO SIGNAL";"3,1595";"3,1608";"3,1594";"3,1596";"3,15984988";"3,15925407"
"";"30.10.2025 22:27:00";"NO SIGNAL";"3,1596";"3,1620";"3,1596";"3,1619";"3,16052485";"3,16006184"
"461";"30.10.2025 22:28:00";"SELL";"3,1619";"3,1619";"3,1581";"3,1581";"3,15977502";"3,16032314"
"";"30.10.2025 22:29:00";"NO SIGNAL";"3,1581";"3,1582";"3,1561";"3,1565";"3,15902495";"3,16060805"
"";"30.10.2025 22:30:00";"NO SIGNAL";"3,1565";"3,1576";"3,1561";"3,1568";"3,1583252";"3,16068482"
"";"30.10.2025 22:31:00";"NO SIGNAL";"3,1568";"3,1575";"3,1521";"3,1527";"3,15602493";"3,16013074"
"";"30.10.2025 22:32:00";"NO SIGNAL";"3,1527";"3,1568";"3,1506";"3,1567";"3,15567493";"3,15951538"
"";"30.10.2025 22:33:00";"NO SIGNAL";"3,1567";"3,1579";"3,1546";"3,1557";"3,1554749";"3,15896916"
"";"30.10.2025 22:34:00";"NO SIGNAL";"3,1558";"3,1569";"3,1513";"3,1528";"3,15447521";"3,15806913"
"";"30.10.2025 22:35:00";"NO SIGNAL";"3,1529";"3,1555";"3,1526";"3,1542";"3,15485001";"3,15729213"
"";"30.10.2025 22:36:00";"NO SIGNAL";"3,1541";"3,1592";"3,1537";"3,1588";"3,15537477";"3,15726137"
"";"30.10.2025 22:37:00";"NO SIGNAL";"3,1589";"3,1610";"3,1584";"3,1604";"3,15654993";"3,15720749"
"462";"30.10.2025 22:38:00";"BUY";"3,1606";"3,1620";"3,1594";"3,1603";"3,15842485";"3,15726924"
"";"30.10.2025 22:39:00";"NO SIGNAL";"3,1603";"3,1622";"3,1600";"3,1609";"3,16009998";"3,15736938"
"";"30.10.2025 22:40:00";"NO SIGNAL";"3,1608";"3,1610";"3,1573";"3,1581";"3,15992498";"3,15707731"
"";"30.10.2025 22:41:00";"NO SIGNAL";"3,1580";"3,1592";"3,1572";"3,1587";"3,15950012";"3,15712333"
"";"30.10.2025 22:42:00";"NO SIGNAL";"3,1587";"3,1595";"3,1583";"3,1583";"3,15899992";"3,15726137"
"";"30.10.2025 22:43:00";"NO SIGNAL";"3,1583";"3,1592";"3,1573";"3,1590";"3,15852499";"3,15743065"
"";"30.10.2025 22:44:00";"NO SIGNAL";"3,1589";"3,1601";"3,1578";"3,1578";"3,15844989";"3,15782332"
"";"30.10.2025 22:45:00";"NO SIGNAL";"3,1578";"3,1609";"3,1571";"3,1585";"3,15840006";"3,15796185"
"463";"30.10.2025 22:46:00";"SELL";"3,1585";"3,1593";"3,1567";"3,1567";"3,15799999";"3,15803885"
"";"30.10.2025 22:47:00";"NO SIGNAL";"3,1567";"3,1587";"3,1567";"3,1586";"3,15789986";"3,1584847"
"";"30.10.2025 22:48:00";"NO SIGNAL";"3,1586";"3,1586";"3,1522";"3,1542";"3,15700006";"3,1584847"
"";"30.10.2025 22:49:00";"NO SIGNAL";"3,1542";"3,1565";"3,1542";"3,1555";"3,15625";"3,15823102"
"";"30.10.2025 22:50:00";"NO SIGNAL";"3,1555";"3,1555";"3,1533";"3,1551";"3,15584993";"3,15782356"
"";"30.10.2025 22:51:00";"NO SIGNAL";"3,1551";"3,1580";"3,1539";"3,1572";"3,15549994";"3,15758491"
"";"30.10.2025 22:52:00";"NO SIGNAL";"3,1571";"3,1591";"3,1566";"3,1586";"3,1566";"3,15740776"
"";"30.10.2025 22:53:00";"NO SIGNAL";"3,1587";"3,1606";"3,1586";"3,1586";"3,1573751";"3,15744615"
"464";"30.10.2025 22:54:00";"BUY";"3,1587";"3,1616";"3,1586";"3,1586";"3,15825009";"3,15743852"
"";"30.10.2025 22:55:00";"NO SIGNAL";"3,1586";"3,1607";"3,1586";"3,1603";"3,15902495";"3,1575923"
"";"30.10.2025 22:56:00";"NO SIGNAL";"3,1603";"3,1639";"3,1601";"3,1630";"3,16012502";"3,15790009"
"";"30.10.2025 22:57:00";"NO SIGNAL";"3,1629";"3,1674";"3,1616";"3,1671";"3,16225004";"3,15861559"
"";"30.10.2025 22:58:00";"NO SIGNAL";"3,1671";"3,1686";"3,1649";"3,1670";"3,16435003";"3,15926933"
"";"30.10.2025 22:59:00";"NO SIGNAL";"3,1669";"3,1693";"3,1666";"3,1692";"3,16657495";"3,16023088"
"";"30.10.2025 23:00:00";"NO SIGNAL";"3,1693";"3,1706";"3,1675";"3,1675";"3,16770005";"3,16091537"
"";"30.10.2025 23:01:00";"NO SIGNAL";"3,1675";"3,1675";"3,1640";"3,1640";"3,16692495";"3,16166925"
"";"30.10.2025 23:02:00";"NO SIGNAL";"3,1639";"3,1639";"3,1610";"3,1627";"3,16584992";"3,16222334"
"";"30.10.2025 23:03:00";"NO SIGNAL";"3,1627";"3,1627";"3,1612";"3,1624";"3,16414976";"3,16278458"
"";"30.10.2025 23:04:00";"NO SIGNAL";"3,1625";"3,1658";"3,1624";"3,1650";"3,1635251";"3,16338444"
"";"30.10.2025 23:05:00";"NO SIGNAL";"3,1650";"3,1703";"3,1637";"3,1702";"3,16507506";"3,16427684"
"";"30.10.2025 23:06:00";"NO SIGNAL";"3,1703";"3,1718";"3,1685";"3,1685";"3,16652513";"3,16503859"
"";"30.10.2025 23:07:00";"NO SIGNAL";"3,1686";"3,1687";"3,1613";"3,1614";"3,16627502";"3,16525388"
"";"30.10.2025 23:08:00";"NO SIGNAL";"3,1614";"3,1629";"3,1611";"3,1615";"3,16540003";"3,16534615"
"465";"30.10.2025 23:09:00";"SELL";"3,1614";"3,1622";"3,1602";"3,1602";"3,16289997";"3,16513062"
"";"30.10.2025 23:10:00";"NO SIGNAL";"3,1601";"3,1613";"3,1593";"3,1607";"3,16094995";"3,16463852"
"";"30.10.2025 23:11:00";"NO SIGNAL";"3,1606";"3,1617";"3,1596";"3,1596";"3,16050005";"3,16406965"
"";"30.10.2025 23:12:00";"NO SIGNAL";"3,1596";"3,1596";"3,1571";"3,1573";"3,15945005";"3,16315413"
"";"30.10.2025 23:13:00";"NO SIGNAL";"3,1573";"3,1628";"3,1573";"3,1624";"3,16000009";"3,16276169"
"";"30.10.2025 23:14:00";"NO SIGNAL";"3,1625";"3,1646";"3,1625";"3,1633";"3,16065001";"3,16270781"
"466";"30.10.2025 23:15:00";"BUY";"3,1634";"3,1746";"3,1634";"3,1711";"3,1635251";"3,16335392"
"";"30.10.2025 23:16:00";"NO SIGNAL";"3,1710";"3,1727";"3,1634";"3,1635";"3,16507506";"3,16343856"
"";"30.10.2025 23:17:00";"NO SIGNAL";"3,1634";"3,1646";"3,1630";"3,1642";"3,16552496";"3,16337681"
"";"30.10.2025 23:18:00";"NO SIGNAL";"3,1643";"3,1683";"3,1636";"3,1683";"3,16677499";"3,16323066"
"";"30.10.2025 23:19:00";"NO SIGNAL";"3,1682";"3,1719";"3,1679";"3,1679";"3,16597486";"3,1631844"
"";"30.10.2025 23:20:00";"NO SIGNAL";"3,1680";"3,1719";"3,1680";"3,1695";"3,16747499";"3,16380787"
"";"30.10.2025 23:21:00";"NO SIGNAL";"3,1696";"3,1697";"3,1651";"3,1665";"3,16805005";"3,1641922"
"";"30.10.2025 23:22:00";"NO SIGNAL";"3,1665";"3,1693";"3,1663";"3,1682";"3,16802502";"3,16480803"
"";"30.10.2025 23:23:00";"NO SIGNAL";"3,1683";"3,1737";"3,1678";"3,1737";"3,16947508";"3,16580772"
"";"30.10.2025 23:24:00";"NO SIGNAL";"3,1738";"3,1801";"3,1737";"3,1788";"3,17180014";"3,16728497"
"";"30.10.2025 23:25:00";"NO SIGNAL";"3,1788";"3,1788";"3,1750";"3,1754";"3,17402506";"3,16867685"
"";"30.10.2025 23:26:00";"NO SIGNAL";"3,1756";"3,1775";"3,1740";"3,1775";"3,17635012";"3,16983867"
"";"30.10.2025 23:27:00";"NO SIGNAL";"3,1774";"3,1787";"3,1762";"3,1769";"3,17714977";"3,17088509"
"";"30.10.2025 23:28:00";"NO SIGNAL";"3,1770";"3,1783";"3,1755";"3,1774";"3,17680001";"3,17136955"
"";"30.10.2025 23:29:00";"NO SIGNAL";"3,1773";"3,1824";"3,1773";"3,1819";"3,17842484";"3,17278481"
"";"30.10.2025 23:30:00";"NO SIGNAL";"3,1819";"3,1842";"3,1812";"3,1823";"3,17962503";"3,17417717"
"";"30.10.2025 23:31:00";"NO SIGNAL";"3,1822";"3,1855";"3,1817";"3,1847";"3,1815753";"3,17543864"
"";"30.10.2025 23:32:00";"NO SIGNAL";"3,1848";"3,1867";"3,1839";"3,1858";"3,18367505";"3,17681551"
"";"30.10.2025 23:33:00";"NO SIGNAL";"3,1858";"3,1888";"3,1858";"3,1879";"3,18517494";"3,178231"
"";"30.10.2025 23:34:00";"NO SIGNAL";"3,1878";"3,1892";"3,1828";"3,1881";"3,186625";"3,17989254"
"";"30.10.2025 23:35:00";"NO SIGNAL";"3,1880";"3,1956";"3,1879";"3,1912";"3,18825006";"3,18166161"
"";"30.10.2025 23:36:00";"NO SIGNAL";"3,1912";"3,1936";"3,1907";"3,1924";"3,18989992";"3,18310022"
"";"30.10.2025 23:37:00";"NO SIGNAL";"3,1925";"3,1956";"3,1925";"3,1936";"3,19132495";"3,18423891"
"";"30.10.2025 23:38:00";"NO SIGNAL";"3,1935";"3,1935";"3,1848";"3,1849";"3,19052505";"3,18496943"
"";"30.10.2025 23:39:00";"NO SIGNAL";"3,1850";"3,1875";"3,1847";"3,1874";"3,18957496";"3,18573093"
"";"30.10.2025 23:40:00";"NO SIGNAL";"3,1873";"3,1873";"3,1824";"3,1824";"3,1870749";"3,18615389"
"467";"30.10.2025 23:41:00";"SELL";"3,1823";"3,1823";"3,1797";"3,1813";"3,18400002";"3,18645406"
"";"30.10.2025 23:42:00";"NO SIGNAL";"3,1813";"3,1836";"3,1813";"3,1832";"3,18357491";"3,18655396"
"";"30.10.2025 23:43:00";"NO SIGNAL";"3,1831";"3,1846";"3,1819";"3,1834";"3,18257499";"3,18663859"
"";"30.10.2025 23:44:00";"NO SIGNAL";"3,1833";"3,1840";"3,1824";"3,1830";"3,18272495";"3,1865077"
"";"30.10.2025 23:45:00";"NO SIGNAL";"3,1829";"3,1841";"3,1799";"3,1841";"3,18342495";"3,18637705"
"";"30.10.2025 23:46:00";"NO SIGNAL";"3,1842";"3,1898";"3,1832";"3,1889";"3,18484998";"3,18645406"
"";"30.10.2025 23:47:00";"NO SIGNAL";"3,1890";"3,1923";"3,1869";"3,1905";"3,186625";"3,18663859"
"468";"30.10.2025 23:48:00";"BUY";"3,1906";"3,1985";"3,1906";"3,1978";"3,19032502";"3,18714619"
"";"30.10.2025 23:49:00";"NO SIGNAL";"3,1979";"3,1987";"3,1946";"3,1973";"3,19362497";"3,18752265"
"";"30.10.2025 23:50:00";"NO SIGNAL";"3,1970";"3,1970";"3,1936";"3,1947";"3,19507504";"3,18760777"
"";"30.10.2025 23:51:00";"NO SIGNAL";"3,1948";"3,1987";"3,1948";"3,1974";"3,19679999";"3,18856931"
"";"30.10.2025 23:52:00";"NO SIGNAL";"3,1974";"3,1998";"3,1963";"3,1976";"3,19674993";"3,1893537"
"";"30.10.2025 23:53:00";"NO SIGNAL";"3,1976";"3,2009";"3,1976";"3,2005";"3,19755006";"3,19074631"
"";"30.10.2025 23:54:00";"NO SIGNAL";"3,2005";"3,2017";"3,1995";"3,2016";"3,19927502";"3,19230771"
"";"30.10.2025 23:55:00";"NO SIGNAL";"3,2016";"3,2048";"3,2016";"3,2045";"3,2010498";"3,19394612"
"";"30.10.2025 23:56:00";"NO SIGNAL";"3,2045";"3,2048";"3,2018";"3,2018";"3,20210028";"3,19536161"
"";"30.10.2025 23:57:00";"NO SIGNAL";"3,2018";"3,2026";"3,1997";"3,2002";"3,20202518";"3,19668484"
"";"30.10.2025 23:58:00";"NO SIGNAL";"3,2003";"3,2048";"3,2003";"3,2012";"3,20192504";"3,19800019"
"";"30.10.2025 23:59:00";"NO SIGNAL";"3,2012";"3,2016";"3,1992";"3,2001";"3,20082498";"3,19886136"
"469";"31.10.2025 00:00:00";"SELL";"3,2001";"3,2006";"3,1937";"3,1946";"3,19902492";"3,19917679"
"";"31.10.2025 00:01:00";"NO SIGNAL";"3,1946";"3,2014";"3,1946";"3,1958";"3,19792509";"3,19902325"
"";"31.10.2025 00:02:00";"NO SIGNAL";"3,1959";"3,1962";"3,1931";"3,1950";"3,19637489";"3,1988461"
"";"31.10.2025 00:03:00";"NO SIGNAL";"3,1951";"3,1995";"3,1926";"3,1926";"3,19449997";"3,19868469"
"";"31.10.2025 00:04:00";"NO SIGNAL";"3,1927";"3,1987";"3,1927";"3,1937";"3,1942749";"3,19840026"
"";"31.10.2025 00:05:00";"NO SIGNAL";"3,1936";"3,1951";"3,1917";"3,1947";"3,19400001";"3,1981771"
"";"31.10.2025 00:06:00";"NO SIGNAL";"3,1948";"3,1962";"3,1937";"3,1954";"3,19410014";"3,1977849"
"";"31.10.2025 00:07:00";"NO SIGNAL";"3,1955";"3,1969";"3,1946";"3,1950";"3,1947";"3,19727707"
"";"31.10.2025 00:08:00";"NO SIGNAL";"3,1949";"3,1990";"3,1942";"3,1989";"3,1960001";"3,19684601"
"470";"31.10.2025 00:09:00";"BUY";"3,1989";"3,2001";"3,1974";"3,2000";"3,19732499";"3,19670773"
"";"31.10.2025 00:10:00";"NO SIGNAL";"3,2001";"3,2016";"3,1998";"3,2000";"3,19847488";"3,19669247"
"";"31.10.2025 00:11:00";"NO SIGNAL";"3,1999";"3,2022";"3,1987";"3,1996";"3,19962502";"3,19656944"
"";"31.10.2025 00:12:00";"NO SIGNAL";"3,1994";"3,2000";"3,1972";"3,1990";"3,19964981";"3,1964848"
"";"31.10.2025 00:13:00";"NO SIGNAL";"3,1990";"3,1994";"3,1966";"3,1988";"3,19934988";"3,19680762"
"";"31.10.2025 00:14:00";"NO SIGNAL";"3,1989";"3,2031";"3,1988";"3,2015";"3,19972515";"3,19724631"
"";"31.10.2025 00:15:00";"NO SIGNAL";"3,2015";"3,2019";"3,1929";"3,1929";"3,19805002";"3,19708467"
"471";"31.10.2025 00:16:00";"SELL";"3,1928";"3,1963";"3,1920";"3,1944";"3,19690013";"3,19722319"
"";"31.10.2025 00:17:00";"NO SIGNAL";"3,1942";"3,1961";"3,1932";"3,1941";"3,19572496";"3,19725394"
"";"31.10.2025 00:18:00";"NO SIGNAL";"3,1942";"3,1968";"3,1936";"3,1964";"3,1944499";"3,19738483"
"";"31.10.2025 00:19:00";"NO SIGNAL";"3,1965";"3,1970";"3,1922";"3,1922";"3,1942749";"3,19713831"
"";"31.10.2025 00:20:00";"NO SIGNAL";"3,1921";"3,1936";"3,1906";"3,1909";"3,19339991";"3,19682288"
"";"31.10.2025 00:21:00";"NO SIGNAL";"3,1909";"3,1909";"3,1884";"3,1896";"3,19227481";"3,19610786"
"";"31.10.2025 00:22:00";"NO SIGNAL";"3,1896";"3,1896";"3,1859";"3,1872";"3,18997502";"3,19512343"
"";"31.10.2025 00:23:00";"NO SIGNAL";"3,1871";"3,1875";"3,1842";"3,1871";"3,18869996";"3,1941309"
"";"31.10.2025 00:24:00";"NO SIGNAL";"3,1871";"3,1889";"3,1859";"3,1862";"3,1875248";"3,19309998"
"";"31.10.2025 00:25:00";"NO SIGNAL";"3,1863";"3,1863";"3,1828";"3,1829";"3,18585014";"3,19186187"
"";"31.10.2025 00:26:00";"NO SIGNAL";"3,1829";"3,1850";"3,1822";"3,1824";"3,18464994";"3,1906004"
"";"31.10.2025 00:27:00";"NO SIGNAL";"3,1824";"3,1848";"3,1820";"3,1848";"3,18407512";"3,1893158"
"";"31.10.2025 00:28:00";"NO SIGNAL";"3,1848";"3,1875";"3,1843";"3,1873";"3,18435001";"3,18888474"
"";"31.10.2025 00:29:00";"NO SIGNAL";"3,1874";"3,1935";"3,1874";"3,1934";"3,186975";"3,18880773"
"472";"31.10.2025 00:30:00";"BUY";"3,1934";"3,1946";"3,1925";"3,1931";"3,18965006";"3,18873072"
"";"31.10.2025 00:31:00";"NO SIGNAL";"3,1931";"3,1980";"3,1930";"3,1978";"3,1928997";"3,18883848"
"";"31.10.2025 00:32:00";"NO SIGNAL";"3,1979";"3,2001";"3,1979";"3,1990";"3,1958251";"3,18936133"
"";"31.10.2025 00:33:00";"NO SIGNAL";"3,1991";"3,1994";"3,1979";"3,1980";"3,19697499";"3,18990755"
"";"31.10.2025 00:34:00";"NO SIGNAL";"3,1980";"3,1981";"3,1963";"3,1963";"3,19777489";"3,19042277"
"";"31.10.2025 00:35:00";"NO SIGNAL";"3,1963";"3,1967";"3,1950";"3,1954";"3,19717503";"3,19105363"
"";"31.10.2025 00:36:00";"NO SIGNAL";"3,1955";"3,1995";"3,1955";"3,1980";"3,19692516";"3,19189239"
"";"31.10.2025 00:37:00";"NO SIGNAL";"3,1981";"3,2001";"3,1981";"3,2000";"3,19742489";"3,19295359"
"";"31.10.2025 00:38:00";"NO SIGNAL";"3,2000";"3,2004";"3,1983";"3,1990";"3,19810009";"3,19419217"
"";"31.10.2025 00:39:00";"NO SIGNAL";"3,1991";"3,2004";"3,1984";"3,1999";"3,19922495";"3,19553852"
"";"31.10.2025 00:40:00";"NO SIGNAL";"3,1999";"3,2039";"3,1999";"3,2039";"3,20070004";"3,19700813"
"";"31.10.2025 00:41:00";"NO SIGNAL";"3,2039";"3,2068";"3,2039";"3,2053";"3,20202494";"3,19839263"
"";"31.10.2025 00:42:00";"NO SIGNAL";"3,2054";"3,2058";"3,2045";"3,2050";"3,20352507";"3,19928479"
"";"31.10.2025 00:43:00";"NO SIGNAL";"3,2049";"3,2070";"3,2045";"3,2070";"3,20530009";"3,2003541"
"";"31.10.2025 00:44:00";"NO SIGNAL";"3,2070";"3,2081";"3,2055";"3,2061";"3,20585012";"3,20099282"
"";"31.10.2025 00:45:00";"NO SIGNAL";"3,2062";"3,2107";"3,2062";"3,2107";"3,20720005";"3,20189214"
"";"31.10.2025 00:46:00";"NO SIGNAL";"3,2106";"3,2106";"3,2058";"3,2069";"3,20767474";"3,20257688"
"";"31.10.2025 00:47:00";"NO SIGNAL";"3,2069";"3,2070";"3,2007";"3,2013";"3,20625019";"3,20296168"
"";"31.10.2025 00:48:00";"NO SIGNAL";"3,2014";"3,2051";"3,2011";"3,2028";"3,20542502";"3,20353127"
"";"31.10.2025 00:49:00";"NO SIGNAL";"3,2030";"3,2084";"3,2030";"3,2074";"3,20459986";"3,20425439"
"473";"31.10.2025 00:50:00";"SELL";"3,2075";"3,2091";"3,2066";"3,2073";"3,20469999";"3,20481586"
"474";"31.10.2025 00:51:00";"BUY";"3,2074";"3,2097";"3,2068";"3,2097";"3,20679998";"3,20563865"
"";"31.10.2025 00:52:00";"NO SIGNAL";"3,2096";"3,2206";"3,2094";"3,2195";"3,21097517";"3,20714617"
"";"31.10.2025 00:53:00";"NO SIGNAL";"3,2195";"3,2224";"3,2168";"3,2207";"3,21430016";"3,20843863"
"";"31.10.2025 00:54:00";"NO SIGNAL";"3,2206";"3,2206";"3,2171";"3,2184";"3,21707487";"3,20944643"
"";"31.10.2025 00:55:00";"NO SIGNAL";"3,2183";"3,2183";"3,2104";"3,2104";"3,21724987";"3,20986199"
"";"31.10.2025 00:56:00";"NO SIGNAL";"3,2106";"3,2120";"3,2071";"3,2117";"3,21530008";"3,21022344"
"";"31.10.2025 00:57:00";"NO SIGNAL";"3,2117";"3,2161";"3,2116";"3,2136";"3,21352506";"3,21080041"
"";"31.10.2025 00:58:00";"NO SIGNAL";"3,2136";"3,2145";"3,2079";"3,2083";"3,21099997";"3,21061563"
"475";"31.10.2025 00:59:00";"SELL";"3,2082";"3,2110";"3,2062";"3,2085";"3,21052504";"3,21073866"
"";"31.10.2025 01:00:00";"NO SIGNAL";"3,2086";"3,2088";"3,2040";"3,2072";"3,20940018";"3,21119237"
"";"31.10.2025 01:01:00";"NO SIGNAL";"3,2073";"3,2080";"3,2048";"3,2069";"3,20772505";"3,21150804"
"";"31.10.2025 01:02:00";"NO SIGNAL";"3,2070";"3,2081";"3,2063";"3,2070";"3,20739985";"3,21147704"
"";"31.10.2025 01:03:00";"NO SIGNAL";"3,2070";"3,2142";"3,2066";"3,2142";"3,20882487";"3,212008"
"";"31.10.2025 01:04:00";"NO SIGNAL";"3,2142";"3,2196";"3,2142";"3,2186";"3,21167493";"3,2126925"
"476";"31.10.2025 01:05:00";"BUY";"3,2186";"3,2225";"3,2185";"3,2215";"3,21532488";"3,2128458"
"";"31.10.2025 01:06:00";"NO SIGNAL";"3,2215";"3,2283";"3,2215";"3,2283";"3,22064996";"3,21343064"
"";"31.10.2025 01:07:00";"NO SIGNAL";"3,2284";"3,2343";"3,2275";"3,2343";"3,22567487";"3,21465397"
"";"31.10.2025 01:08:00";"NO SIGNAL";"3,2343";"3,2353";"3,2313";"3,2339";"3,22949982";"3,2164619"
"";"31.10.2025 01:09:00";"NO SIGNAL";"3,2340";"3,2374";"3,2340";"3,2359";"3,23309994";"3,21832347"
"";"31.10.2025 01:10:00";"NO SIGNAL";"3,2359";"3,2417";"3,2359";"3,2406";"3,23617482";"3,22040033"
"";"31.10.2025 01:11:00";"NO SIGNAL";"3,2407";"3,2428";"3,2337";"3,2361";"3,23662496";"3,22253871"
"";"31.10.2025 01:12:00";"NO SIGNAL";"3,2365";"3,2430";"3,2359";"3,2377";"3,23757482";"3,22478509"
"";"31.10.2025 01:13:00";"NO SIGNAL";"3,2385";"3,2386";"3,2342";"3,2342";"3,23715019";"3,22686195"
"";"31.10.2025 01:14:00";"NO SIGNAL";"3,2343";"3,2387";"3,2343";"3,2369";"3,23622489";"3,22916913"
"";"31.10.2025 01:15:00";"NO SIGNAL";"3,2370";"3,2398";"3,2348";"3,2377";"3,23662472";"3,2315309"
"";"31.10.2025 01:16:00";"NO SIGNAL";"3,2377";"3,2400";"3,2349";"3,2371";"3,23647499";"3,23329234"
"";"31.10.2025 01:17:00";"NO SIGNAL";"3,2371";"3,2381";"3,2338";"3,2349";"3,23664999";"3,23454618"
"";"31.10.2025 01:18:00";"NO SIGNAL";"3,2350";"3,2363";"3,2325";"3,2348";"3,23612499";"3,23556948"
"477";"31.10.2025 01:19:00";"SELL";"3,2348";"3,2387";"3,2332";"3,2376";"3,23609996";"3,23628473"
"478";"31.10.2025 01:20:00";"BUY";"3,2375";"3,2417";"3,2370";"3,2400";"3,23682499";"3,23672318"
"";"31.10.2025 01:21:00";"NO SIGNAL";"3,2400";"3,2401";"3,2351";"3,2385";"3,23772526";"3,237077"
"";"31.10.2025 01:22:00";"NO SIGNAL";"3,2385";"3,2389";"3,2360";"3,2361";"3,23804998";"3,23709273"
"";"31.10.2025 01:23:00";"NO SIGNAL";"3,2360";"3,2378";"3,2342";"3,2373";"3,23797512";"3,23683858"
"479";"31.10.2025 01:24:00";"SELL";"3,2373";"3,2374";"3,2325";"3,2330";"3,23622513";"3,23660016"
"";"31.10.2025 01:25:00";"NO SIGNAL";"3,2330";"3,2362";"3,2329";"3,2354";"3,23545003";"3,23642325"
"";"31.10.2025 01:26:00";"NO SIGNAL";"3,2355";"3,2366";"3,2355";"3,2363";"3,23549986";"3,23658466"
"";"31.10.2025 01:27:00";"NO SIGNAL";"3,2363";"3,2390";"3,2360";"3,2375";"3,23554993";"3,23663116"
"";"31.10.2025 01:28:00";"NO SIGNAL";"3,2376";"3,2400";"3,2354";"3,2362";"3,23635006";"3,23651528"
"480";"31.10.2025 01:29:00";"BUY";"3,2364";"3,2391";"3,2352";"3,2356";"3,23640013";"3,23639989"
"481";"31.10.2025 01:30:00";"SELL";"3,2357";"3,2363";"3,2307";"3,2327";"3,2355001";"3,23623061"
"";"31.10.2025 01:31:00";"NO SIGNAL";"3,2326";"3,2361";"3,2304";"3,2316";"3,234025";"3,23598433"
"";"31.10.2025 01:32:00";"NO SIGNAL";"3,2315";"3,2321";"3,2291";"3,2301";"3,23250008";"3,23540783"
"";"31.10.2025 01:33:00";"NO SIGNAL";"3,2302";"3,2328";"3,2288";"3,2289";"3,23082495";"3,23455381"
"";"31.10.2025 01:34:00";"NO SIGNAL";"3,2290";"3,2313";"3,2286";"3,2304";"3,23024988";"3,23393083"
"";"31.10.2025 01:35:00";"NO SIGNAL";"3,2304";"3,2342";"3,2303";"3,2336";"3,23074985";"3,2337389"
"";"31.10.2025 01:36:00";"NO SIGNAL";"3,2337";"3,2373";"3,2337";"3,2373";"3,23254991";"3,2337389"
"482";"31.10.2025 01:37:00";"BUY";"3,2373";"3,2383";"3,2364";"3,2364";"3,23442483";"3,23400021"
"";"31.10.2025 01:38:00";"NO SIGNAL";"3,2363";"3,2376";"3,2359";"3,2369";"3,23604989";"3,23411536"
"";"31.10.2025 01:39:00";"NO SIGNAL";"3,2368";"3,2405";"3,2361";"3,2405";"3,23777485";"3,23443842"
"";"31.10.2025 01:40:00";"NO SIGNAL";"3,2405";"3,2414";"3,2368";"3,2368";"3,23764992";"3,23438478"
"";"31.10.2025 01:41:00";"NO SIGNAL";"3,2367";"3,2369";"3,2334";"3,2334";"3,23690009";"3,23416948"
"";"31.10.2025 01:42:00";"NO SIGNAL";"3,2335";"3,2346";"3,2318";"3,2344";"3,2362752";"3,23407722"
"";"31.10.2025 01:43:00";"NO SIGNAL";"3,2343";"3,2380";"3,2342";"3,2349";"3,2348752";"3,23424649"
"483";"31.10.2025 01:44:00";"SELL";"3,2349";"3,2351";"3,2332";"3,2335";"3,23405004";"3,2343924"
"";"31.10.2025 01:45:00";"NO SIGNAL";"3,2336";"3,2355";"3,2336";"3,2346";"3,23434997";"3,23473859"
"";"31.10.2025 01:46:00";"NO SIGNAL";"3,2345";"3,2380";"3,2330";"3,2380";"3,23525";"3,23543859"
"484";"31.10.2025 01:47:00";"BUY";"3,2380";"3,2417";"3,2379";"3,2415";"3,23689985";"3,23629236"
"";"31.10.2025 01:48:00";"NO SIGNAL";"3,2416";"3,2450";"3,2416";"3,2444";"3,23962498";"3,23712325"
"";"31.10.2025 01:49:00";"NO SIGNAL";"3,2444";"3,2463";"3,2444";"3,2458";"3,24242496";"3,23777723"
"";"31.10.2025 01:50:00";"NO SIGNAL";"3,2459";"3,2498";"3,2459";"3,2464";"3,24452496";"3,23854637"
"";"31.10.2025 01:51:00";"NO SIGNAL";"3,2465";"3,2498";"3,2437";"3,2498";"3,24660015";"3,23953867"
"";"31.10.2025 01:52:00";"NO SIGNAL";"3,2498";"3,2498";"3,2479";"3,2493";"3,24782491";"3,24021554"
"";"31.10.2025 01:53:00";"NO SIGNAL";"3,2494";"3,2507";"3,2494";"3,2502";"3,24892497";"3,24124646"
"";"31.10.2025 01:54:00";"NO SIGNAL";"3,2503";"3,2503";"3,2490";"3,2494";"3,2496748";"3,24247718"
"";"31.10.2025 01:55:00";"NO SIGNAL";"3,2493";"3,2506";"3,2475";"3,2502";"3,24977493";"3,24369264"
"";"31.10.2025 01:56:00";"NO SIGNAL";"3,2501";"3,2507";"3,2498";"3,2498";"3,2499001";"3,24483895"
"";"31.10.2025 01:57:00";"NO SIGNAL";"3,2499";"3,2515";"3,2459";"3,2473";"3,24917507";"3,24590015"
"";"31.10.2025 01:58:00";"NO SIGNAL";"3,2473";"3,2489";"3,2473";"3,2488";"3,24902511";"3,24699235"
"";"31.10.2025 01:59:00";"NO SIGNAL";"3,2489";"3,2510";"3,2489";"3,2509";"3,24919987";"3,24798489"
"";"31.10.2025 02:00:00";"NO SIGNAL";"3,2509";"3,2535";"3,2506";"3,2506";"3,24940014";"3,24868464"
"";"31.10.2025 02:01:00";"NO SIGNAL";"3,2506";"3,2540";"3,2491";"3,2532";"3,25087523";"3,24936199"
"";"31.10.2025 02:02:00";"NO SIGNAL";"3,2531";"3,2564";"3,2528";"3,2557";"3,25260019";"3,25012326"
"";"31.10.2025 02:03:00";"NO SIGNAL";"3,2558";"3,2558";"3,2522";"3,2537";"3,25329995";"3,2506845"
"";"31.10.2025 02:04:00";"NO SIGNAL";"3,2536";"3,2550";"3,2516";"3,2517";"3,25357485";"3,25083065"
"";"31.10.2025 02:05:00";"NO SIGNAL";"3,2517";"3,2517";"3,2455";"3,2455";"3,25165009";"3,25053859"
"485";"31.10.2025 02:06:00";"SELL";"3,2454";"3,2454";"3,2416";"3,2429";"3,24845004";"3,24997735"
"";"31.10.2025 02:07:00";"NO SIGNAL";"3,2429";"3,2445";"3,2418";"3,2418";"3,24547482";"3,24939251"
"";"31.10.2025 02:08:00";"NO SIGNAL";"3,2418";"3,2432";"3,2376";"3,2381";"3,24207497";"3,24846172"
"";"31.10.2025 02:09:00";"NO SIGNAL";"3,2381";"3,2384";"3,2353";"3,2364";"3,23979998";"3,2474308"
"";"31.10.2025 02:10:00";"NO SIGNAL";"3,2364";"3,2364";"3,2322";"3,2330";"3,23732519";"3,24633074"
"";"31.10.2025 02:11:00";"NO SIGNAL";"3,2329";"3,2329";"3,2231";"3,2240";"3,23287487";"3,24442315"
"";"31.10.2025 02:12:00";"NO SIGNAL";"3,2240";"3,2248";"3,2223";"3,2227";"3,22902489";"3,24225402"
"";"31.10.2025 02:13:00";"NO SIGNAL";"3,2228";"3,2250";"3,2198";"3,2198";"3,22487497";"3,23988461"
"";"31.10.2025 02:14:00";"NO SIGNAL";"3,2197";"3,2237";"3,2189";"3,2235";"3,22250009";"3,23760033"
"";"31.10.2025 02:15:00";"NO SIGNAL";"3,2235";"3,2262";"3,2220";"3,2257";"3,22292495";"3,23529243"
"";"31.10.2025 02:16:00";"NO SIGNAL";"3,2257";"3,2291";"3,2240";"3,2291";"3,22452497";"3,23340011"
"";"31.10.2025 02:17:00";"NO SIGNAL";"3,2291";"3,2312";"3,2291";"3,2311";"3,22735";"3,23181558"
"";"31.10.2025 02:18:00";"NO SIGNAL";"3,2311";"3,2337";"3,2294";"3,2327";"3,22965002";"3,23083067"
"486";"31.10.2025 02:19:00";"BUY";"3,2326";"3,2335";"3,2309";"3,2335";"3,23160005";"3,23010802"
"";"31.10.2025 02:20:00";"NO SIGNAL";"3,2334";"3,2348";"3,2326";"3,2336";"3,23272514";"3,22947717"
"";"31.10.2025 02:21:00";"NO SIGNAL";"3,2337";"3,2340";"3,2317";"3,2328";"3,23315001";"3,22906947"
"";"31.10.2025 02:22:00";"NO SIGNAL";"3,2327";"3,2363";"3,2327";"3,2357";"3,23390007";"3,22901583"
"";"31.10.2025 02:23:00";"NO SIGNAL";"3,2357";"3,2383";"3,2353";"3,2353";"3,23434997";"3,2291925"
"";"31.10.2025 02:24:00";"NO SIGNAL";"3,2354";"3,2373";"3,2349";"3,2354";"3,23479986";"3,23006916"
"";"31.10.2025 02:25:00";"NO SIGNAL";"3,2354";"3,2460";"3,2354";"3,2453";"3,23792481";"3,23180795"
"";"31.10.2025 02:26:00";"NO SIGNAL";"3,2454";"3,2467";"3,2419";"3,2421";"3,23952508";"3,23352289"
"";"31.10.2025 02:27:00";"NO SIGNAL";"3,2422";"3,2442";"3,2417";"3,2429";"3,24142504";"3,23501563"
"";"31.10.2025 02:28:00";"NO SIGNAL";"3,2428";"3,2435";"3,2405";"3,2405";"3,2427001";"3,23615432"
"";"31.10.2025 02:29:00";"NO SIGNAL";"3,2404";"3,2428";"3,2401";"3,2425";"3,24199986";"3,23718452"
"";"31.10.2025 02:30:00";"NO SIGNAL";"3,2426";"3,2477";"3,2426";"3,2469";"3,24320006";"3,23840046"
"";"31.10.2025 02:31:00";"NO SIGNAL";"3,2467";"3,2474";"3,2445";"3,2462";"3,24402523";"3,23943877"
"";"31.10.2025 02:32:00";"NO SIGNAL";"3,2462";"3,2482";"3,2456";"3,2456";"3,24530029";"3,24036908"
"";"31.10.2025 02:33:00";"NO SIGNAL";"3,2457";"3,2457";"3,2425";"3,2446";"3,24582529";"3,24121571"
"";"31.10.2025 02:34:00";"NO SIGNAL";"3,2445";"3,2450";"3,2431";"3,2441";"3,24512482";"3,24208474"
"";"31.10.2025 02:35:00";"NO SIGNAL";"3,2441";"3,2450";"3,2417";"3,2418";"3,24402499";"3,24255395"
"487";"31.10.2025 02:36:00";"SELL";"3,2418";"3,2429";"3,2402";"3,2408";"3,24282503";"3,24297738"
"";"31.10.2025 02:37:00";"NO SIGNAL";"3,2408";"3,2408";"3,2372";"3,2395";"3,24154997";"3,24329281"
"";"31.10.2025 02:38:00";"NO SIGNAL";"3,2396";"3,2419";"3,2386";"3,2404";"3,24062514";"3,24291563"
"";"31.10.2025 02:39:00";"NO SIGNAL";"3,2404";"3,2423";"3,2392";"3,2400";"3,24017501";"3,24275422"
"";"31.10.2025 02:40:00";"NO SIGNAL";"3,2400";"3,2402";"3,2335";"3,2337";"3,23839998";"3,24204659"
"";"31.10.2025 02:41:00";"NO SIGNAL";"3,2338";"3,2346";"3,2309";"3,2309";"3,23625016";"3,24130797"
"";"31.10.2025 02:42:00";"NO SIGNAL";"3,2309";"3,2322";"3,2296";"3,2296";"3,23354983";"3,24031544"
"";"31.10.2025 02:43:00";"NO SIGNAL";"3,2296";"3,2370";"3,2294";"3,2370";"3,23280001";"3,23955393"
"";"31.10.2025 02:44:00";"NO SIGNAL";"3,2370";"3,2370";"3,2311";"3,2338";"3,2328248";"3,23859978"
"";"31.10.2025 02:45:00";"NO SIGNAL";"3,2337";"3,2364";"3,2321";"3,2364";"3,23419976";"3,23789191"
"";"31.10.2025 02:46:00";"NO SIGNAL";"3,2366";"3,2376";"3,2352";"3,2355";"3,23567486";"3,23719192"
"";"31.10.2025 02:47:00";"NO SIGNAL";"3,2356";"3,2362";"3,2254";"3,2301";"3,2339499";"3,23611522"
"";"31.10.2025 02:48:00";"NO SIGNAL";"3,2301";"3,2339";"3,2301";"3,2311";"3,23327494";"3,23529243"
"";"31.10.2025 02:49:00";"NO SIGNAL";"3,2311";"3,2313";"3,2278";"3,2296";"3,23157501";"3,23443079"
"";"31.10.2025 02:50:00";"NO SIGNAL";"3,2296";"3,2325";"3,2253";"3,2282";"3,22974992";"3,23356152"
"";"31.10.2025 02:51:00";"NO SIGNAL";"3,2283";"3,2381";"3,2283";"3,2377";"3,23164988";"3,23335385"
"488";"31.10.2025 02:52:00";"BUY";"3,2377";"3,2412";"3,2370";"3,2400";"3,23387504";"3,23335385"
"";"31.10.2025 02:53:00";"NO SIGNAL";"3,2400";"3,2432";"3,2400";"3,2412";"3,23677516";"3,23393083"
"";"31.10.2025 02:54:00";"NO SIGNAL";"3,2411";"3,2469";"3,2411";"3,2462";"3,24127483";"3,23510766"
"";"31.10.2025 02:55:00";"NO SIGNAL";"3,2463";"3,2494";"3,2462";"3,2489";"3,24407482";"3,23659229"
"";"31.10.2025 02:56:00";"NO SIGNAL";"3,2489";"3,2504";"3,2481";"3,2481";"3,24609995";"3,23744631"
"";"31.10.2025 02:57:00";"NO SIGNAL";"3,2482";"3,2493";"3,2434";"3,2434";"3,24665022";"3,23818493"
"";"31.10.2025 02:58:00";"NO SIGNAL";"3,2434";"3,2446";"3,2418";"3,2423";"3,24567509";"3,23863816"
"";"31.10.2025 02:59:00";"NO SIGNAL";"3,2424";"3,2473";"3,2424";"3,2461";"3,24497509";"3,23945355"
"";"31.10.2025 03:00:00";"NO SIGNAL";"3,2462";"3,2476";"3,2380";"3,2385";"3,24257517";"3,24010015"
"";"31.10.2025 03:01:00";"NO SIGNAL";"3,2384";"3,2418";"3,2374";"3,2418";"3,2421751";"3,24092317"
"489";"31.10.2025 03:02:00";"SELL";"3,2419";"3,2421";"3,2390";"3,2406";"3,24174976";"3,24176955"
"";"31.10.2025 03:03:00";"NO SIGNAL";"3,2406";"3,2456";"3,2406";"3,2415";"3,24060011";"3,24279261"
"";"31.10.2025 03:04:00";"NO SIGNAL";"3,2416";"3,2434";"3,2400";"3,2434";"3,2418251";"3,24323106"
"";"31.10.2025 03:05:00";"NO SIGNAL";"3,2434";"3,2475";"3,2413";"3,2467";"3,2430501";"3,24374628"
"490";"31.10.2025 03:06:00";"BUY";"3,2467";"3,2489";"3,2464";"3,2466";"3,24454999";"3,24416184"
"";"31.10.2025 03:07:00";"NO SIGNAL";"3,2465";"3,2560";"3,2465";"3,2560";"3,24817514";"3,24491572"
"";"31.10.2025 03:08:00";"NO SIGNAL";"3,2560";"3,2578";"3,2540";"3,2552";"3,2511251";"3,24540019"
"";"31.10.2025 03:09:00";"NO SIGNAL";"3,2551";"3,2566";"3,2531";"3,2566";"3,25359988";"3,24605393"
"";"31.10.2025 03:10:00";"NO SIGNAL";"3,2567";"3,2631";"3,2567";"3,2603";"3,25702524";"3,24735379"
"";"31.10.2025 03:11:00";"NO SIGNAL";"3,2602";"3,2604";"3,2563";"3,2576";"3,25742483";"3,24853086"
"";"31.10.2025 03:12:00";"NO SIGNAL";"3,2576";"3,2582";"3,2551";"3,2552";"3,25742483";"3,24923062"
"";"31.10.2025 03:13:00";"NO SIGNAL";"3,2552";"3,2561";"3,2492";"3,2512";"3,25607491";"3,25020766"
"";"31.10.2025 03:14:00";"NO SIGNAL";"3,2512";"3,2512";"3,2485";"3,2502";"3,25354981";"3,25085402"
"";"31.10.2025 03:15:00";"NO SIGNAL";"3,2502";"3,2504";"3,2462";"3,2504";"3,25174999";"3,25160789"
"491";"31.10.2025 03:16:00";"SELL";"3,2504";"3,2506";"3,2460";"3,2467";"3,24962497";"3,25200772"
"";"31.10.2025 03:17:00";"NO SIGNAL";"3,2467";"3,2489";"3,2467";"3,2484";"3,24892521";"3,25239253"
"";"31.10.2025 03:18:00";"NO SIGNAL";"3,2485";"3,2486";"3,2453";"3,2460";"3,24787521";"3,25233889"
"";"31.10.2025 03:19:00";"NO SIGNAL";"3,2460";"3,2492";"3,2460";"3,2476";"3,24717498";"3,25241542"
"";"31.10.2025 03:20:00";"NO SIGNAL";"3,2476";"3,2504";"3,2475";"3,2494";"3,24784994";"3,25190783"
"";"31.10.2025 03:21:00";"NO SIGNAL";"3,2494";"3,2512";"3,2483";"3,2504";"3,24835014";"3,25153852"
"";"31.10.2025 03:22:00";"NO SIGNAL";"3,2503";"3,2525";"3,2468";"3,2473";"3,24867487";"3,25082326"
"";"31.10.2025 03:23:00";"NO SIGNAL";"3,2474";"3,2485";"3,2446";"3,2455";"3,24815011";"3,24968457"
"";"31.10.2025 03:24:00";"NO SIGNAL";"3,2455";"3,2462";"3,2434";"3,2462";"3,24735022";"3,24880791"
"";"31.10.2025 03:25:00";"NO SIGNAL";"3,2463";"3,2465";"3,2420";"3,2432";"3,24554992";"3,24788475"
"";"31.10.2025 03:26:00";"NO SIGNAL";"3,2433";"3,2453";"3,2402";"3,2411";"3,24399996";"3,24710774"
"";"31.10.2025 03:27:00";"NO SIGNAL";"3,2411";"3,2413";"3,2388";"3,2408";"3,24282503";"3,24638486"
"";"31.10.2025 03:28:00";"NO SIGNAL";"3,2407";"3,2419";"3,2371";"3,2380";"3,24077511";"3,24543095"
"";"31.10.2025 03:29:00";"NO SIGNAL";"3,2380";"3,2383";"3,2365";"3,2376";"3,23937511";"3,24473119"
"";"31.10.2025 03:30:00";"NO SIGNAL";"3,2375";"3,2380";"3,2278";"3,2278";"3,23604989";"3,24314618"
"";"31.10.2025 03:31:00";"NO SIGNAL";"3,2277";"3,2278";"3,2221";"3,2221";"3,23137498";"3,24130821"
"";"31.10.2025 03:32:00";"NO SIGNAL";"3,2220";"3,2251";"3,2152";"3,2222";"3,2274251";"3,23935413"
"";"31.10.2025 03:33:00";"NO SIGNAL";"3,2222";"3,2246";"3,2211";"3,2232";"3,22382498";"3,2373383"
"";"31.10.2025 03:34:00";"NO SIGNAL";"3,2233";"3,2242";"3,2210";"3,2242";"3,22292495";"3,23532295"
"";"31.10.2025 03:35:00";"NO SIGNAL";"3,2239";"3,2287";"3,2231";"3,2285";"3,22452497";"3,23387694"
"";"31.10.2025 03:36:00";"NO SIGNAL";"3,2285";"3,2346";"3,2285";"3,2310";"3,22672486";"3,23276162"
"";"31.10.2025 03:37:00";"NO SIGNAL";"3,2311";"3,2317";"3,2258";"3,2267";"3,22759986";"3,23126149"
"";"31.10.2025 03:38:00";"NO SIGNAL";"3,2267";"3,2272";"3,2235";"3,2235";"3,2274251";"3,2297461"
"";"31.10.2025 03:39:00";"NO SIGNAL";"3,2235";"3,2270";"3,2203";"3,2231";"3,22607493";"3,22836113"
"";"31.10.2025 03:40:00";"NO SIGNAL";"3,2231";"3,2234";"3,2181";"3,2185";"3,22294998";"3,22664595"
"";"31.10.2025 03:41:00";"NO SIGNAL";"3,2185";"3,2203";"3,2153";"3,2156";"3,22017503";"3,2249229"
"";"31.10.2025 03:42:00";"NO SIGNAL";"3,2155";"3,2155";"3,2086";"3,2115";"3,21717501";"3,22291517"
"";"31.10.2025 03:43:00";"NO SIGNAL";"3,2115";"3,2156";"3,2115";"3,2135";"3,21477509";"3,22181559"
"";"31.10.2025 03:44:00";"NO SIGNAL";"3,2135";"3,2175";"3,2135";"3,2169";"3,21437502";"3,22141576"
"";"31.10.2025 03:45:00";"NO SIGNAL";"3,2169";"3,2202";"3,2144";"3,2192";"3,21527505";"3,22118497"
"";"31.10.2025 03:46:00";"NO SIGNAL";"3,2190";"3,2250";"3,2190";"3,2213";"3,21772504";"3,22103858"
"";"31.10.2025 03:47:00";"NO SIGNAL";"3,2214";"3,2266";"3,2201";"3,2258";"3,22079992";"3,2211616"
"492";"31.10.2025 03:48:00";"BUY";"3,2257";"3,2259";"3,2243";"3,2243";"3,22265005";"3,22083855"
"";"31.10.2025 03:49:00";"NO SIGNAL";"3,2243";"3,2267";"3,2226";"3,2226";"3,22350001";"3,22019219"
"";"31.10.2025 03:50:00";"NO SIGNAL";"3,2226";"3,2242";"3,2222";"3,2229";"3,22389984";"3,21989989"
"";"31.10.2025 03:51:00";"NO SIGNAL";"3,2228";"3,2247";"3,2214";"3,2216";"3,22284985";"3,2197535"
"";"31.10.2025 03:52:00";"NO SIGNAL";"3,2217";"3,2217";"3,2185";"3,2206";"3,22192502";"3,2195611"
"";"31.10.2025 03:53:00";"NO SIGNAL";"3,2206";"3,2212";"3,2186";"3,2193";"3,22109985";"3,21962309"
"493";"31.10.2025 03:54:00";"SELL";"3,2192";"3,2205";"3,2151";"3,2151";"3,21915007";"3,2195847"
"";"31.10.2025 03:55:00";"NO SIGNAL";"3,2150";"3,2154";"3,2127";"3,2142";"3,21730018";"3,21979237"
"";"31.10.2025 03:56:00";"NO SIGNAL";"3,2141";"3,2141";"3,2119";"3,2131";"3,21542501";"3,21976161"
"";"31.10.2025 03:57:00";"NO SIGNAL";"3,2131";"3,2154";"3,2114";"3,2145";"3,21422505";"3,21957707"
"";"31.10.2025 03:58:00";"NO SIGNAL";"3,2145";"3,2191";"3,2145";"3,2189";"3,21517491";"3,21955395"
"";"31.10.2025 03:59:00";"NO SIGNAL";"3,2188";"3,2207";"3,2179";"3,2193";"3,21645021";"3,21940017"
"";"31.10.2025 04:00:00";"NO SIGNAL";"3,2192";"3,2240";"3,2192";"3,2221";"3,21869993";"3,2191155"
"494";"31.10.2025 04:01:00";"BUY";"3,2221";"3,2276";"3,2220";"3,2265";"3,22169995";"3,21928453"
"";"31.10.2025 04:02:00";"NO SIGNAL";"3,2265";"3,2277";"3,2250";"3,2271";"3,22375011";"3,21963096"
"";"31.10.2025 04:03:00";"NO SIGNAL";"3,2271";"3,2280";"3,2246";"3,2276";"3,22582507";"3,21999264"
"";"31.10.2025 04:04:00";"NO SIGNAL";"3,2276";"3,2305";"3,2273";"3,2294";"3,22764969";"3,22059226"
"";"31.10.2025 04:05:00";"NO SIGNAL";"3,2294";"3,2351";"3,2294";"3,2310";"3,22877502";"3,22139215"
"";"31.10.2025 04:06:00";"NO SIGNAL";"3,2309";"3,2350";"3,2300";"3,2348";"3,23070002";"3,22258449"
"";"31.10.2025 04:07:00";"NO SIGNAL";"3,2349";"3,2397";"3,2325";"3,2389";"3,23352504";"3,22441554"
"";"31.10.2025 04:08:00";"NO SIGNAL";"3,2387";"3,2415";"3,2369";"3,2380";"3,2356751";"3,22624636"
"";"31.10.2025 04:09:00";"NO SIGNAL";"3,2382";"3,2542";"3,2377";"3,2503";"3,24049997";"3,22910786"
"";"31.10.2025 04:10:00";"NO SIGNAL";"3,2502";"3,2535";"3,2446";"3,2507";"3,24447513";"3,23189235"
"";"31.10.2025 04:11:00";"NO SIGNAL";"3,2507";"3,2524";"3,2450";"3,2520";"3,24775004";"3,2344389"
"";"31.10.2025 04:12:00";"NO SIGNAL";"3,2520";"3,2543";"3,2496";"3,2516";"3,25115013";"3,23692346"
"";"31.10.2025 04:13:00";"NO SIGNAL";"3,2517";"3,2561";"3,2497";"3,2561";"3,25259995";"3,23953867"
"";"31.10.2025 04:14:00";"NO SIGNAL";"3,2561";"3,2582";"3,2525";"3,2571";"3,25419998";"3,24189234"
"";"31.10.2025 04:15:00";"NO SIGNAL";"3,2571";"3,2571";"3,2532";"3,2546";"3,25485015";"3,24400759"
"";"31.10.2025 04:16:00";"NO SIGNAL";"3,2546";"3,2550";"3,2469";"3,2469";"3,25367498";"3,24549222"
"";"31.10.2025 04:17:00";"NO SIGNAL";"3,2469";"3,2489";"3,2428";"3,2429";"3,25037503";"3,24653077"
"495";"31.10.2025 04:18:00";"SELL";"3,2428";"3,2463";"3,2421";"3,2450";"3,24735022";"3,24760771"
"";"31.10.2025 04:19:00";"NO SIGNAL";"3,2451";"3,2492";"3,2451";"3,2478";"3,24564981";"3,24860787"
"";"31.10.2025 04:20:00";"NO SIGNAL";"3,2478";"3,2557";"3,2478";"3,2507";"3,24659991";"3,24951577"
"";"31.10.2025 04:21:00";"NO SIGNAL";"3,2508";"3,2531";"3,2497";"3,2514";"3,24872494";"3,25054622"
"496";"31.10.2025 04:22:00";"BUY";"3,2514";"3,2621";"3,2514";"3,2607";"3,25265002";"3,25134635"
"";"31.10.2025 04:23:00";"NO SIGNAL";"3,2607";"3,2613";"3,2558";"3,2562";"3,25475001";"3,2517693"
"";"31.10.2025 04:24:00";"NO SIGNAL";"3,2563";"3,2574";"3,2549";"3,2561";"3,25609994";"3,25208473"
"";"31.10.2025 04:25:00";"NO SIGNAL";"3,2560";"3,2572";"3,2540";"3,2540";"3,25675011";"3,25226927"
"";"31.10.2025 04:26:00";"NO SIGNAL";"3,2540";"3,2558";"3,2530";"3,2535";"3,25494981";"3,25206923"
"";"31.10.2025 04:27:00";"NO SIGNAL";"3,2535";"3,2566";"3,2535";"3,2551";"3,25467491";"3,25191569"
"";"31.10.2025 04:28:00";"NO SIGNAL";"3,2551";"3,2554";"3,2500";"3,2518";"3,25359988";"3,25169992"
"";"31.10.2025 04:29:00";"NO SIGNAL";"3,2519";"3,2549";"3,2519";"3,2544";"3,25370002";"3,2522769"
"";"31.10.2025 04:30:00";"NO SIGNAL";"3,2546";"3,2567";"3,2534";"3,2534";"3,25367498";"3,25308466"
"497";"31.10.2025 04:31:00";"SELL";"3,2534";"3,2556";"3,2522";"3,2545";"3,25352526";"3,25381565"
"";"31.10.2025 04:32:00";"NO SIGNAL";"3,2545";"3,2606";"3,2520";"3,2532";"3,25387502";"3,25423098"
"";"31.10.2025 04:33:00";"NO SIGNAL";"3,2534";"3,2548";"3,2500";"3,2515";"3,25314975";"3,25429225"
"";"31.10.2025 04:34:00";"NO SIGNAL";"3,2515";"3,2539";"3,2504";"3,2534";"3,25314999";"3,25444627"
"";"31.10.2025 04:35:00";"NO SIGNAL";"3,2534";"3,2558";"3,2532";"3,2550";"3,25327492";"3,25400782"
"498";"31.10.2025 04:36:00";"BUY";"3,2549";"3,2613";"3,2544";"3,2589";"3,25469995";"3,25421572"
"";"31.10.2025 04:37:00";"NO SIGNAL";"3,2588";"3,2593";"3,2548";"3,2561";"3,25585008";"3,25421596"
"";"31.10.2025 04:38:00";"NO SIGNAL";"3,2561";"3,2571";"3,2553";"3,2563";"3,25657487";"3,25439239"
"";"31.10.2025 04:39:00";"NO SIGNAL";"3,2562";"3,2591";"3,2558";"3,2568";"3,25702477";"3,25464606"
"";"31.10.2025 04:40:00";"NO SIGNAL";"3,2568";"3,2684";"3,2567";"3,2679";"3,25927496";"3,25563073"
"";"31.10.2025 04:41:00";"NO SIGNAL";"3,2680";"3,2685";"3,2636";"3,2662";"3,26180005";"3,25673842"
"";"31.10.2025 04:42:00";"NO SIGNAL";"3,2663";"3,2689";"3,2663";"3,2680";"3,26472473";"3,25778484"
"";"31.10.2025 04:43:00";"NO SIGNAL";"3,2680";"3,2700";"3,2661";"3,2700";"3,26802492";"3,25906157"
"";"31.10.2025 04:44:00";"NO SIGNAL";"3,2699";"3,2723";"3,2691";"3,2723";"3,26912498";"3,26043057"
"";"31.10.2025 04:45:00";"NO SIGNAL";"3,2722";"3,2726";"3,2680";"3,2684";"3,26967478";"3,26160002"
"";"31.10.2025 04:46:00";"NO SIGNAL";"3,2685";"3,2686";"3,2632";"3,2632";"3,26847506";"3,26250029"
"";"31.10.2025 04:47:00";"NO SIGNAL";"3,2631";"3,2660";"3,2618";"3,2636";"3,26687503";"3,26328492"
"";"31.10.2025 04:48:00";"NO SIGNAL";"3,2635";"3,2655";"3,2635";"3,2636";"3,26470017";"3,26394606"
"499";"31.10.2025 04:49:00";"SELL";"3,2636";"3,2644";"3,2624";"3,2628";"3,26329994";"3,26424623"
"";"31.10.2025 04:50:00";"NO SIGNAL";"3,2628";"3,2644";"3,2621";"3,2624";"3,26310015";"3,26473141"
"";"31.10.2025 04:51:00";"NO SIGNAL";"3,2625";"3,2651";"3,2619";"3,2620";"3,26270008";"3,26516962"
"";"31.10.2025 04:52:00";"NO SIGNAL";"3,2620";"3,2660";"3,2620";"3,2648";"3,26300001";"3,26578474"
"";"31.10.2025 04:53:00";"NO SIGNAL";"3,2644";"3,2647";"3,2621";"3,2627";"3,26297498";"3,26538491"
"";"31.10.2025 04:54:00";"NO SIGNAL";"3,2627";"3,2643";"3,2614";"3,2614";"3,26272511";"3,2650156"
"";"31.10.2025 04:55:00";"NO SIGNAL";"3,2614";"3,2646";"3,2611";"3,2639";"3,26320004";"3,26469994"
"";"31.10.2025 04:56:00";"NO SIGNAL";"3,2639";"3,2678";"3,2630";"3,2676";"3,26390004";"3,2645154"
"500";"31.10.2025 04:57:00";"BUY";"3,2676";"3,2720";"3,2676";"3,2720";"3,2662251";"3,26449227"
"";"31.10.2025 04:58:00";"NO SIGNAL";"3,2721";"3,2733";"3,2683";"3,2687";"3,26804996";"3,2645154"
"";"31.10.2025 04:59:00";"NO SIGNAL";"3,2688";"3,2719";"3,2688";"3,2714";"3,26992512";"3,26514649"
"";"31.10.2025 05:00:00";"NO SIGNAL";"3,2713";"3,2713";"3,2666";"3,2668";"3,26972508";"3,26539278"
"";"31.10.2025 05:01:00";"NO SIGNAL";"3,2669";"3,2671";"3,2631";"3,2631";"3,26749992";"3,26535439"
"";"31.10.2025 05:02:00";"NO SIGNAL";"3,2632";"3,2633";"3,2612";"3,2627";"3,26599979";"3,26534677"
"501";"31.10.2025 05:03:00";"SELL";"3,2627";"3,2629";"3,2604";"3,2618";"3,26359987";"3,26530004"
"";"31.10.2025 05:04:00";"NO SIGNAL";"3,2617";"3,2629";"3,2605";"3,2623";"3,26247501";"3,26532316"
"";"31.10.2025 05:05:00";"NO SIGNAL";"3,2622";"3,2642";"3,2610";"3,2641";"3,26272511";"3,26526928"
"";"31.10.2025 05:06:00";"NO SIGNAL";"3,2641";"3,2678";"3,2638";"3,2672";"3,26384997";"3,26561546"
"502";"31.10.2025 05:07:00";"BUY";"3,2673";"3,2730";"3,2673";"3,2728";"3,26660013";"3,26649261"
"";"31.10.2025 05:08:00";"NO SIGNAL";"3,2729";"3,2754";"3,2712";"3,2749";"3,26974988";"3,26733851"
"";"31.10.2025 05:09:00";"NO SIGNAL";"3,2749";"3,2749";"3,2691";"3,2692";"3,27102518";"3,26746178"
"";"31.10.2025 05:10:00";"NO SIGNAL";"3,2691";"3,2711";"3,2668";"3,2703";"3,27180004";"3,26733088"
"";"31.10.2025 05:11:00";"NO SIGNAL";"3,2703";"3,2719";"3,2703";"3,2710";"3,27134991";"3,26750779"
"";"31.10.2025 05:12:00";"NO SIGNAL";"3,2709";"3,2709";"3,2661";"3,2666";"3,26927495";"3,26713872"
"";"31.10.2025 05:13:00";"NO SIGNAL";"3,2666";"3,2666";"3,2643";"3,2645";"3,26809978";"3,26696134"
"503";"31.10.2025 05:14:00";"SELL";"3,2644";"3,2647";"3,2628";"3,2637";"3,26644993";"3,26700759"
"";"31.10.2025 05:15:00";"NO SIGNAL";"3,2636";"3,2677";"3,2636";"3,2644";"3,26479983";"3,26713848"
"";"31.10.2025 05:16:00";"NO SIGNAL";"3,2644";"3,2660";"3,2634";"3,2659";"3,26462507";"3,26745391"
"";"31.10.2025 05:17:00";"NO SIGNAL";"3,2660";"3,2677";"3,2655";"3,2656";"3,26490021";"3,26770759"
"";"31.10.2025 05:18:00";"NO SIGNAL";"3,2656";"3,2673";"3,2645";"3,2645";"3,2651";"3,26773858"
"";"31.10.2025 05:19:00";"NO SIGNAL";"3,2644";"3,2644";"3,2609";"3,2613";"3,2643249";"3,26728463"
"";"31.10.2025 05:20:00";"NO SIGNAL";"3,2614";"3,2618";"3,2568";"3,2576";"3,26224995";"3,26611519"
"";"31.10.2025 05:21:00";"NO SIGNAL";"3,2576";"3,2576";"3,2540";"3,2564";"3,25994992";"3,26469231"
"";"31.10.2025 05:22:00";"NO SIGNAL";"3,2565";"3,2578";"3,2529";"3,2529";"3,25705004";"3,26343894"
"";"31.10.2025 05:23:00";"NO SIGNAL";"3,2529";"3,2553";"3,2529";"3,2538";"3,25517488";"3,26216936"
"";"31.10.2025 05:24:00";"NO SIGNAL";"3,2538";"3,2554";"3,2526";"3,2554";"3,25462508";"3,26096916"
"";"31.10.2025 05:25:00";"NO SIGNAL";"3,2555";"3,2592";"3,2555";"3,2584";"3,25512481";"3,26033854"
"";"31.10.2025 05:26:00";"NO SIGNAL";"3,2584";"3,2584";"3,2534";"3,2552";"3,25570011";"3,25962305"
"";"31.10.2025 05:27:00";"NO SIGNAL";"3,2552";"3,2598";"3,2547";"3,2588";"3,2569499";"3,25924611"
"";"31.10.2025 05:28:00";"NO SIGNAL";"3,2588";"3,2610";"3,2588";"3,2606";"3,25825";"3,25895381"
"504";"31.10.2025 05:29:00";"BUY";"3,2606";"3,2611";"3,2586";"3,2592";"3,25845003";"3,25843835"
"";"31.10.2025 05:30:00";"NO SIGNAL";"3,2593";"3,2595";"3,2558";"3,2576";"3,25904989";"3,25782299"
"";"31.10.2025 05:31:00";"NO SIGNAL";"3,2576";"3,2595";"3,2568";"3,2575";"3,25872493";"3,2572844"
"";"31.10.2025 05:32:00";"NO SIGNAL";"3,2576";"3,2600";"3,2576";"3,2586";"3,25822496";"3,25707698"
"";"31.10.2025 05:33:00";"NO SIGNAL";"3,2586";"3,2586";"3,2566";"3,2568";"3,25762486";"3,25701571"
"";"31.10.2025 05:34:00";"NO SIGNAL";"3,2568";"3,2583";"3,2568";"3,2568";"3,25742483";"3,25704646"
"";"31.10.2025 05:35:00";"NO SIGNAL";"3,2569";"3,2585";"3,2569";"3,2575";"3,25742507";"3,25740027"
"505";"31.10.2025 05:36:00";"SELL";"3,2575";"3,2589";"3,2557";"3,2569";"3,25699997";"3,25763893"
"";"31.10.2025 05:37:00";"NO SIGNAL";"3,2569";"3,2571";"3,2540";"3,2570";"3,2570498";"3,25776196"
"";"31.10.2025 05:38:00";"NO SIGNAL";"3,2570";"3,2570";"3,2515";"3,2520";"3,25584984";"3,25726938"
"";"31.10.2025 05:39:00";"NO SIGNAL";"3,2521";"3,2525";"3,2476";"3,2518";"3,25442505";"3,25700808"
"";"31.10.2025 05:40:00";"NO SIGNAL";"3,2517";"3,2521";"3,2503";"3,2516";"3,25309992";"3,25645399"
"";"31.10.2025 05:41:00";"NO SIGNAL";"3,2518";"3,2546";"3,2518";"3,2541";"3,25237489";"3,25595379"
"";"31.10.2025 05:42:00";"NO SIGNAL";"3,2540";"3,2540";"3,2481";"3,2502";"3,25192499";"3,25526142"
"";"31.10.2025 05:43:00";"NO SIGNAL";"3,2502";"3,2508";"3,2471";"3,2484";"3,25107503";"3,25455403"
"";"31.10.2025 05:44:00";"NO SIGNAL";"3,2485";"3,2502";"3,2485";"3,2502";"3,25072503";"3,25399256"
"";"31.10.2025 05:45:00";"NO SIGNAL";"3,2502";"3,2541";"3,2502";"3,2537";"3,25062513";"3,25361586"
"";"31.10.2025 05:46:00";"NO SIGNAL";"3,2537";"3,2537";"3,2519";"3,2519";"3,25105";"3,25323915"
"";"31.10.2025 05:47:00";"NO SIGNAL";"3,2519";"3,2555";"3,2519";"3,2553";"3,25277519";"3,25312352"
"506";"31.10.2025 05:48:00";"BUY";"3,2553";"3,2559";"3,2542";"3,2543";"3,25380015";"3,252877"
"";"31.10.2025 05:49:00";"NO SIGNAL";"3,2542";"3,2544";"3,2516";"3,2532";"3,25367498";"3,25259233"
"";"31.10.2025 05:50:00";"NO SIGNAL";"3,2532";"3,2534";"3,2504";"3,2511";"3,25347519";"3,25213838"
"";"31.10.2025 05:51:00";"NO SIGNAL";"3,2512";"3,2528";"3,2494";"3,2494";"3,25200009";"3,25193858"
"507";"31.10.2025 05:52:00";"SELL";"3,2493";"3,2493";"3,2474";"3,2478";"3,25037527";"3,25163102"
"";"31.10.2025 05:53:00";"NO SIGNAL";"3,2478";"3,2482";"3,2459";"3,2460";"3,24857521";"3,2512002"
"";"31.10.2025 05:54:00";"NO SIGNAL";"3,2462";"3,2474";"3,2458";"3,2474";"3,24765015";"3,25068474"
"";"31.10.2025 05:55:00";"NO SIGNAL";"3,2475";"3,2482";"3,2461";"3,2465";"3,24692512";"3,2504003"
"";"31.10.2025 05:56:00";"NO SIGNAL";"3,2465";"3,2476";"3,2462";"3,2463";"3,24655008";"3,25023842"
"";"31.10.2025 05:57:00";"NO SIGNAL";"3,2463";"3,2471";"3,2453";"3,2453";"3,24637508";"3,24986172"
"";"31.10.2025 05:58:00";"NO SIGNAL";"3,2453";"3,2467";"3,2450";"3,2464";"3,24612498";"3,2493"
"";"31.10.2025 05:59:00";"NO SIGNAL";"3,2465";"3,2505";"3,2452";"3,2505";"3,24712491";"3,24919224"
"";"31.10.2025 06:00:00";"NO SIGNAL";"3,2505";"3,2547";"3,2505";"3,2537";"3,24897504";"3,24906945"
"508";"31.10.2025 06:01:00";"BUY";"3,2538";"3,2551";"3,2506";"3,2537";"3,25107503";"3,2490232"
"";"31.10.2025 06:02:00";"NO SIGNAL";"3,2536";"3,2603";"3,2536";"3,2589";"3,25419998";"3,24946165"
"";"31.10.2025 06:03:00";"NO SIGNAL";"3,2589";"3,2609";"3,2582";"3,2605";"3,25670004";"3,25018477"
"";"31.10.2025 06:04:00";"NO SIGNAL";"3,2604";"3,2618";"3,2517";"3,2521";"3,25629997";"3,2503922"
"";"31.10.2025 06:05:00";"NO SIGNAL";"3,2521";"3,2544";"3,2502";"3,2502";"3,25542498";"3,25057673"
"";"31.10.2025 06:06:00";"NO SIGNAL";"3,2502";"3,2507";"3,2467";"3,2488";"3,25290012";"3,2507925"
"509";"31.10.2025 06:07:00";"SELL";"3,2487";"3,2502";"3,2475";"3,2493";"3,25010014";"3,25093865"
"";"31.10.2025 06:08:00";"NO SIGNAL";"3,2494";"3,2507";"3,2451";"3,2463";"3,24865007";"3,2509234"
"";"31.10.2025 06:09:00";"NO SIGNAL";"3,2465";"3,2507";"3,2465";"3,2487";"3,24827504";"3,25110745"
"";"31.10.2025 06:10:00";"NO SIGNAL";"3,2485";"3,2532";"3,2481";"3,2502";"3,24862504";"3,25148463"
"";"31.10.2025 06:11:00";"NO SIGNAL";"3,2502";"3,2505";"3,2462";"3,2473";"3,24812484";"3,25155377"
"";"31.10.2025 06:12:00";"NO SIGNAL";"3,2473";"3,2504";"3,2473";"3,2494";"3,24889994";"3,25146937"
"";"31.10.2025 06:13:00";"NO SIGNAL";"3,2494";"3,2505";"3,2487";"3,2496";"3,249125";"3,25115371"
"";"31.10.2025 06:14:00";"NO SIGNAL";"3,2495";"3,2524";"3,2495";"3,2514";"3,24942493";"3,25097704"
"510";"31.10.2025 06:15:00";"BUY";"3,2514";"3,2559";"3,2514";"3,2527";"3,2507751";"3,25049949"
"";"31.10.2025 06:16:00";"NO SIGNAL";"3,2527";"3,2538";"3,2519";"3,2538";"3,25187492";"3,24998426"
"";"31.10.2025 06:17:00";"NO SIGNAL";"3,2539";"3,2573";"3,2528";"3,2528";"3,25267506";"3,25003791"
"";"31.10.2025 06:18:00";"NO SIGNAL";"3,2528";"3,2543";"3,2518";"3,2530";"3,25307488";"3,25025344"
"";"31.10.2025 06:19:00";"NO SIGNAL";"3,2532";"3,2544";"3,2466";"3,2515";"3,25277472";"3,25046134"
"";"31.10.2025 06:20:00";"NO SIGNAL";"3,2516";"3,2517";"3,2483";"3,2495";"3,25169992";"3,2504766"
"511";"31.10.2025 06:21:00";"SELL";"3,2495";"3,2510";"3,2459";"3,2474";"3,25035";"3,25056148"
"";"31.10.2025 06:22:00";"NO SIGNAL";"3,2473";"3,2489";"3,2464";"3,2480";"3,24909997";"3,25050783"
"";"31.10.2025 06:23:00";"NO SIGNAL";"3,2479";"3,2489";"3,2460";"3,2462";"3,24777508";"3,25020027"
"";"31.10.2025 06:24:00";"NO SIGNAL";"3,2459";"3,2493";"3,2454";"3,2474";"3,24725008";"3,2502079"
"";"31.10.2025 06:25:00";"NO SIGNAL";"3,2475";"3,2526";"3,2475";"3,2502";"3,24795008";"3,25026941"
"";"31.10.2025 06:26:00";"NO SIGNAL";"3,2502";"3,2536";"3,2488";"3,2532";"3,24924994";"3,25054622"
"512";"31.10.2025 06:27:00";"BUY";"3,2533";"3,2545";"3,2523";"3,2538";"3,25115013";"3,25073075"
"";"31.10.2025 06:28:00";"NO SIGNAL";"3,2539";"3,2562";"3,2538";"3,2561";"3,25332499";"3,2509923"
"";"31.10.2025 06:29:00";"NO SIGNAL";"3,2561";"3,2577";"3,2553";"3,2553";"3,25460005";"3,25110745"
"";"31.10.2025 06:30:00";"NO SIGNAL";"3,2553";"3,2571";"3,2553";"3,2553";"3,25512505";"3,2513001"
"";"31.10.2025 06:31:00";"NO SIGNAL";"3,2552";"3,2552";"3,2501";"3,2503";"3,25425005";"3,2510922"
"";"31.10.2025 06:32:00";"NO SIGNAL";"3,2502";"3,2502";"3,2480";"3,2480";"3,25222492";"3,25082326"
"513";"31.10.2025 06:33:00";"SELL";"3,2480";"3,2500";"3,2470";"3,2483";"3,25047493";"3,25073075"
"";"31.10.2025 06:34:00";"NO SIGNAL";"3,2484";"3,2527";"3,2484";"3,2524";"3,24975014";"3,25111556"
"";"31.10.2025 06:35:00";"NO SIGNAL";"3,2523";"3,2523";"3,2481";"3,2486";"3,24932504";"3,25116158"
"";"31.10.2025 06:36:00";"NO SIGNAL";"3,2486";"3,2490";"3,2445";"3,2446";"3,24847507";"3,25103831"
"";"31.10.2025 06:37:00";"NO SIGNAL";"3,2447";"3,2453";"3,2424";"3,2434";"3,24725008";"3,25073075"
"";"31.10.2025 06:38:00";"NO SIGNAL";"3,2434";"3,2437";"3,2406";"3,2419";"3,24462509";"3,25009227"
"";"31.10.2025 06:39:00";"NO SIGNAL";"3,2419";"3,2426";"3,2412";"3,2419";"3,24294996";"3,24922276"
"";"31.10.2025 06:40:00";"NO SIGNAL";"3,2418";"3,2421";"3,2402";"3,2414";"3,24215031";"3,24826908"
"";"31.10.2025 06:41:00";"NO SIGNAL";"3,2413";"3,2414";"3,2389";"3,2401";"3,2413249";"3,24703836"
"";"31.10.2025 06:42:00";"NO SIGNAL";"3,2401";"3,2412";"3,2400";"3,2411";"3,24112511";"3,24594617"
"";"31.10.2025 06:43:00";"NO SIGNAL";"3,2410";"3,2412";"3,2383";"3,2383";"3,24022484";"3,24463868"
"";"31.10.2025 06:44:00";"NO SIGNAL";"3,2383";"3,2391";"3,2376";"3,2383";"3,23944998";"3,24371552"
"";"31.10.2025 06:45:00";"NO SIGNAL";"3,2382";"3,2401";"3,2365";"3,2393";"3,23925018";"3,24304628"
"";"31.10.2025 06:46:00";"NO SIGNAL";"3,2393";"3,2426";"3,2393";"3,2408";"3,23917508";"3,24246907"
"";"31.10.2025 06:47:00";"NO SIGNAL";"3,2408";"3,2412";"3,2382";"3,2403";"3,23967505";"3,24153852"
"";"31.10.2025 06:48:00";"NO SIGNAL";"3,2402";"3,2427";"3,2393";"3,2396";"3,23999977";"3,2408464"
"";"31.10.2025 06:49:00";"NO SIGNAL";"3,2395";"3,2404";"3,2384";"3,2402";"3,24022508";"3,24050832"
"";"31.10.2025 06:50:00";"NO SIGNAL";"3,2402";"3,2408";"3,2379";"3,2383";"3,23960018";"3,24011588"
"";"31.10.2025 06:51:00";"NO SIGNAL";"3,2382";"3,2404";"3,2374";"3,2400";"3,23952508";"3,23996973"
"514";"31.10.2025 06:52:00";"BUY";"3,2399";"3,2432";"3,2399";"3,2421";"3,24014997";"3,23998475"
"";"31.10.2025 06:53:00";"NO SIGNAL";"3,2422";"3,2423";"3,2401";"3,2405";"3,24022508";"3,23991561"
"";"31.10.2025 06:54:00";"NO SIGNAL";"3,2405";"3,2415";"3,2403";"3,2408";"3,24084997";"3,23996925"
"";"31.10.2025 06:55:00";"NO SIGNAL";"3,2409";"3,2431";"3,2409";"3,2431";"3,24162483";"3,24012303"
"";"31.10.2025 06:56:00";"NO SIGNAL";"3,2432";"3,2452";"3,2432";"3,2444";"3,2421999";"3,24059224"
"";"31.10.2025 06:57:00";"NO SIGNAL";"3,2444";"3,2448";"3,2435";"3,2441";"3,24309993";"3,24103856"
"";"31.10.2025 06:58:00";"NO SIGNAL";"3,2442";"3,2466";"3,2442";"3,2449";"3,24412513";"3,24146938"
"";"31.10.2025 06:59:00";"NO SIGNAL";"3,2450";"3,2463";"3,2450";"3,2463";"3,24492502";"3,24189234"
"";"31.10.2025 07:00:00";"NO SIGNAL";"3,2463";"3,2520";"3,2452";"3,2500";"3,24632502";"3,24263859"
"";"31.10.2025 07:01:00";"NO SIGNAL";"3,2501";"3,2505";"3,2468";"3,2468";"3,24699998";"3,24319267"
"";"31.10.2025 07:02:00";"NO SIGNAL";"3,2468";"3,2471";"3,2414";"3,2433";"3,24659991";"3,24343133"
"";"31.10.2025 07:03:00";"NO SIGNAL";"3,2432";"3,2439";"3,2373";"3,2387";"3,24469995";"3,24346185"
"515";"31.10.2025 07:04:00";"SELL";"3,2386";"3,2399";"3,2363";"3,2388";"3,24189997";"3,24336934"
"";"31.10.2025 07:05:00";"NO SIGNAL";"3,2386";"3,2386";"3,2366";"3,2376";"3,23960018";"3,24302316"
"";"31.10.2025 07:06:00";"NO SIGNAL";"3,2375";"3,2380";"3,2339";"3,2347";"3,23744988";"3,24257684"
"";"31.10.2025 07:07:00";"NO SIGNAL";"3,2348";"3,2379";"3,2348";"3,2356";"3,23667502";"3,24217677"
"";"31.10.2025 07:08:00";"NO SIGNAL";"3,2357";"3,2372";"3,2341";"3,2341";"3,2355001";"3,24148488"
"";"31.10.2025 07:09:00";"NO SIGNAL";"3,2341";"3,2375";"3,2335";"3,2359";"3,23507524";"3,24083066"
"";"31.10.2025 07:10:00";"NO SIGNAL";"3,2358";"3,2389";"3,2357";"3,2381";"3,2359252";"3,24036956"
"";"31.10.2025 07:11:00";"NO SIGNAL";"3,2381";"3,2435";"3,2381";"3,2435";"3,23790002";"3,24026179"
"";"31.10.2025 07:12:00";"NO SIGNAL";"3,2435";"3,2436";"3,2407";"3,2413";"3,23970008";"3,23987699"
"516";"31.10.2025 07:13:00";"BUY";"3,2413";"3,2418";"3,2403";"3,2418";"3,24117494";"3,23924661"
"";"31.10.2025 07:14:00";"NO SIGNAL";"3,2419";"3,2437";"3,2409";"3,2437";"3,24257517";"3,23900795"
"";"31.10.2025 07:15:00";"NO SIGNAL";"3,2436";"3,2436";"3,2407";"3,2407";"3,24187517";"3,23880792"
"";"31.10.2025 07:16:00";"NO SIGNAL";"3,2407";"3,2408";"3,2359";"3,2382";"3,24110007";"3,23876905"
"";"31.10.2025 07:17:00";"NO SIGNAL";"3,2383";"3,2384";"3,2362";"3,2364";"3,23974991";"3,23858452"
"517";"31.10.2025 07:18:00";"SELL";"3,2363";"3,2372";"3,2344";"3,2372";"3,23812485";"3,238554"
"";"31.10.2025 07:19:00";"NO SIGNAL";"3,2373";"3,2426";"3,2372";"3,2378";"3,23740005";"3,23879266"
"";"31.10.2025 07:20:00";"NO SIGNAL";"3,2379";"3,2400";"3,2379";"3,2389";"3,23757482";"3,23904657"
"";"31.10.2025 07:21:00";"NO SIGNAL";"3,2389";"3,2389";"3,2367";"3,2369";"3,23769999";"3,23926139"
"";"31.10.2025 07:22:00";"NO SIGNAL";"3,2370";"3,2419";"3,2352";"3,2367";"3,23757505";"3,23932314"
"";"31.10.2025 07:23:00";"NO SIGNAL";"3,2368";"3,2401";"3,2368";"3,2398";"3,23807502";"3,23945355"
"";"31.10.2025 07:24:00";"NO SIGNAL";"3,2398";"3,2419";"3,2398";"3,2408";"3,23855019";"3,23924589"
"";"31.10.2025 07:25:00";"NO SIGNAL";"3,2408";"3,2408";"3,2375";"3,2375";"3,23869991";"3,23895383"
"518";"31.10.2025 07:26:00";"BUY";"3,2374";"3,2378";"3,2357";"3,2374";"3,23887491";"3,23861527"
"";"31.10.2025 07:27:00";"NO SIGNAL";"3,2373";"3,2376";"3,2350";"3,2374";"3,23827505";"3,23813105"
"519";"31.10.2025 07:28:00";"SELL";"3,2365";"3,2371";"3,2357";"3,2365";"3,23720002";"3,23780799"
"";"31.10.2025 07:29:00";"NO SIGNAL";"3,2361";"3,2387";"3,2357";"3,2377";"3,23725009";"3,2377696"
"520";"31.10.2025 07:30:00";"BUY";"3,2377";"3,2417";"3,2377";"3,2417";"3,23832488";"3,23817682"
"";"31.10.2025 07:31:00";"NO SIGNAL";"3,2416";"3,2416";"3,2389";"3,2401";"3,23899984";"3,23839998"
"";"31.10.2025 07:32:00";"NO SIGNAL";"3,2400";"3,2419";"3,2389";"3,2412";"3,24017477";"3,23866177"
"";"31.10.2025 07:33:00";"NO SIGNAL";"3,2414";"3,2427";"3,2387";"3,2388";"3,24045014";"3,23865414"
"";"31.10.2025 07:34:00";"NO SIGNAL";"3,2392";"3,2419";"3,2392";"3,2416";"3,24042487";"3,23901558"
"";"31.10.2025 07:35:00";"NO SIGNAL";"3,2415";"3,2440";"3,2401";"3,2438";"3,24135017";"3,23956156"
"";"31.10.2025 07:36:00";"NO SIGNAL";"3,2440";"3,2459";"3,2424";"3,2425";"3,2416749";"3,23976922"
"";"31.10.2025 07:37:00";"NO SIGNAL";"3,2425";"3,2431";"3,2351";"3,2356";"3,24087501";"3,23936939"
"521";"31.10.2025 07:38:00";"SELL";"3,2362";"3,2371";"3,2316";"3,2321";"3,23850012";"3,23895383"
"";"31.10.2025 07:39:00";"NO SIGNAL";"3,2320";"3,2366";"3,2320";"3,2356";"3,2364502";"3,23881555"
"";"31.10.2025 07:40:00";"NO SIGNAL";"3,2353";"3,2403";"3,2353";"3,2384";"3,235425";"3,23889232"
"";"31.10.2025 07:41:00";"NO SIGNAL";"3,2384";"3,2391";"3,2344";"3,2357";"3,23544979";"3,23883104"
"";"31.10.2025 07:42:00";"NO SIGNAL";"3,2356";"3,2357";"3,2341";"3,2352";"3,23622465";"3,23863816"
"";"31.10.2025 07:43:00";"NO SIGNAL";"3,2349";"3,2369";"3,2346";"3,2352";"3,23612499";"3,23813844"
"";"31.10.2025 07:44:00";"NO SIGNAL";"3,2351";"3,2358";"3,2337";"3,2352";"3,23532486";"3,2377615"
"";"31.10.2025 07:45:00";"NO SIGNAL";"3,2352";"3,2359";"3,2331";"3,2331";"3,23467493";"3,23713851"
"";"31.10.2025 07:46:00";"NO SIGNAL";"3,2330";"3,2345";"3,2316";"3,2316";"3,2337749";"3,23658466"
"";"31.10.2025 07:47:00";"NO SIGNAL";"3,2316";"3,2339";"3,2313";"3,2323";"3,23305011";"3,23586941"
"";"31.10.2025 07:48:00";"NO SIGNAL";"3,2323";"3,2329";"3,2297";"3,2314";"3,23210001";"3,23491573"
"";"31.10.2025 07:49:00";"NO SIGNAL";"3,2313";"3,2337";"3,2307";"3,2307";"3,23149991";"3,23400784"
"";"31.10.2025 07:50:00";"NO SIGNAL";"3,2307";"3,2338";"3,2279";"3,2281";"3,23062515";"3,23343062"
"";"31.10.2025 07:51:00";"NO SIGNAL";"3,2280";"3,2290";"3,2261";"3,2261";"3,22907495";"3,23296905"
"";"31.10.2025 07:52:00";"NO SIGNAL";"3,2262";"3,2283";"3,2261";"3,2264";"3,22782516";"3,23226118"
"";"31.10.2025 07:53:00";"NO SIGNAL";"3,2265";"3,2316";"3,2265";"3,2313";"3,22797489";"3,2317152"
"";"31.10.2025 07:54:00";"NO SIGNAL";"3,2312";"3,2312";"3,2299";"3,2302";"3,22850013";"3,23129225"
"";"31.10.2025 07:55:00";"NO SIGNAL";"3,2303";"3,2315";"3,2289";"3,2289";"3,22919989";"3,23080754"
"";"31.10.2025 07:56:00";"NO SIGNAL";"3,2292";"3,2307";"3,2282";"3,2307";"3,23027515";"3,23046184"
"";"31.10.2025 07:57:00";"NO SIGNAL";"3,2306";"3,2307";"3,2293";"3,2298";"3,22989988";"3,23004651"
"522";"31.10.2025 07:58:00";"BUY";"3,2299";"3,2344";"3,2297";"3,2340";"3,23084998";"3,23011589"
"";"31.10.2025 07:59:00";"NO SIGNAL";"3,2340";"3,2342";"3,2310";"3,2312";"3,23142481";"3,23008466"
"";"31.10.2025 08:00:00";"NO SIGNAL";"3,2311";"3,2342";"3,2278";"3,2280";"3,23075008";"3,22975397"
"";"31.10.2025 08:01:00";"NO SIGNAL";"3,2280";"3,2280";"3,2257";"3,2262";"3,22985005";"3,22935414"
"523";"31.10.2025 08:02:00";"SELL";"3,2263";"3,2295";"3,2259";"3,2295";"3,22872496";"3,2292614"
"";"31.10.2025 08:03:00";"NO SIGNAL";"3,2295";"3,2320";"3,2286";"3,2320";"3,22892499";"3,22956157"
"524";"31.10.2025 08:04:00";"BUY";"3,2321";"3,2367";"3,2303";"3,2354";"3,23077512";"3,23027706"
"";"31.10.2025 08:05:00";"NO SIGNAL";"3,2353";"3,2392";"3,2350";"3,2364";"3,233325";"3,23104644"
"";"31.10.2025 08:06:00";"NO SIGNAL";"3,2363";"3,2370";"3,2271";"3,2273";"3,23277497";"3,23073888"
"";"31.10.2025 08:07:00";"NO SIGNAL";"3,2274";"3,2276";"3,2244";"3,2246";"3,23092508";"3,23030806"
"525";"31.10.2025 08:08:00";"SELL";"3,2246";"3,2247";"3,2225";"3,2234";"3,22792482";"3,22988486"
"";"31.10.2025 08:09:00";"NO SIGNAL";"3,2234";"3,2241";"3,2225";"3,2241";"3,22484994";"3,22937727"
"";"31.10.2025 08:10:00";"NO SIGNAL";"3,2242";"3,2248";"3,2207";"3,2220";"3,22352505";"3,22877717"
"";"31.10.2025 08:11:00";"NO SIGNAL";"3,2219";"3,2219";"3,2168";"3,2189";"3,22210002";"3,22761583"
"";"31.10.2025 08:12:00";"NO SIGNAL";"3,2188";"3,2220";"3,2171";"3,2194";"3,22110009";"3,22670794"
"";"31.10.2025 08:13:00";"NO SIGNAL";"3,2195";"3,2202";"3,2177";"3,2178";"3,21952486";"3,2259233"
"";"31.10.2025 08:14:00";"NO SIGNAL";"3,2177";"3,2177";"3,2118";"3,2141";"3,21755004";"3,22499251"
"";"31.10.2025 08:15:00";"NO SIGNAL";"3,2142";"3,2171";"3,2139";"3,2169";"3,21705008";"3,2240231"
"";"31.10.2025 08:16:00";"NO SIGNAL";"3,2170";"3,2199";"3,2170";"3,2192";"3,21700001";"3,22303867"
"";"31.10.2025 08:17:00";"NO SIGNAL";"3,2192";"3,2246";"3,2192";"3,2236";"3,21844983";"3,22213101"
"";"31.10.2025 08:18:00";"NO SIGNAL";"3,2237";"3,2253";"3,2206";"3,2243";"3,22099996";"3,22120023"
"526";"31.10.2025 08:19:00";"BUY";"3,2243";"3,2262";"3,2234";"3,2262";"3,22332501";"3,22111559"
"";"31.10.2025 08:20:00";"NO SIGNAL";"3,2262";"3,2307";"3,2255";"3,2280";"3,2255249";"3,22137737"
"";"31.10.2025 08:21:00";"NO SIGNAL";"3,2279";"3,2289";"3,2238";"3,2238";"3,22557497";"3,22140741"
"";"31.10.2025 08:22:00";"NO SIGNAL";"3,2238";"3,2254";"3,2218";"3,2248";"3,2256999";"3,22146153"
"";"31.10.2025 08:23:00";"NO SIGNAL";"3,2249";"3,2299";"3,2245";"3,2296";"3,22654986";"3,22204614"
"";"31.10.2025 08:24:00";"NO SIGNAL";"3,2295";"3,2300";"3,2279";"3,2300";"3,22705007";"3,22290015"
"";"31.10.2025 08:25:00";"NO SIGNAL";"3,2299";"3,2313";"3,2285";"3,2290";"3,22835016";"3,22363877"
"";"31.10.2025 08:26:00";"NO SIGNAL";"3,2289";"3,2303";"3,2239";"3,2243";"3,22822499";"3,2241385"
"";"31.10.2025 08:27:00";"NO SIGNAL";"3,2243";"3,2251";"3,2199";"3,2199";"3,22580004";"3,22458482"
"527";"31.10.2025 08:28:00";"SELL";"3,2199";"3,2231";"3,2196";"3,2196";"3,22319984";"3,22479224"
"";"31.10.2025 08:29:00";"NO SIGNAL";"3,2196";"3,2281";"3,2194";"3,2231";"3,22172499";"3,22509241"
"";"31.10.2025 08:30:00";"NO SIGNAL";"3,2230";"3,2245";"3,2175";"3,2180";"3,22014999";"3,22466183"
"";"31.10.2025 08:31:00";"NO SIGNAL";"3,2180";"3,2193";"3,2127";"3,2135";"3,21854997";"3,22383094"
"";"31.10.2025 08:32:00";"NO SIGNAL";"3,2134";"3,2137";"3,2080";"3,2092";"3,21594977";"3,22252321"
"";"31.10.2025 08:33:00";"NO SIGNAL";"3,2092";"3,2132";"3,2092";"3,2132";"3,21347523";"3,221385"
"";"31.10.2025 08:34:00";"NO SIGNAL";"3,2132";"3,2155";"3,2122";"3,2130";"3,21222496";"3,22055387"
"";"31.10.2025 08:35:00";"NO SIGNAL";"3,2130";"3,2147";"3,2089";"3,2091";"3,2111249";"3,21934605"
"";"31.10.2025 08:36:00";"NO SIGNAL";"3,2090";"3,2090";"3,2067";"3,2069";"3,21054983";"3,21760011"
"";"31.10.2025 08:37:00";"NO SIGNAL";"3,2070";"3,2086";"3,2059";"3,2079";"3,20922494";"3,21590018"
"";"31.10.2025 08:38:00";"NO SIGNAL";"3,2079";"3,2079";"3,2051";"3,2051";"3,20724988";"3,2140615"
"";"31.10.2025 08:39:00";"NO SIGNAL";"3,2051";"3,2059";"3,2014";"3,2045";"3,20609999";"3,21253824"
"";"31.10.2025 08:40:00";"NO SIGNAL";"3,2045";"3,2092";"3,2041";"3,2091";"3,20665002";"3,21170759"
"";"31.10.2025 08:41:00";"NO SIGNAL";"3,2092";"3,2142";"3,2085";"3,2142";"3,20822501";"3,21129251"
"528";"31.10.2025 08:42:00";"BUY";"3,2141";"3,2158";"3,2110";"3,2155";"3,21082497";"3,2107079"
"";"31.10.2025 08:43:00";"NO SIGNAL";"3,2153";"3,2158";"3,2129";"3,2158";"3,21364999";"3,21053863"
"";"31.10.2025 08:44:00";"NO SIGNAL";"3,2158";"3,2158";"3,2118";"3,2128";"3,21457505";"3,21048522"
"";"31.10.2025 08:45:00";"NO SIGNAL";"3,2128";"3,2159";"3,2128";"3,2157";"3,21495008";"3,21098518"
"";"31.10.2025 08:46:00";"NO SIGNAL";"3,2157";"3,2167";"3,2132";"3,2143";"3,21464992";"3,21106958"
"";"31.10.2025 08:47:00";"NO SIGNAL";"3,2143";"3,2160";"3,2127";"3,2160";"3,21469998";"3,21130037"
"";"31.10.2025 08:48:00";"NO SIGNAL";"3,2159";"3,2172";"3,2117";"3,2128";"3,21469998";"3,21158504"
"";"31.10.2025 08:49:00";"NO SIGNAL";"3,2131";"3,2194";"3,2131";"3,2158";"3,21472502";"3,21226931"
"";"31.10.2025 08:50:00";"NO SIGNAL";"3,2157";"3,2175";"3,2142";"3,2142";"3,21470022";"3,21275401"
"";"31.10.2025 08:51:00";"NO SIGNAL";"3,2141";"3,2179";"3,2141";"3,2168";"3,21490002";"3,2136538"
"";"31.10.2025 08:52:00";"NO SIGNAL";"3,2168";"3,2204";"3,2167";"3,2178";"3,21615005";"3,21467686"
"";"31.10.2025 08:53:00";"NO SIGNAL";"3,2178";"3,2185";"3,2163";"3,2178";"3,21665001";"3,21534634"
"";"31.10.2025 08:54:00";"NO SIGNAL";"3,2178";"3,2184";"3,2157";"3,2163";"3,21717501";"3,21550798"
"";"31.10.2025 08:55:00";"NO SIGNAL";"3,2163";"3,2209";"3,2159";"3,2206";"3,2181251";"3,21589994"
"";"31.10.2025 08:56:00";"NO SIGNAL";"3,2206";"3,2218";"3,2161";"3,2177";"3,21810007";"3,21604609"
"";"31.10.2025 08:57:00";"NO SIGNAL";"3,2176";"3,2181";"3,2155";"3,2163";"3,21772504";"3,21631527"
"";"31.10.2025 08:58:00";"NO SIGNAL";"3,2163";"3,2178";"3,2153";"3,2153";"3,21747494";"3,21628475"
"";"31.10.2025 08:59:00";"NO SIGNAL";"3,2152";"3,2180";"3,2139";"3,2169";"3,21655011";"3,21648479"
"529";"31.10.2025 09:00:00";"SELL";"3,2169";"3,2178";"3,2145";"3,2157";"3,21604991";"3,21646166"
"";"31.10.2025 09:01:00";"NO SIGNAL";"3,2157";"3,2213";"3,2155";"3,2187";"3,21665001";"3,21691585"
"530";"31.10.2025 09:02:00";"BUY";"3,2187";"3,2281";"3,2187";"3,2242";"3,21887493";"3,21756172"
"";"31.10.2025 09:03:00";"NO SIGNAL";"3,2242";"3,2242";"3,2155";"3,2156";"3,21855021";"3,21766973"
"";"31.10.2025 09:04:00";"NO SIGNAL";"3,2160";"3,2178";"3,2104";"3,2107";"3,21729994";"3,21720028"
"531";"31.10.2025 09:05:00";"SELL";"3,2104";"3,2140";"3,2103";"3,2128";"3,21582508";"3,21681571"
"";"31.10.2025 09:06:00";"NO SIGNAL";"3,2128";"3,2139";"3,2099";"3,2099";"3,21224999";"3,21620798"
"";"31.10.2025 09:07:00";"NO SIGNAL";"3,2098";"3,2127";"3,2096";"3,2115";"3,21122503";"3,21583891"
"";"31.10.2025 09:08:00";"NO SIGNAL";"3,2116";"3,2142";"3,2116";"3,2142";"3,21210003";"3,21534657"
"";"31.10.2025 09:09:00";"NO SIGNAL";"3,2141";"3,2157";"3,2108";"3,2108";"3,21160007";"3,21481562"
"";"31.10.2025 09:10:00";"NO SIGNAL";"3,2107";"3,2176";"3,2106";"3,2176";"3,21352506";"3,21491528"
"532";"31.10.2025 09:11:00";"BUY";"3,2176";"3,2192";"3,2171";"3,2191";"3,21542501";"3,21520782"
"";"31.10.2025 09:12:00";"NO SIGNAL";"3,2191";"3,2191";"3,2157";"3,2158";"3,21582508";"3,21512318"
"";"31.10.2025 09:13:00";"NO SIGNAL";"3,2157";"3,2157";"3,2127";"3,2127";"3,21630001";"3,21489263"
"";"31.10.2025 09:14:00";"NO SIGNAL";"3,2128";"3,2140";"3,2120";"3,2140";"3,21539998";"3,21453118"
"";"31.10.2025 09:15:00";"NO SIGNAL";"3,2140";"3,2142";"3,2119";"3,2134";"3,21397495";"3,21370006"
"";"31.10.2025 09:16:00";"NO SIGNAL";"3,2133";"3,2161";"3,2133";"3,2158";"3,21397495";"3,21371531"
"";"31.10.2025 09:17:00";"NO SIGNAL";"3,2159";"3,2218";"3,2154";"3,2209";"3,21602488";"3,21449995"
"";"31.10.2025 09:18:00";"NO SIGNAL";"3,2208";"3,2213";"3,2169";"3,2210";"3,21777511";"3,21513057"
"";"31.10.2025 09:19:00";"NO SIGNAL";"3,2210";"3,2212";"3,2189";"3,2196";"3,21932507";"3,21587706"
"";"31.10.2025 09:20:00";"NO SIGNAL";"3,2194";"3,2196";"3,2139";"3,2139";"3,21885014";"3,21606159"
"";"31.10.2025 09:21:00";"NO SIGNAL";"3,2139";"3,2142";"3,2116";"3,2116";"3,21652484";"3,2158618"
"533";"31.10.2025 09:22:00";"SELL";"3,2115";"3,2123";"3,2099";"3,2099";"3,21375012";"3,21579289"
"";"31.10.2025 09:23:00";"NO SIGNAL";"3,2099";"3,2108";"3,2090";"3,2091";"3,2111249";"3,21513867"
"";"31.10.2025 09:24:00";"NO SIGNAL";"3,2091";"3,2098";"3,2071";"3,2076";"3,20955014";"3,21425414"
"";"31.10.2025 09:25:00";"NO SIGNAL";"3,2076";"3,2085";"3,2073";"3,2081";"3,20867491";"3,21366167"
"";"31.10.2025 09:26:00";"NO SIGNAL";"3,2081";"3,2081";"3,2038";"3,2040";"3,20719981";"3,21299267"
"";"31.10.2025 09:27:00";"NO SIGNAL";"3,2041";"3,2046";"3,2024";"3,2038";"3,20587492";"3,21220827"
"";"31.10.2025 09:28:00";"NO SIGNAL";"3,2038";"3,2067";"3,2037";"3,2065";"3,20560002";"3,21167731"
"";"31.10.2025 09:29:00";"NO SIGNAL";"3,2065";"3,2069";"3,2061";"3,2062";"3,20512486";"3,21093869"
"";"31.10.2025 09:30:00";"NO SIGNAL";"3,2062";"3,2110";"3,2062";"3,2110";"3,20687509";"3,21017742"
"";"31.10.2025 09:31:00";"NO SIGNAL";"3,2110";"3,2127";"3,2107";"3,2121";"3,20895004";"3,20949268"
"534";"31.10.2025 09:32:00";"BUY";"3,2121";"3,2134";"3,2121";"3,2128";"3,21052504";"3,20896959"
"";"31.10.2025 09:33:00";"NO SIGNAL";"3,2128";"3,2145";"3,2124";"3,2124";"3,21207523";"3,2088542"
"";"31.10.2025 09:34:00";"NO SIGNAL";"3,2125";"3,2160";"3,2125";"3,2133";"3,21265006";"3,20898485"
"";"31.10.2025 09:35:00";"NO SIGNAL";"3,2133";"3,2133";"3,2103";"3,2104";"3,2122252";"3,209023"
"";"31.10.2025 09:36:00";"NO SIGNAL";"3,2103";"3,2111";"3,2087";"3,2102";"3,21157503";"3,20910764"
"";"31.10.2025 09:37:00";"NO SIGNAL";"3,2102";"3,2127";"3,2099";"3,2125";"3,21160007";"3,20948458"
"";"31.10.2025 09:38:00";"NO SIGNAL";"3,2124";"3,2147";"3,2115";"3,2147";"3,2119503";"3,20999265"
"";"31.10.2025 09:39:00";"NO SIGNAL";"3,2146";"3,2149";"3,2128";"3,2149";"3,21307492";"3,21083117"
"";"31.10.2025 09:40:00";"NO SIGNAL";"3,2148";"3,2170";"3,2145";"3,2164";"3,21462488";"3,2118001"
"";"31.10.2025 09:41:00";"NO SIGNAL";"3,2165";"3,2192";"3,2165";"3,2181";"3,21602488";"3,2126925"
"";"31.10.2025 09:42:00";"NO SIGNAL";"3,2181";"3,2203";"3,2181";"3,2198";"3,21729994";"3,21373844"
"";"31.10.2025 09:43:00";"NO SIGNAL";"3,2198";"3,2202";"3,2186";"3,2187";"3,21825004";"3,21433067"
"";"31.10.2025 09:44:00";"NO SIGNAL";"3,2189";"3,2189";"3,2175";"3,2184";"3,21875";"3,21481538"
"";"31.10.2025 09:45:00";"NO SIGNAL";"3,2183";"3,2212";"3,2181";"3,2193";"3,21905017";"3,21531534"
"";"31.10.2025 09:46:00";"NO SIGNAL";"3,2191";"3,2209";"3,2174";"3,2209";"3,21932507";"3,21596932"
"";"31.10.2025 09:47:00";"NO SIGNAL";"3,2209";"3,2209";"3,2186";"3,2187";"3,21932507";"3,21638465"
"";"31.10.2025 09:48:00";"NO SIGNAL";"3,2187";"3,2201";"3,2187";"3,2201";"3,21975017";"3,2171309"
"";"31.10.2025 09:49:00";"NO SIGNAL";"3,2201";"3,2256";"3,2201";"3,2245";"3,22104979";"3,21823072"
"";"31.10.2025 09:50:00";"NO SIGNAL";"3,2246";"3,2268";"3,2230";"3,2258";"3,22227526";"3,21925402"
"";"31.10.2025 09:51:00";"NO SIGNAL";"3,2258";"3,2262";"3,2231";"3,2240";"3,22359991";"3,21996927"
"";"31.10.2025 09:52:00";"NO SIGNAL";"3,2240";"3,2241";"3,2211";"3,2214";"3,22392488";"3,22046947"
"";"31.10.2025 09:53:00";"NO SIGNAL";"3,2215";"3,2220";"3,2194";"3,2198";"3,22275019";"3,22073102"
"";"31.10.2025 09:54:00";"NO SIGNAL";"3,2198";"3,2211";"3,2192";"3,2196";"3,22119999";"3,22084618"
"535";"31.10.2025 09:55:00";"SELL";"3,2195";"3,2214";"3,2185";"3,2185";"3,21982503";"3,22074628"
"";"31.10.2025 09:56:00";"NO SIGNAL";"3,2184";"3,2185";"3,2161";"3,2181";"3,21899986";"3,22070003"
"";"31.10.2025 09:57:00";"NO SIGNAL";"3,2181";"3,2181";"3,2147";"3,2168";"3,21825004";"3,220577"
"";"31.10.2025 09:58:00";"NO SIGNAL";"3,2169";"3,2181";"3,2160";"3,2164";"3,21745014";"3,22035408"
"";"31.10.2025 09:59:00";"NO SIGNAL";"3,2166";"3,2182";"3,2155";"3,2173";"3,21714973";"3,22007704"
"";"31.10.2025 10:00:00";"NO SIGNAL";"3,2173";"3,2208";"3,2173";"3,2181";"3,21714997";"3,22003102"
"";"31.10.2025 10:01:00";"NO SIGNAL";"3,2181";"3,2207";"3,2173";"3,2206";"3,21810007";"3,22006941"
"536";"31.10.2025 10:02:00";"BUY";"3,2206";"3,2252";"3,2206";"3,2249";"3,22022486";"3,22010016"
"";"31.10.2025 10:03:00";"NO SIGNAL";"3,2250";"3,2312";"3,2250";"3,2300";"3,22340012";"3,22042322"
"";"31.10.2025 10:04:00";"NO SIGNAL";"3,2300";"3,2318";"3,2294";"3,2314";"3,2267251";"3,22099257"
"";"31.10.2025 10:05:00";"NO SIGNAL";"3,2313";"3,2314";"3,2268";"3,2275";"3,22845006";"3,22146153"
"";"31.10.2025 10:06:00";"NO SIGNAL";"3,2275";"3,2278";"3,2244";"3,2248";"3,22842503";"3,2218461"
"";"31.10.2025 10:07:00";"NO SIGNAL";"3,2248";"3,2257";"3,2233";"3,2244";"3,22702503";"3,22221541"
"";"31.10.2025 10:08:00";"NO SIGNAL";"3,2245";"3,2253";"3,2178";"3,2184";"3,22377515";"3,22220802"
"";"31.10.2025 10:09:00";"NO SIGNAL";"3,2184";"3,2296";"3,2184";"3,2269";"3,22362518";"3,22288489"
"";"31.10.2025 10:10:00";"NO SIGNAL";"3,2270";"3,2302";"3,2261";"3,2281";"3,22445011";"3,22375417"
"";"31.10.2025 10:11:00";"NO SIGNAL";"3,2280";"3,2288";"3,2279";"3,2283";"3,225425";"3,22466946"
"";"31.10.2025 10:12:00";"NO SIGNAL";"3,2283";"3,2283";"3,2263";"3,2281";"3,22784996";"3,22550011"
"";"31.10.2025 10:13:00";"NO SIGNAL";"3,2281";"3,2305";"3,2280";"3,2305";"3,22874999";"3,22645378"
"";"31.10.2025 10:14:00";"NO SIGNAL";"3,2306";"3,2323";"3,2306";"3,2312";"3,22952509";"3,22726917"
"";"31.10.2025 10:15:00";"NO SIGNAL";"3,2312";"3,2376";"3,2312";"3,2376";"3,23184991";"3,22824645"
"";"31.10.2025 10:16:00";"NO SIGNAL";"3,2375";"3,2383";"3,2332";"3,2350";"3,23357511";"3,22863102"
"";"31.10.2025 10:17:00";"NO SIGNAL";"3,2350";"3,2398";"3,2336";"3,2398";"3,23590016";"3,22927713"
"";"31.10.2025 10:18:00";"NO SIGNAL";"3,2397";"3,2397";"3,2318";"3,2318";"3,23605013";"3,22960758"
"";"31.10.2025 10:19:00";"NO SIGNAL";"3,2317";"3,2322";"3,2293";"3,2322";"3,23469996";"3,23017693"
"";"31.10.2025 10:20:00";"NO SIGNAL";"3,2323";"3,2388";"3,2323";"3,2388";"3,23565006";"3,23128462"
"";"31.10.2025 10:21:00";"NO SIGNAL";"3,2388";"3,2456";"3,2387";"3,2429";"3,23642492";"3,23316979"
"";"31.10.2025 10:22:00";"NO SIGNAL";"3,2428";"3,2428";"3,2413";"3,2428";"3,23917484";"3,2343924"
"";"31.10.2025 10:23:00";"NO SIGNAL";"3,2429";"3,2457";"3,2428";"3,2447";"3,24230003";"3,23566914"
"";"31.10.2025 10:24:00";"NO SIGNAL";"3,2447";"3,2456";"3,2406";"3,2406";"3,24274993";"3,23661542"
"";"31.10.2025 10:25:00";"NO SIGNAL";"3,2413";"3,2417";"3,2371";"3,2373";"3,24134994";"3,23732305"
"";"31.10.2025 10:26:00";"NO SIGNAL";"3,2372";"3,2392";"3,2360";"3,2376";"3,24004984";"3,2378695"
"537";"31.10.2025 10:27:00";"SELL";"3,2375";"3,2386";"3,2372";"3,2375";"3,23825026";"3,23835397"
"";"31.10.2025 10:28:00";"NO SIGNAL";"3,2375";"3,2383";"3,2374";"3,2379";"3,23757505";"3,23837709"
"";"31.10.2025 10:29:00";"NO SIGNAL";"3,2380";"3,2385";"3,2367";"3,2379";"3,23772502";"3,23860002"
"";"31.10.2025 10:30:00";"NO SIGNAL";"3,2379";"3,2412";"3,2379";"3,2406";"3,23847508";"3,23866177"
"";"31.10.2025 10:31:00";"NO SIGNAL";"3,2405";"3,2413";"3,2359";"3,2372";"3,23839998";"3,23907709"
"";"31.10.2025 10:32:00";"NO SIGNAL";"3,2372";"3,2372";"3,2337";"3,2338";"3,23737478";"3,23920035"
"";"31.10.2025 10:33:00";"NO SIGNAL";"3,2338";"3,2354";"3,2331";"3,2348";"3,23659992";"3,23889256"
"";"31.10.2025 10:34:00";"NO SIGNAL";"3,2347";"3,2347";"3,2330";"3,2340";"3,23495007";"3,23820806"
"";"31.10.2025 10:35:00";"NO SIGNAL";"3,2339";"3,2362";"3,2318";"3,2323";"3,23372507";"3,23740029"
"";"31.10.2025 10:36:00";"NO SIGNAL";"3,2323";"3,2339";"3,2323";"3,2339";"3,2337501";"3,2365694"
"";"31.10.2025 10:37:00";"NO SIGNAL";"3,2339";"3,2370";"3,2320";"3,2320";"3,23305011";"3,23590779"
"";"31.10.2025 10:38:00";"NO SIGNAL";"3,2320";"3,2469";"3,2309";"3,2437";"3,23547506";"3,23640013"
"538";"31.10.2025 10:39:00";"BUY";"3,2438";"3,2475";"3,2438";"3,2474";"3,23925018";"3,23715377"
"";"31.10.2025 10:40:00";"NO SIGNAL";"3,2472";"3,2502";"3,2472";"3,2502";"3,24332523";"3,23813105"
"";"31.10.2025 10:41:00";"NO SIGNAL";"3,2503";"3,2526";"3,2498";"3,2516";"3,24822497";"3,23918486"
"";"31.10.2025 10:42:00";"NO SIGNAL";"3,2518";"3,2550";"3,2518";"3,2550";"3,25105023";"3,24050045"
"";"31.10.2025 10:43:00";"NO SIGNAL";"3,2550";"3,2561";"3,2536";"3,2542";"3,25275016";"3,24154615"
"";"31.10.2025 10:44:00";"NO SIGNAL";"3,2542";"3,2556";"3,2527";"3,2535";"3,25357509";"3,2428"
"";"31.10.2025 10:45:00";"NO SIGNAL";"3,2534";"3,2548";"3,2509";"3,2512";"3,25347495";"3,24413872"
"";"31.10.2025 10:46:00";"NO SIGNAL";"3,2513";"3,2585";"3,2512";"3,2578";"3,25417495";"3,24590778"
"";"31.10.2025 10:47:00";"NO SIGNAL";"3,2577";"3,2642";"3,2549";"3,2620";"3,25612497";"3,24806166"
"";"31.10.2025 10:48:00";"NO SIGNAL";"3,2620";"3,2629";"3,2588";"3,2588";"3,2574501";"3,2500999"
"";"31.10.2025 10:49:00";"NO SIGNAL";"3,2588";"3,2597";"3,2571";"3,2590";"3,25940013";"3,25203109"
"";"31.10.2025 10:50:00";"NO SIGNAL";"3,2589";"3,2614";"3,2578";"3,2599";"3,25992513";"3,25417686"
"";"31.10.2025 10:51:00";"NO SIGNAL";"3,2598";"3,2598";"3,2522";"3,2555";"3,25829983";"3,25508451"
"";"31.10.2025 10:52:00";"NO SIGNAL";"3,2556";"3,2662";"3,2556";"3,2651";"3,25987506";"3,25644612"
"";"31.10.2025 10:53:00";"NO SIGNAL";"3,2650";"3,2665";"3,2646";"3,2662";"3,26167512";"3,25767708"
"";"31.10.2025 10:54:00";"NO SIGNAL";"3,2661";"3,2661";"3,2620";"3,2620";"3,26220012";"3,25847745"
"";"31.10.2025 10:55:00";"NO SIGNAL";"3,2619";"3,2633";"3,2547";"3,2568";"3,26252508";"3,25861573"
"";"31.10.2025 10:56:00";"NO SIGNAL";"3,2566";"3,2579";"3,2519";"3,2547";"3,25992513";"3,25865412"
"539";"31.10.2025 10:57:00";"SELL";"3,2549";"3,2566";"3,2527";"3,2527";"3,25655007";"3,25859284"
"";"31.10.2025 10:58:00";"NO SIGNAL";"3,2526";"3,2527";"3,2471";"3,2480";"3,25304985";"3,2583468"
"";"31.10.2025 10:59:00";"NO SIGNAL";"3,2481";"3,2481";"3,2460";"3,2473";"3,25067496";"3,2575388"
"";"31.10.2025 11:00:00";"NO SIGNAL";"3,2473";"3,2498";"3,2464";"3,2489";"3,2492249";"3,256531"
"";"31.10.2025 11:01:00";"NO SIGNAL";"3,2491";"3,2491";"3,2418";"3,2446";"3,24720001";"3,25543833"
"";"31.10.2025 11:02:00";"NO SIGNAL";"3,2447";"3,2453";"3,2412";"3,2416";"3,24559999";"3,25410008"
"";"31.10.2025 11:03:00";"NO SIGNAL";"3,2416";"3,2442";"3,2372";"3,2442";"3,24482489";"3,25289226"
"";"31.10.2025 11:04:00";"NO SIGNAL";"3,2443";"3,2443";"3,2391";"3,2399";"3,24257517";"3,2516923"
"";"31.10.2025 11:05:00";"NO SIGNAL";"3,2399";"3,2410";"3,2365";"3,2370";"3,24067497";"3,24953127"
"";"31.10.2025 11:06:00";"NO SIGNAL";"3,2370";"3,2399";"3,2370";"3,2399";"3,24025011";"3,24750805"
"";"31.10.2025 11:07:00";"NO SIGNAL";"3,2399";"3,2421";"3,2375";"3,2375";"3,23857498";"3,24562311"
"";"31.10.2025 11:08:00";"NO SIGNAL";"3,2376";"3,2378";"3,2333";"3,2333";"3,23692513";"3,24381566"
"";"31.10.2025 11:09:00";"NO SIGNAL";"3,2332";"3,2390";"3,2328";"3,2390";"3,23742485";"3,24260783"
"";"31.10.2025 11:10:00";"NO SIGNAL";"3,2385";"3,2418";"3,2384";"3,2405";"3,23757505";"3,24166942"
"";"31.10.2025 11:11:00";"NO SIGNAL";"3,2404";"3,2417";"3,2398";"3,2398";"3,23815012";"3,24103856"
"";"31.10.2025 11:12:00";"NO SIGNAL";"3,2398";"3,2398";"3,2363";"3,2371";"3,23909998";"3,24025393"
"";"31.10.2025 11:13:00";"NO SIGNAL";"3,2370";"3,2371";"3,2334";"3,2340";"3,23784971";"3,23910761"
"";"31.10.2025 11:14:00";"NO SIGNAL";"3,2340";"3,2345";"3,2272";"3,2296";"3,23512506";"3,2379539"
"";"31.10.2025 11:15:00";"NO SIGNAL";"3,2295";"3,2296";"3,2220";"3,2288";"3,23237491";"3,23696923"
"";"31.10.2025 11:16:00";"NO SIGNAL";"3,2289";"3,2298";"3,2264";"3,2272";"3,22990012";"3,23566127"
"";"31.10.2025 11:17:00";"NO SIGNAL";"3,2273";"3,2299";"3,2258";"3,2285";"3,22852492";"3,23478436"
"";"31.10.2025 11:18:00";"NO SIGNAL";"3,2284";"3,2293";"3,2259";"3,2289";"3,22834992";"3,23416114"
"";"31.10.2025 11:19:00";"NO SIGNAL";"3,2288";"3,2327";"3,2278";"3,2306";"3,22879982";"3,23344612"
"";"31.10.2025 11:20:00";"NO SIGNAL";"3,2306";"3,2354";"3,2306";"3,2325";"3,23012495";"3,23306131"
"";"31.10.2025 11:21:00";"NO SIGNAL";"3,2324";"3,2324";"3,2268";"3,2273";"3,22982502";"3,23260021"
"";"31.10.2025 11:22:00";"NO SIGNAL";"3,2273";"3,2341";"3,2273";"3,2320";"3,23060012";"3,23206162"
"";"31.10.2025 11:23:00";"NO SIGNAL";"3,2320";"3,2331";"3,2305";"3,2328";"3,23114991";"3,23146915"
"540";"31.10.2025 11:24:00";"BUY";"3,2328";"3,2378";"3,2328";"3,2363";"3,23210001";"3,23120022"
"";"31.10.2025 11:25:00";"NO SIGNAL";"3,2363";"3,2376";"3,2350";"3,2353";"3,2341001";"3,23106194"
"";"31.10.2025 11:26:00";"NO SIGNAL";"3,2354";"3,2382";"3,2333";"3,2355";"3,23497486";"3,23117733"
"";"31.10.2025 11:27:00";"NO SIGNAL";"3,2354";"3,2376";"3,2353";"3,2375";"3,23614979";"3,23178506"
"";"31.10.2025 11:28:00";"NO SIGNAL";"3,2375";"3,2376";"3,2359";"3,2367";"3,23625016";"3,23239255"
"";"31.10.2025 11:29:00";"NO SIGNAL";"3,2366";"3,2368";"3,2349";"3,2349";"3,23615003";"3,23298478"
"";"31.10.2025 11:30:00";"NO SIGNAL";"3,2349";"3,2361";"3,2334";"3,2361";"3,23629999";"3,23356915"
"";"31.10.2025 11:31:00";"NO SIGNAL";"3,2361";"3,2370";"3,2352";"3,2352";"3,23572493";"3,23405361"
"";"31.10.2025 11:32:00";"NO SIGNAL";"3,2351";"3,2351";"3,2320";"3,2343";"3,23512506";"3,23433805"
"";"31.10.2025 11:33:00";"NO SIGNAL";"3,2342";"3,2418";"3,2308";"3,2383";"3,23597503";"3,23478436"
"";"31.10.2025 11:34:00";"NO SIGNAL";"3,2384";"3,2388";"3,2350";"3,2352";"3,23574996";"3,23539257"
"";"31.10.2025 11:35:00";"NO SIGNAL";"3,2352";"3,2425";"3,2352";"3,2411";"3,23722506";"3,23609233"
"";"31.10.2025 11:36:00";"NO SIGNAL";"3,2410";"3,2435";"3,2408";"3,2426";"3,23930001";"3,23684621"
"";"31.10.2025 11:37:00";"NO SIGNAL";"3,2425";"3,2447";"3,2397";"3,2447";"3,24090004";"3,23749256"
"";"31.10.2025 11:38:00";"NO SIGNAL";"3,2447";"3,2460";"3,2439";"3,2441";"3,24312496";"3,23816919"
"";"31.10.2025 11:39:00";"NO SIGNAL";"3,2440";"3,2509";"3,2422";"3,2501";"3,24537468";"3,23929238"
"";"31.10.2025 11:40:00";"NO SIGNAL";"3,2500";"3,2533";"3,2497";"3,2512";"3,24752474";"3,24034667"
"";"31.10.2025 11:41:00";"NO SIGNAL";"3,2512";"3,2540";"3,2512";"3,2536";"3,24975014";"3,24164629"
"";"31.10.2025 11:42:00";"NO SIGNAL";"3,2537";"3,2639";"3,2537";"3,2621";"3,25425005";"3,24373841"
"";"31.10.2025 11:43:00";"NO SIGNAL";"3,2621";"3,2635";"3,2606";"3,2612";"3,257025";"3,24566936"
"";"31.10.2025 11:44:00";"NO SIGNAL";"3,2612";"3,2646";"3,2606";"3,2637";"3,26014996";"3,24786115"
"";"31.10.2025 11:45:00";"NO SIGNAL";"3,2636";"3,2680";"3,2623";"3,2674";"3,26360011";"3,2504077"
"";"31.10.2025 11:46:00";"NO SIGNAL";"3,2674";"3,2692";"3,2650";"3,2692";"3,26537514";"3,25278449"
"";"31.10.2025 11:47:00";"NO SIGNAL";"3,2692";"3,2755";"3,2692";"3,2730";"3,26832485";"3,25569224"
"";"31.10.2025 11:48:00";"NO SIGNAL";"3,2730";"3,2777";"3,2712";"3,2715";"3,27027512";"3,25803089"
"";"31.10.2025 11:49:00";"NO SIGNAL";"3,2715";"3,2735";"3,2705";"3,2735";"3,27180004";"3,26040769"
"";"31.10.2025 11:50:00";"NO SIGNAL";"3,2735";"3,2735";"3,2663";"3,2670";"3,27125001";"3,26212335"
"";"31.10.2025 11:51:00";"NO SIGNAL";"3,2670";"3,2689";"3,2650";"3,2683";"3,27007484";"3,26398492"
"";"31.10.2025 11:52:00";"NO SIGNAL";"3,2683";"3,2752";"3,2679";"3,2729";"3,27042484";"3,26573873"
"";"31.10.2025 11:53:00";"NO SIGNAL";"3,2729";"3,2833";"3,2712";"3,2740";"3,27055001";"3,26749253"
"";"31.10.2025 11:54:00";"NO SIGNAL";"3,2741";"3,2743";"3,2707";"3,2719";"3,27177501";"3,26889992"
"";"31.10.2025 11:55:00";"NO SIGNAL";"3,2721";"3,2751";"3,2718";"3,2750";"3,2734499";"3,26989222"
"";"31.10.2025 11:56:00";"NO SIGNAL";"3,2751";"3,2822";"3,2751";"3,2820";"3,27572513";"3,27149224"
"";"31.10.2025 11:57:00";"NO SIGNAL";"3,2819";"3,2844";"3,2783";"3,2783";"3,27680016";"3,27261543"
"";"31.10.2025 11:58:00";"NO SIGNAL";"3,2783";"3,2850";"3,2776";"3,2842";"3,2798748";"3,27390766"
"";"31.10.2025 11:59:00";"NO SIGNAL";"3,2840";"3,2840";"3,2787";"3,2791";"3,2809";"3,27466893"
"";"31.10.2025 12:00:00";"NO SIGNAL";"3,2791";"3,2791";"3,2749";"3,2766";"3,27955008";"3,27494597"
"";"31.10.2025 12:01:00";"NO SIGNAL";"3,2765";"3,2774";"3,2750";"3,2771";"3,27924991";"3,27537656"
"";"31.10.2025 12:02:00";"NO SIGNAL";"3,2772";"3,2837";"3,2757";"3,2828";"3,27890015";"3,27609205"
"";"31.10.2025 12:03:00";"NO SIGNAL";"3,2827";"3,2882";"3,2814";"3,2876";"3,28102493";"3,27767658"
"";"31.10.2025 12:04:00";"NO SIGNAL";"3,2875";"3,2875";"3,2829";"3,2841";"3,28289986";"3,27889228"
"";"31.10.2025 12:05:00";"NO SIGNAL";"3,2840";"3,2842";"3,2784";"3,2800";"3,28362489";"3,27943873"
"";"31.10.2025 12:06:00";"NO SIGNAL";"3,2799";"3,2799";"3,2779";"3,2783";"3,28249979";"3,27976966"
"541";"31.10.2025 12:07:00";"SELL";"3,2781";"3,2783";"3,2744";"3,2767";"3,27977514";"3,28013897"
"";"31.10.2025 12:08:00";"NO SIGNAL";"3,2767";"3,2788";"3,2755";"3,2788";"3,27845001";"3,28043079"
"";"31.10.2025 12:09:00";"NO SIGNAL";"3,2789";"3,2811";"3,2789";"3,2807";"3,27862501";"3,2803309"
"";"31.10.2025 12:10:00";"NO SIGNAL";"3,2808";"3,2817";"3,2785";"3,2792";"3,27885008";"3,28040004"
"";"31.10.2025 12:11:00";"NO SIGNAL";"3,2790";"3,2790";"3,2752";"3,2762";"3,27872491";"3,27978444"
"";"31.10.2025 12:12:00";"NO SIGNAL";"3,2763";"3,2766";"3,2753";"3,2761";"3,27804995";"3,27955365"
"";"31.10.2025 12:13:00";"NO SIGNAL";"3,2761";"3,2761";"3,2740";"3,2751";"3,27664995";"3,2794385"
"";"31.10.2025 12:14:00";"NO SIGNAL";"3,2751";"3,2753";"3,2718";"3,2718";"3,27480006";"3,2790308"
"";"31.10.2025 12:15:00";"NO SIGNAL";"3,2718";"3,2798";"3,2694";"3,2777";"3,27517509";"3,2786386"
"";"31.10.2025 12:16:00";"NO SIGNAL";"3,2776";"3,2813";"3,2773";"3,2807";"3,27632499";"3,27810764"
"542";"31.10.2025 12:17:00";"BUY";"3,2807";"3,2844";"3,2799";"3,2831";"3,27832484";"3,27803087"
"";"31.10.2025 12:18:00";"NO SIGNAL";"3,2831";"3,2852";"3,2792";"3,2796";"3,28027487";"3,27800012"
"";"31.10.2025 12:19:00";"NO SIGNAL";"3,2796";"3,2828";"3,2796";"3,2814";"3,28119993";"3,27823877"
"";"31.10.2025 12:20:00";"NO SIGNAL";"3,2815";"3,2839";"3,2806";"3,2822";"3,28157496";"3,27866197"
"";"31.10.2025 12:21:00";"NO SIGNAL";"3,2823";"3,2832";"3,2820";"3,2828";"3,2815001";"3,27896953"
"";"31.10.2025 12:22:00";"NO SIGNAL";"3,2829";"3,2845";"3,2800";"3,2805";"3,28172493";"3,27895427"
"";"31.10.2025 12:23:00";"NO SIGNAL";"3,2806";"3,2828";"3,2797";"3,2825";"3,28199983";"3,27920771"
"";"31.10.2025 12:24:00";"NO SIGNAL";"3,2825";"3,2826";"3,2796";"3,2807";"3,28162503";"3,27955437"
"";"31.10.2025 12:25:00";"NO SIGNAL";"3,2806";"3,2810";"3,2764";"3,2768";"3,28012514";"3,27960801"
"543";"31.10.2025 12:26:00";"SELL";"3,2768";"3,2782";"3,2761";"3,2761";"3,27902508";"3,27968502"
"";"31.10.2025 12:27:00";"NO SIGNAL";"3,2761";"3,2774";"3,2754";"3,2754";"3,27724981";"3,27996159"
"";"31.10.2025 12:28:00";"NO SIGNAL";"3,2754";"3,2766";"3,2744";"3,2747";"3,27574992";"3,2797308"
"";"31.10.2025 12:29:00";"NO SIGNAL";"3,2746";"3,2762";"3,2741";"3,2744";"3,27515006";"3,27924633"
"";"31.10.2025 12:30:00";"NO SIGNAL";"3,2743";"3,2748";"3,2716";"3,2748";"3,2748251";"3,27860761"
"";"31.10.2025 12:31:00";"NO SIGNAL";"3,2749";"3,2770";"3,2730";"3,2755";"3,27485013";"3,27829218"
"";"31.10.2025 12:32:00";"NO SIGNAL";"3,2756";"3,2805";"3,2756";"3,2774";"3,27552509";"3,27798486"
"";"31.10.2025 12:33:00";"NO SIGNAL";"3,2774";"3,2820";"3,2755";"3,2817";"3,27735019";"3,27794623"
"544";"31.10.2025 12:34:00";"BUY";"3,2817";"3,2818";"3,2799";"3,2815";"3,27902508";"3,27784634"
"";"31.10.2025 12:35:00";"NO SIGNAL";"3,2815";"3,2841";"3,2797";"3,2808";"3,28034997";"3,27786946"
"";"31.10.2025 12:36:00";"NO SIGNAL";"3,2807";"3,2807";"3,2744";"3,2769";"3,28022504";"3,2774384"
"";"31.10.2025 12:37:00";"NO SIGNAL";"3,2769";"3,2781";"3,2718";"3,2728";"3,27799988";"3,27683067"
"545";"31.10.2025 12:38:00";"SELL";"3,2726";"3,2732";"3,2680";"3,2684";"3,27472496";"3,27618456"
"";"31.10.2025 12:39:00";"NO SIGNAL";"3,2683";"3,2690";"3,2655";"3,2686";"3,27167487";"3,27560759"
"";"31.10.2025 12:40:00";"NO SIGNAL";"3,2686";"3,2690";"3,2642";"3,2673";"3,26927519";"3,2749846"
"";"31.10.2025 12:41:00";"NO SIGNAL";"3,2673";"3,2685";"3,2591";"3,2646";"3,26722503";"3,27420759"
"";"31.10.2025 12:42:00";"NO SIGNAL";"3,2647";"3,2676";"3,2630";"3,2646";"3,26627493";"3,27345395"
"";"31.10.2025 12:43:00";"NO SIGNAL";"3,2647";"3,2690";"3,2638";"3,2676";"3,26602483";"3,27290034"
"";"31.10.2025 12:44:00";"NO SIGNAL";"3,2678";"3,2682";"3,2639";"3,2641";"3,26522493";"3,27202344"
"";"31.10.2025 12:45:00";"NO SIGNAL";"3,2641";"3,2641";"3,2611";"3,2611";"3,26434994";"3,2707696"
"";"31.10.2025 12:46:00";"NO SIGNAL";"3,2610";"3,2610";"3,2557";"3,2591";"3,26297498";"3,26903105"
"";"31.10.2025 12:47:00";"NO SIGNAL";"3,2589";"3,2594";"3,2570";"3,2590";"3,26082492";"3,26730037"
"";"31.10.2025 12:48:00";"NO SIGNAL";"3,2590";"3,2599";"3,2554";"3,2569";"3,25902486";"3,26546168"
"";"31.10.2025 12:49:00";"NO SIGNAL";"3,2569";"3,2611";"3,2545";"3,2594";"3,2586";"3,26411557"
"";"31.10.2025 12:50:00";"NO SIGNAL";"3,2595";"3,2605";"3,2568";"3,2568";"3,25802493";"3,26288462"
"";"31.10.2025 12:51:00";"NO SIGNAL";"3,2568";"3,2581";"3,2553";"3,2569";"3,25749993";"3,26200008"
"";"31.10.2025 12:52:00";"NO SIGNAL";"3,2570";"3,2605";"3,2570";"3,2586";"3,25792503";"3,26123095"
"";"31.10.2025 12:53:00";"NO SIGNAL";"3,2587";"3,2596";"3,2575";"3,2575";"3,25744987";"3,26047707"
"";"31.10.2025 12:54:00";"NO SIGNAL";"3,2574";"3,2574";"3,2537";"3,2557";"3,25717497";"3,25979257"
"";"31.10.2025 12:55:00";"NO SIGNAL";"3,2558";"3,2564";"3,2538";"3,2540";"3,25644994";"3,25897694"
"";"31.10.2025 12:56:00";"NO SIGNAL";"3,2539";"3,2542";"3,2519";"3,2521";"3,25482488";"3,25778437"
"";"31.10.2025 12:57:00";"NO SIGNAL";"3,2520";"3,2520";"3,2467";"3,2509";"3,25317502";"3,25676918"
"";"31.10.2025 12:58:00";"NO SIGNAL";"3,2509";"3,2517";"3,2499";"3,2499";"3,25172496";"3,25590754"
"";"31.10.2025 12:59:00";"NO SIGNAL";"3,2499";"3,2505";"3,2479";"3,2488";"3,2504251";"3,25511575"
"";"31.10.2025 13:00:00";"NO SIGNAL";"3,2488";"3,2508";"3,2464";"3,2498";"3,24985003";"3,25440788"
"";"31.10.2025 13:01:00";"NO SIGNAL";"3,2499";"3,2536";"3,2499";"3,2533";"3,2504499";"3,25413084"
"";"31.10.2025 13:02:00";"NO SIGNAL";"3,2532";"3,2532";"3,2503";"3,2525";"3,25110006";"3,25360036"
"";"31.10.2025 13:03:00";"NO SIGNAL";"3,2525";"3,2525";"3,2500";"3,2524";"3,25199986";"3,2532618"
"546";"31.10.2025 13:04:00";"BUY";"3,2525";"3,2549";"3,2525";"3,2546";"3,25320005";"3,25308466"
"";"31.10.2025 13:05:00";"NO SIGNAL";"3,2545";"3,2546";"3,2522";"3,2523";"3,25295019";"3,25260019"
"";"31.10.2025 13:06:00";"NO SIGNAL";"3,2522";"3,2578";"3,2522";"3,2576";"3,25422478";"3,25260782"
"";"31.10.2025 13:07:00";"NO SIGNAL";"3,2575";"3,2604";"3,2569";"3,2604";"3,25622511";"3,2529695"
"";"31.10.2025 13:08:00";"NO SIGNAL";"3,2604";"3,2631";"3,2604";"3,2627";"3,25825";"3,25363874"
"";"31.10.2025 13:09:00";"NO SIGNAL";"3,2626";"3,2679";"3,2616";"3,2675";"3,26204991";"3,25482297"
"";"31.10.2025 13:10:00";"NO SIGNAL";"3,2675";"3,2694";"3,2674";"3,2686";"3,26479983";"3,25618482"
"";"31.10.2025 13:11:00";"NO SIGNAL";"3,2684";"3,2738";"3,2676";"3,2722";"3,26775002";"3,2579"
"";"31.10.2025 13:12:00";"NO SIGNAL";"3,2721";"3,2741";"3,2703";"3,2737";"3,27050018";"3,25981569"
"";"31.10.2025 13:13:00";"NO SIGNAL";"3,2738";"3,2798";"3,2738";"3,2796";"3,27352524";"3,26210809"
"";"31.10.2025 13:14:00";"NO SIGNAL";"3,2795";"3,2814";"3,2768";"3,2802";"3,27642488";"3,26417708"
"";"31.10.2025 13:15:00";"NO SIGNAL";"3,2802";"3,2834";"3,2798";"3,2798";"3,27832484";"3,26627707"
"";"31.10.2025 13:16:00";"NO SIGNAL";"3,2799";"3,2821";"3,2769";"3,2794";"3,27975011";"3,2683537"
"";"31.10.2025 13:17:00";"NO SIGNAL";"3,2796";"3,2821";"3,2739";"3,2817";"3,28027511";"3,27043843"
"";"31.10.2025 13:18:00";"NO SIGNAL";"3,2816";"3,2816";"3,2767";"3,2778";"3,27967501";"3,27239966"
"";"31.10.2025 13:19:00";"NO SIGNAL";"3,2779";"3,2807";"3,2777";"3,2803";"3,27979994";"3,27414632"
"";"31.10.2025 13:20:00";"NO SIGNAL";"3,2803";"3,2874";"3,2799";"3,2870";"3,28170013";"3,27619267"
"";"31.10.2025 13:21:00";"NO SIGNAL";"3,2870";"3,2942";"3,2863";"3,2880";"3,28327513";"3,2781384"
"";"31.10.2025 13:22:00";"NO SIGNAL";"3,2880";"3,2885";"3,2850";"3,2858";"3,28527498";"3,2795465"
"";"31.10.2025 13:23:00";"NO SIGNAL";"3,2858";"3,2858";"3,2739";"3,2744";"3,28379989";"3,27999234"
"";"31.10.2025 13:24:00";"NO SIGNAL";"3,2744";"3,2805";"3,2744";"3,2794";"3,28189993";"3,28054619"
"547";"31.10.2025 13:25:00";"SELL";"3,2794";"3,2804";"3,2764";"3,2772";"3,27920008";"3,2808156"
"";"31.10.2025 13:26:00";"NO SIGNAL";"3,2772";"3,2772";"3,2747";"3,2754";"3,27659988";"3,28049254"
"";"31.10.2025 13:27:00";"NO SIGNAL";"3,2753";"3,2771";"3,2734";"3,2746";"3,27664995";"3,28006196"
"";"31.10.2025 13:28:00";"NO SIGNAL";"3,2745";"3,2752";"3,2700";"3,2733";"3,27512503";"3,279562"
"";"31.10.2025 13:29:00";"NO SIGNAL";"3,2733";"3,2733";"3,2697";"3,2718";"3,2737751";"3,27897739"
"";"31.10.2025 13:30:00";"NO SIGNAL";"3,2718";"3,2723";"3,2654";"3,2700";"3,27242494";"3,27807689"
"";"31.10.2025 13:31:00";"NO SIGNAL";"3,2701";"3,2701";"3,2628";"3,2633";"3,26959991";"3,2769618"
"";"31.10.2025 13:32:00";"NO SIGNAL";"3,2634";"3,2653";"3,2606";"3,2606";"3,26642489";"3,27544618"
"";"31.10.2025 13:33:00";"NO SIGNAL";"3,2605";"3,2606";"3,2522";"3,2581";"3,26300001";"3,2732234"
"";"31.10.2025 13:34:00";"NO SIGNAL";"3,2583";"3,2620";"3,2533";"3,2620";"3,26100016";"3,27122331"
"";"31.10.2025 13:35:00";"NO SIGNAL";"3,2620";"3,2635";"3,2598";"3,2617";"3,26059985";"3,26936913"
"";"31.10.2025 13:36:00";"NO SIGNAL";"3,2617";"3,2666";"3,2616";"3,2637";"3,26137495";"3,2685461"
"";"31.10.2025 13:37:00";"NO SIGNAL";"3,2637";"3,2656";"3,2603";"3,2638";"3,26279998";"3,26734614"
"";"31.10.2025 13:38:00";"NO SIGNAL";"3,2637";"3,2638";"3,2597";"3,2624";"3,26289988";"3,2662077"
"";"31.10.2025 13:39:00";"NO SIGNAL";"3,2624";"3,2632";"3,2577";"3,2625";"3,26310015";"3,2652154"
"";"31.10.2025 13:40:00";"NO SIGNAL";"3,2624";"3,2624";"3,2560";"3,2608";"3,26237488";"3,26415372"
"";"31.10.2025 13:41:00";"NO SIGNAL";"3,2608";"3,2671";"3,2608";"3,2627";"3,26209998";"3,26333857"
"";"31.10.2025 13:42:00";"NO SIGNAL";"3,2627";"3,2651";"3,2576";"3,2586";"3,26115012";"3,26232314"
"";"31.10.2025 13:43:00";"NO SIGNAL";"3,2585";"3,2602";"3,2565";"3,2570";"3,25977516";"3,26132321"
"";"31.10.2025 13:44:00";"NO SIGNAL";"3,2570";"3,2572";"3,2528";"3,2570";"3,25882506";"3,26083875"
"";"31.10.2025 13:45:00";"NO SIGNAL";"3,2570";"3,2604";"3,2514";"3,2516";"3,25605011";"3,26014614"
"";"31.10.2025 13:46:00";"NO SIGNAL";"3,2515";"3,2611";"3,2514";"3,2597";"3,25632501";"3,2602694"
"";"31.10.2025 13:47:00";"NO SIGNAL";"3,2597";"3,2681";"3,2597";"3,2660";"3,25857496";"3,2605772"
"";"31.10.2025 13:48:00";"NO SIGNAL";"3,2659";"3,2659";"3,2612";"3,2613";"3,25964999";"3,26054668"
"548";"31.10.2025 13:49:00";"BUY";"3,2613";"3,2644";"3,2613";"3,2627";"3,26242495";"3,26046968"
"";"31.10.2025 13:50:00";"NO SIGNAL";"3,2627";"3,2671";"3,2602";"3,2623";"3,26307511";"3,26035404"
"";"31.10.2025 13:51:00";"NO SIGNAL";"3,2624";"3,2675";"3,2620";"3,2620";"3,26207519";"3,26032329"
"";"31.10.2025 13:52:00";"NO SIGNAL";"3,2620";"3,2672";"3,2605";"3,2651";"3,26302505";"3,26052308"
"";"31.10.2025 13:53:00";"NO SIGNAL";"3,2652";"3,2706";"3,2648";"3,2691";"3,26462507";"3,26116157"
"";"31.10.2025 13:54:00";"NO SIGNAL";"3,2691";"3,2744";"3,2691";"3,2707";"3,26672482";"3,26177692"
"";"31.10.2025 13:55:00";"NO SIGNAL";"3,2707";"3,2735";"3,2672";"3,2723";"3,26929998";"3,26283073"
"";"31.10.2025 13:56:00";"NO SIGNAL";"3,2723";"3,2760";"3,2711";"3,2747";"3,27169991";"3,26419234"
"";"31.10.2025 13:57:00";"NO SIGNAL";"3,2746";"3,2746";"3,2674";"3,2711";"3,27220011";"3,26527715"
"";"31.10.2025 13:58:00";"NO SIGNAL";"3,2712";"3,2748";"3,2701";"3,2710";"3,27227497";"3,26676965"
"";"31.10.2025 13:59:00";"NO SIGNAL";"3,2711";"3,2779";"3,2711";"3,2779";"3,27367496";"3,26816916"
"";"31.10.2025 14:00:00";"NO SIGNAL";"3,2780";"3,2800";"3,2706";"3,2729";"3,27322507";"3,26870012"
"";"31.10.2025 14:01:00";"NO SIGNAL";"3,2731";"3,2780";"3,2722";"3,2759";"3,27442503";"3,26982331"
"";"31.10.2025 14:02:00";"NO SIGNAL";"3,2758";"3,2789";"3,2726";"3,2727";"3,27485013";"3,27059221"
"";"31.10.2025 14:03:00";"NO SIGNAL";"3,2728";"3,2734";"3,2651";"3,2676";"3,27227497";"3,27100015"
"549";"31.10.2025 14:04:00";"SELL";"3,2675";"3,2718";"3,2604";"3,2606";"3,26920009";"3,27089238"
"";"31.10.2025 14:05:00";"NO SIGNAL";"3,2608";"3,2671";"3,2595";"3,2671";"3,2670002";"3,2710464"
"";"31.10.2025 14:06:00";"NO SIGNAL";"3,2672";"3,2776";"3,2663";"3,2754";"3,26767516";"3,27153087"
"";"31.10.2025 14:07:00";"NO SIGNAL";"3,2755";"3,2795";"3,2729";"3,2784";"3,27037501";"3,2721231"
"550";"31.10.2025 14:08:00";"BUY";"3,2785";"3,2835";"3,2781";"3,2822";"3,27577519";"3,27288485"
"";"31.10.2025 14:09:00";"NO SIGNAL";"3,2822";"3,2840";"3,2803";"3,2819";"3,27947521";"3,27343845"
"";"31.10.2025 14:10:00";"NO SIGNAL";"3,2819";"3,2896";"3,2819";"3,2854";"3,28197479";"3,27453852"
"";"31.10.2025 14:11:00";"NO SIGNAL";"3,2852";"3,2852";"3,2704";"3,2709";"3,28009987";"3,27453136"
"";"31.10.2025 14:12:00";"NO SIGNAL";"3,2710";"3,2761";"3,2710";"3,2710";"3,27729988";"3,27400017"
"";"31.10.2025 14:13:00";"NO SIGNAL";"3,2709";"3,2733";"3,2689";"3,2689";"3,27404976";"3,27369237"
"551";"31.10.2025 14:14:00";"SELL";"3,2688";"3,2702";"3,2670";"3,2678";"3,26964998";"3,27306962"
"";"31.10.2025 14:15:00";"NO SIGNAL";"3,2678";"3,2708";"3,2656";"3,2706";"3,26957512";"3,27290821"
"";"31.10.2025 14:16:00";"NO SIGNAL";"3,2706";"3,2750";"3,2701";"3,2728";"3,27002501";"3,27330804"
"";"31.10.2025 14:17:00";"NO SIGNAL";"3,2730";"3,2733";"3,2699";"3,2716";"3,27070022";"3,27415419"
"";"31.10.2025 14:18:00";"NO SIGNAL";"3,2714";"3,2714";"3,2655";"3,2673";"3,27057505";"3,27416921"
"";"31.10.2025 14:19:00";"NO SIGNAL";"3,2673";"3,2699";"3,2622";"3,2656";"3,26932478";"3,27341533"
"";"31.10.2025 14:20:00";"NO SIGNAL";"3,2657";"3,2678";"3,2635";"3,2651";"3,26739979";"3,27239203"
"";"31.10.2025 14:21:00";"NO SIGNAL";"3,2651";"3,2653";"3,2526";"3,2531";"3,26277494";"3,27015376"
"";"31.10.2025 14:22:00";"NO SIGNAL";"3,2531";"3,2558";"3,2506";"3,2544";"3,25955009";"3,26803875"
"";"31.10.2025 14:23:00";"NO SIGNAL";"3,2542";"3,2598";"3,2540";"3,2594";"3,2579999";"3,26603889"
"";"31.10.2025 14:24:00";"NO SIGNAL";"3,2594";"3,2663";"3,2594";"3,2658";"3,2581749";"3,26564646"
"";"31.10.2025 14:25:00";"NO SIGNAL";"3,2658";"3,2689";"3,2648";"3,2669";"3,26162505";"3,26533103"
"";"31.10.2025 14:26:00";"NO SIGNAL";"3,2669";"3,2676";"3,2630";"3,2638";"3,26397467";"3,26493859"
"552";"31.10.2025 14:27:00";"BUY";"3,2638";"3,2713";"3,2638";"3,2686";"3,26627493";"3,2650001"
"";"31.10.2025 14:28:00";"NO SIGNAL";"3,2686";"3,2696";"3,2653";"3,2668";"3,26652503";"3,26470757"
"";"31.10.2025 14:29:00";"NO SIGNAL";"3,2669";"3,2675";"3,2623";"3,2636";"3,26569986";"3,2639997"
"";"31.10.2025 14:30:00";"NO SIGNAL";"3,2635";"3,2635";"3,2585";"3,2597";"3,26467514";"3,26308465"
"";"31.10.2025 14:31:00";"NO SIGNAL";"3,2596";"3,2642";"3,2587";"3,2622";"3,26307511";"3,26269221"
"553";"31.10.2025 14:32:00";"SELL";"3,2621";"3,2655";"3,2620";"3,2622";"3,26192522";"3,26243067"
"554";"31.10.2025 14:33:00";"BUY";"3,2622";"3,2668";"3,2622";"3,2663";"3,26259995";"3,26252317"
"";"31.10.2025 14:34:00";"NO SIGNAL";"3,2662";"3,2704";"3,2662";"3,2684";"3,26477504";"3,26369977"
"";"31.10.2025 14:35:00";"NO SIGNAL";"3,2684";"3,2775";"3,2681";"3,2719";"3,26719999";"3,26504612"
"";"31.10.2025 14:36:00";"NO SIGNAL";"3,2719";"3,2757";"3,2705";"3,2706";"3,26929998";"3,26590776"
"";"31.10.2025 14:37:00";"NO SIGNAL";"3,2707";"3,2707";"3,2653";"3,2674";"3,26957512";"3,26603103"
"";"31.10.2025 14:38:00";"NO SIGNAL";"3,2674";"3,2698";"3,2628";"3,2632";"3,26827502";"3,26574636"
"";"31.10.2025 14:39:00";"NO SIGNAL";"3,2631";"3,2637";"3,2554";"3,2634";"3,26615";"3,2657156"
"555";"31.10.2025 14:40:00";"SELL";"3,2632";"3,2647";"3,2596";"3,2617";"3,26392484";"3,26518464"
"";"31.10.2025 14:41:00";"NO SIGNAL";"3,2617";"3,2661";"3,2602";"3,2659";"3,26355004";"3,2651155"
"";"31.10.2025 14:42:00";"NO SIGNAL";"3,2659";"3,2672";"3,2636";"3,2649";"3,26397491";"3,2652154"
"";"31.10.2025 14:43:00";"NO SIGNAL";"3,2649";"3,2707";"3,2649";"3,2707";"3,26579976";"3,26606154"
"556";"31.10.2025 14:44:00";"BUY";"3,2708";"3,2711";"3,2691";"3,2705";"3,26799989";"3,26670003"
"";"31.10.2025 14:45:00";"NO SIGNAL";"3,2704";"3,2704";"3,2650";"3,2690";"3,26877499";"3,26722312"
"";"31.10.2025 14:46:00";"NO SIGNAL";"3,2691";"3,2716";"3,2655";"3,2666";"3,26919985";"3,26724601"
"";"31.10.2025 14:47:00";"NO SIGNAL";"3,2666";"3,2691";"3,2641";"3,2685";"3,26865005";"3,26725364"
"";"31.10.2025 14:48:00";"NO SIGNAL";"3,2685";"3,2708";"3,2665";"3,2695";"3,26839995";"3,2670691"
"557";"31.10.2025 14:49:00";"SELL";"3,2694";"3,2697";"3,2587";"3,2587";"3,26582503";"3,26615381"
"";"31.10.2025 14:50:00";"NO SIGNAL";"3,2586";"3,2628";"3,2579";"3,2600";"3,26417494";"3,26558495"
"";"31.10.2025 14:51:00";"NO SIGNAL";"3,2600";"3,2622";"3,2575";"3,2575";"3,26142478";"3,26514626"
"";"31.10.2025 14:52:00";"NO SIGNAL";"3,2575";"3,2599";"3,2563";"3,2564";"3,2581501";"3,26460767"
"";"31.10.2025 14:53:00";"NO SIGNAL";"3,2566";"3,2671";"3,2566";"3,2665";"3,26010013";"3,26497698"
"";"31.10.2025 14:54:00";"NO SIGNAL";"3,2664";"3,2704";"3,2621";"3,2694";"3,26244998";"3,26524591"
"558";"31.10.2025 14:55:00";"BUY";"3,2694";"3,2759";"3,2690";"3,2730";"3,266325";"3,26586938"
"";"31.10.2025 14:56:00";"NO SIGNAL";"3,2729";"3,2766";"3,2725";"3,2734";"3,27057505";"3,26607728"
"";"31.10.2025 14:57:00";"NO SIGNAL";"3,2735";"3,2787";"3,2718";"3,2722";"3,27199984";"3,26620817"
"";"31.10.2025 14:58:00";"NO SIGNAL";"3,2722";"3,2781";"3,2704";"3,2775";"3,27402496";"3,26686192"
"";"31.10.2025 14:59:00";"NO SIGNAL";"3,2774";"3,2802";"3,2765";"3,2781";"3,27530026";"3,26774645"
"";"31.10.2025 15:00:00";"NO SIGNAL";"3,2781";"3,2783";"3,2716";"3,2728";"3,27514982";"3,26807714"
"";"31.10.2025 15:01:00";"NO SIGNAL";"3,2729";"3,2736";"3,2657";"3,2705";"3,27472496";"3,26815391"
"";"31.10.2025 15:02:00";"NO SIGNAL";"3,2706";"3,2732";"3,2701";"3,2711";"3,27312493";"3,26910758"
"";"31.10.2025 15:03:00";"NO SIGNAL";"3,2710";"3,2743";"3,2681";"3,2737";"3,27202511";"3,27016163"
"";"31.10.2025 15:04:00";"NO SIGNAL";"3,2739";"3,2769";"3,2714";"3,2761";"3,27285004";"3,27159238"
"";"31.10.2025 15:05:00";"NO SIGNAL";"3,2761";"3,2780";"3,2713";"3,2717";"3,27314997";"3,27276945"
"";"31.10.2025 15:06:00";"NO SIGNAL";"3,2717";"3,2786";"3,2717";"3,2782";"3,27492499";"3,27366948"
"";"31.10.2025 15:07:00";"NO SIGNAL";"3,2784";"3,2816";"3,2759";"3,2798";"3,27644992";"3,27446938"
"";"31.10.2025 15:08:00";"NO SIGNAL";"3,2808";"3,2913";"3,2801";"3,2878";"3,27937508";"3,27560782"
"";"31.10.2025 15:09:00";"NO SIGNAL";"3,2877";"3,2970";"3,2871";"3,2932";"3,28474998";"3,27713108"
"";"31.10.2025 15:10:00";"NO SIGNAL";"3,2932";"3,2988";"3,2930";"3,2946";"3,28884983";"3,27885389"
"";"31.10.2025 15:11:00";"NO SIGNAL";"3,2947";"3,2984";"3,2894";"3,2926";"3,29204988";"3,28001571"
"";"31.10.2025 15:12:00";"NO SIGNAL";"3,2925";"3,2981";"3,2919";"3,2971";"3,29437494";"3,28147697"
"";"31.10.2025 15:13:00";"NO SIGNAL";"3,2970";"3,2970";"3,2928";"3,2940";"3,29457474";"3,28310752"
"";"31.10.2025 15:14:00";"NO SIGNAL";"3,2940";"3,2955";"3,2921";"3,2952";"3,29472494";"3,28500795"
"";"31.10.2025 15:15:00";"NO SIGNAL";"3,2952";"3,2988";"3,2948";"3,2974";"3,2959249";"3,28703046"
"";"31.10.2025 15:16:00";"NO SIGNAL";"3,2972";"3,3046";"3,2940";"3,3043";"3,29772496";"3,28938413"
"";"31.10.2025 15:17:00";"NO SIGNAL";"3,3039";"3,3047";"3,2984";"3,2999";"3,29920006";"3,29121518"
"";"31.10.2025 15:18:00";"NO SIGNAL";"3,3000";"3,3001";"3,2960";"3,2964";"3,29949999";"3,29311562"
"";"31.10.2025 15:19:00";"NO SIGNAL";"3,2964";"3,3060";"3,2960";"3,3041";"3,30117512";"3,29510808"
"";"31.10.2025 15:20:00";"NO SIGNAL";"3,3041";"3,3062";"3,3003";"3,3010";"3,30035019";"3,29673886"
"";"31.10.2025 15:21:00";"NO SIGNAL";"3,3011";"3,3014";"3,2974";"3,2991";"3,30014992";"3,29760814"
"";"31.10.2025 15:22:00";"NO SIGNAL";"3,2990";"3,2990";"3,2942";"3,2949";"3,29977512";"3,29773879"
"";"31.10.2025 15:23:00";"NO SIGNAL";"3,2950";"3,2997";"3,2945";"3,2989";"3,29847479";"3,29806924"
"559";"31.10.2025 15:24:00";"SELL";"3,2988";"3,2988";"3,2969";"3,2974";"3,297575";"3,29843855"
"";"31.10.2025 15:25:00";"NO SIGNAL";"3,2975";"3,2975";"3,2912";"3,2912";"3,29559994";"3,2979846"
"";"31.10.2025 15:26:00";"NO SIGNAL";"3,2911";"3,2961";"3,2904";"3,2956";"3,2957747";"3,29810786"
"";"31.10.2025 15:27:00";"NO SIGNAL";"3,2956";"3,2968";"3,2943";"3,2960";"3,29505014";"3,29816937"
"";"31.10.2025 15:28:00";"NO SIGNAL";"3,2961";"3,2986";"3,2960";"3,2979";"3,29517484";"3,29820752"
"";"31.10.2025 15:29:00";"NO SIGNAL";"3,2979";"3,2979";"3,2958";"3,2975";"3,29674983";"3,29768467"
"";"31.10.2025 15:30:00";"NO SIGNAL";"3,2974";"3,2974";"3,2949";"3,2960";"3,2968502";"3,2973845"
"560";"31.10.2025 15:31:00";"BUY";"3,2960";"3,3009";"3,2948";"3,3009";"3,29807496";"3,29773068"
"";"31.10.2025 15:32:00";"NO SIGNAL";"3,3010";"3,3046";"3,2996";"3,3037";"3,29952502";"3,29769993"
"";"31.10.2025 15:33:00";"NO SIGNAL";"3,3037";"3,3055";"3,2975";"3,2976";"3,29955006";"3,29743862"
"";"31.10.2025 15:34:00";"NO SIGNAL";"3,2975";"3,3020";"3,2969";"3,2969";"3,29977512";"3,29726911"
"561";"31.10.2025 15:35:00";"SELL";"3,2968";"3,2968";"3,2868";"3,2874";"3,29640007";"3,29669237"
"";"31.10.2025 15:36:00";"NO SIGNAL";"3,2875";"3,2929";"3,2850";"3,2904";"3,29307485";"3,29603863"
"";"31.10.2025 15:37:00";"NO SIGNAL";"3,2904";"3,2904";"3,2849";"3,2858";"3,29012489";"3,29514623"
"";"31.10.2025 15:38:00";"NO SIGNAL";"3,2857";"3,2865";"3,2840";"3,2851";"3,28717494";"3,29467726"
"";"31.10.2025 15:39:00";"NO SIGNAL";"3,2850";"3,2850";"3,2832";"3,2848";"3,28652477";"3,29384637"
"";"31.10.2025 15:40:00";"NO SIGNAL";"3,2848";"3,2899";"3,2836";"3,2899";"3,28640008";"3,2933774"
"";"31.10.2025 15:41:00";"NO SIGNAL";"3,2898";"3,2898";"3,2866";"3,2866";"3,28659987";"3,29250789"
"";"31.10.2025 15:42:00";"NO SIGNAL";"3,2865";"3,2868";"3,2846";"3,2861";"3,28684998";"3,29163074"
"";"31.10.2025 15:43:00";"NO SIGNAL";"3,2863";"3,2902";"3,2863";"3,2896";"3,28804994";"3,29113841"
"";"31.10.2025 15:44:00";"NO SIGNAL";"3,2896";"3,2963";"3,2865";"3,2963";"3,28964996";"3,29078484"
"562";"31.10.2025 15:45:00";"BUY";"3,2964";"3,3052";"3,2930";"3,3045";"3,29412508";"3,29084635"
"";"31.10.2025 15:46:00";"NO SIGNAL";"3,3048";"3,3063";"3,2977";"3,2977";"3,2970252";"3,29085445"
"";"31.10.2025 15:47:00";"NO SIGNAL";"3,2977";"3,3035";"3,2970";"3,2979";"3,29910016";"3,29093099"
"";"31.10.2025 15:48:00";"NO SIGNAL";"3,2979";"3,2989";"3,2902";"3,2951";"3,29879999";"3,29152346"
"";"31.10.2025 15:49:00";"NO SIGNAL";"3,2950";"3,2957";"3,2900";"3,2923";"3,2957499";"3,29166961"
"";"31.10.2025 15:50:00";"NO SIGNAL";"3,2922";"3,2946";"3,2893";"3,2911";"3,29410005";"3,2920773"
"";"31.10.2025 15:51:00";"NO SIGNAL";"3,2911";"3,2946";"3,2891";"3,2933";"3,29295015";"3,29270792"
"563";"31.10.2025 15:52:00";"SELL";"3,2935";"3,2935";"3,2880";"3,2900";"3,29167485";"3,29310799"
"";"31.10.2025 15:53:00";"NO SIGNAL";"3,2899";"3,2981";"3,2895";"3,2977";"3,29302502";"3,29370785"
"564";"31.10.2025 15:54:00";"BUY";"3,2977";"3,3022";"3,2977";"3,2983";"3,29482484";"3,2946074"
"565";"31.10.2025 15:55:00";"SELL";"3,2983";"3,2987";"3,2862";"3,2869";"3,29322505";"3,29466915"
"";"31.10.2025 15:56:00";"NO SIGNAL";"3,2870";"3,2873";"3,2847";"3,2873";"3,29255009";"3,29449248"
"";"31.10.2025 15:57:00";"NO SIGNAL";"3,2872";"3,2884";"3,2856";"3,2877";"3,29005003";"3,29383111"
"";"31.10.2025 15:58:00";"NO SIGNAL";"3,2876";"3,2876";"3,2854";"3,2868";"3,28717518";"3,29246974"
"";"31.10.2025 15:59:00";"NO SIGNAL";"3,2868";"3,2886";"3,2859";"3,2859";"3,28692508";"3,29156208"
"";"31.10.2025 16:00:00";"NO SIGNAL";"3,2861";"3,2863";"3,2775";"3,2792";"3,28489995";"3,29012346"
"";"31.10.2025 16:01:00";"NO SIGNAL";"3,2793";"3,2866";"3,2793";"3,2838";"3,28392506";"3,28925419"
"";"31.10.2025 16:02:00";"NO SIGNAL";"3,2839";"3,2908";"3,2838";"3,2866";"3,28387499";"3,2888155"
"";"31.10.2025 16:03:00";"NO SIGNAL";"3,2866";"3,2893";"3,2850";"3,2887";"3,28457499";"3,28863096"
"";"31.10.2025 16:04:00";"NO SIGNAL";"3,2889";"3,2959";"3,2880";"3,2944";"3,28837514";"3,28871584"
"566";"31.10.2025 16:05:00";"BUY";"3,2944";"3,2957";"3,2909";"3,2943";"3,29100013";"3,28904653"
"";"31.10.2025 16:06:00";"NO SIGNAL";"3,2943";"3,2943";"3,2908";"3,2939";"3,29282498";"3,28875422"
"";"31.10.2025 16:07:00";"NO SIGNAL";"3,2938";"3,2948";"3,2881";"3,2899";"3,29312515";"3,28810787"
"";"31.10.2025 16:08:00";"NO SIGNAL";"3,2899";"3,2899";"3,2854";"3,2876";"3,29142523";"3,28816175"
"567";"31.10.2025 16:09:00";"SELL";"3,2877";"3,2877";"3,2750";"3,2750";"3,28660011";"3,28721571"
"";"31.10.2025 16:10:00";"NO SIGNAL";"3,2751";"3,2796";"3,2749";"3,2749";"3,28184986";"3,28623104"
"";"31.10.2025 16:11:00";"NO SIGNAL";"3,2748";"3,2748";"3,2649";"3,2690";"3,27662516";"3,2848618"
"";"31.10.2025 16:12:00";"NO SIGNAL";"3,2689";"3,2718";"3,2673";"3,2691";"3,27199984";"3,2835691"
"";"31.10.2025 16:13:00";"NO SIGNAL";"3,2691";"3,2715";"3,2667";"3,2683";"3,27032518";"3,28273082"
"";"31.10.2025 16:14:00";"NO SIGNAL";"3,2682";"3,2705";"3,2668";"3,2705";"3,26922512";"3,281708"
"";"31.10.2025 16:15:00";"NO SIGNAL";"3,2704";"3,2704";"3,2669";"3,2669";"3,26870012";"3,28019238"
"";"31.10.2025 16:16:00";"NO SIGNAL";"3,2670";"3,2709";"3,2670";"3,2697";"3,26885009";"3,27873063"
"";"31.10.2025 16:17:00";"NO SIGNAL";"3,2697";"3,2697";"3,2649";"3,2660";"3,26827502";"3,27654672"
"";"31.10.2025 16:18:00";"NO SIGNAL";"3,2661";"3,2685";"3,2634";"3,2652";"3,26694989";"3,27430797"
"";"31.10.2025 16:19:00";"NO SIGNAL";"3,2652";"3,2654";"3,2568";"3,2582";"3,26477504";"3,27156186"
"";"31.10.2025 16:20:00";"NO SIGNAL";"3,2581";"3,2595";"3,2541";"3,2583";"3,26192498";"3,26913118"
"";"31.10.2025 16:21:00";"NO SIGNAL";"3,2583";"3,2639";"3,2580";"3,2617";"3,26084995";"3,26713872"
"";"31.10.2025 16:22:00";"NO SIGNAL";"3,2616";"3,2616";"3,2561";"3,2568";"3,25874996";"3,26573849"
"";"31.10.2025 16:23:00";"NO SIGNAL";"3,2574";"3,2591";"3,2550";"3,2590";"3,25895";"3,26451564"
"";"31.10.2025 16:24:00";"NO SIGNAL";"3,2590";"3,2625";"3,2582";"3,2625";"3,25999999";"3,26401544"
"";"31.10.2025 16:25:00";"NO SIGNAL";"3,2626";"3,2650";"3,2617";"3,2640";"3,26057482";"3,263623"
"";"31.10.2025 16:26:00";"NO SIGNAL";"3,2641";"3,2655";"3,2620";"3,2654";"3,26272488";"3,26340008"
"568";"31.10.2025 16:27:00";"BUY";"3,2654";"3,2655";"3,2599";"3,2599";"3,26294994";"3,26258445"
"";"31.10.2025 16:28:00";"NO SIGNAL";"3,2598";"3,2642";"3,2588";"3,2642";"3,26337504";"3,26237702"
"";"31.10.2025 16:29:00";"NO SIGNAL";"3,2643";"3,2662";"3,2635";"3,2649";"3,26359987";"3,26200795"
"";"31.10.2025 16:30:00";"NO SIGNAL";"3,2648";"3,2696";"3,2620";"3,2687";"3,26442504";"3,26221585"
"";"31.10.2025 16:31:00";"NO SIGNAL";"3,2687";"3,2687";"3,2653";"3,2662";"3,26600003";"3,26229286"
"";"31.10.2025 16:32:00";"NO SIGNAL";"3,2662";"3,2718";"3,2647";"3,2712";"3,26775002";"3,26329255"
"";"31.10.2025 16:33:00";"NO SIGNAL";"3,2713";"3,2722";"3,2661";"3,2666";"3,26817489";"3,2639308"
"";"31.10.2025 16:34:00";"NO SIGNAL";"3,2667";"3,2667";"3,2594";"3,2603";"3,2660749";"3,26382351"
"";"31.10.2025 16:35:00";"NO SIGNAL";"3,2602";"3,2619";"3,2591";"3,2616";"3,264925";"3,26419258"
"569";"31.10.2025 16:36:00";"SELL";"3,2616";"3,2664";"3,2616";"3,2662";"3,26367497";"3,26474619"
"";"31.10.2025 16:37:00";"NO SIGNAL";"3,2663";"3,2667";"3,2611";"3,2620";"3,26252508";"3,26470757"
"";"31.10.2025 16:38:00";"NO SIGNAL";"3,2621";"3,2683";"3,2610";"3,2679";"3,26442528";"3,26500773"
"570";"31.10.2025 16:39:00";"BUY";"3,2678";"3,2678";"3,2653";"3,2656";"3,26542497";"3,26502299"
"571";"31.10.2025 16:40:00";"SELL";"3,2655";"3,2671";"3,2590";"3,2590";"3,26362491";"3,26495385"
"";"31.10.2025 16:41:00";"NO SIGNAL";"3,2590";"3,2600";"3,2505";"3,2508";"3,26082516";"3,26392341"
"";"31.10.2025 16:42:00";"NO SIGNAL";"3,2508";"3,2523";"3,2466";"3,2486";"3,25600004";"3,26266956"
"";"31.10.2025 16:43:00";"NO SIGNAL";"3,2487";"3,2511";"3,2453";"3,2460";"3,25110006";"3,26092339"
"";"31.10.2025 16:44:00";"NO SIGNAL";"3,2459";"3,2467";"3,2391";"3,2453";"3,24767518";"3,25931573"
"";"31.10.2025 16:45:00";"NO SIGNAL";"3,2453";"3,2468";"3,2423";"3,2463";"3,24655008";"3,25740027"
"";"31.10.2025 16:46:00";"NO SIGNAL";"3,2462";"3,2496";"3,2403";"3,2493";"3,24672508";"3,25606966"
"";"31.10.2025 16:47:00";"NO SIGNAL";"3,2491";"3,2499";"3,2448";"3,2457";"3,24664998";"3,25494623"
"";"31.10.2025 16:48:00";"NO SIGNAL";"3,2456";"3,2478";"3,2448";"3,2456";"3,24672484";"3,25371528"
"";"31.10.2025 16:49:00";"NO SIGNAL";"3,2456";"3,2500";"3,2441";"3,2475";"3,24702501";"3,2522769"
"";"31.10.2025 16:50:00";"NO SIGNAL";"3,2475";"3,2476";"3,2238";"3,2294";"3,24204993";"3,24976897"
"";"31.10.2025 16:51:00";"NO SIGNAL";"3,2295";"3,2344";"3,2163";"3,2245";"3,23674989";"3,24643064"
"";"31.10.2025 16:52:00";"NO SIGNAL";"3,2246";"3,2317";"3,2236";"3,2298";"3,23280001";"3,24367714"
"";"31.10.2025 16:53:00";"NO SIGNAL";"3,2297";"3,2331";"3,2271";"3,2328";"3,22912478";"3,24166155"
"";"31.10.2025 16:54:00";"NO SIGNAL";"3,2328";"3,2344";"3,2285";"3,2301";"3,22930002";"3,24006939"
"";"31.10.2025 16:55:00";"NO SIGNAL";"3,2302";"3,2342";"3,2293";"3,2303";"3,23074985";"3,23866129"
"";"31.10.2025 16:56:00";"NO SIGNAL";"3,2302";"3,2304";"3,2161";"3,2171";"3,22757483";"3,23643851"
"";"31.10.2025 16:57:00";"NO SIGNAL";"3,2172";"3,2207";"3,2100";"3,2142";"3,22292495";"3,23404646"
"";"31.10.2025 16:58:00";"NO SIGNAL";"3,2143";"3,2153";"3,2079";"3,2090";"3,21764994";"3,23117733"
"";"31.10.2025 16:59:00";"NO SIGNAL";"3,2090";"3,2157";"3,2090";"3,2135";"3,21344995";"3,22842336"
"";"31.10.2025 17:00:00";"NO SIGNAL";"3,2136";"3,2136";"3,2039";"3,2055";"3,21055007";"3,22533107"
"";"31.10.2025 17:01:00";"NO SIGNAL";"3,2054";"3,2128";"3,2053";"3,2098";"3,20944977";"3,22257686"
"";"31.10.2025 17:02:00";"NO SIGNAL";"3,2098";"3,2141";"3,2076";"3,2129";"3,2104249";"3,21991563"
"";"31.10.2025 17:03:00";"NO SIGNAL";"3,2129";"3,2174";"3,2098";"3,2163";"3,2111249";"3,21890736"
"";"31.10.2025 17:04:00";"NO SIGNAL";"3,2162";"3,2215";"3,2147";"3,2198";"3,21469998";"3,21854615"
"";"31.10.2025 17:05:00";"NO SIGNAL";"3,2199";"3,2255";"3,2178";"3,2229";"3,21797514";"3,21801543"
"572";"31.10.2025 17:06:00";"BUY";"3,2229";"3,2229";"3,2134";"3,2166";"3,21889997";"3,21676922"
"";"31.10.2025 17:07:00";"NO SIGNAL";"3,2168";"3,2265";"3,2163";"3,2255";"3,22119999";"3,21641564"
"";"31.10.2025 17:08:00";"NO SIGNAL";"3,2256";"3,2296";"3,2247";"3,2283";"3,22332525";"3,21626186"
"";"31.10.2025 17:09:00";"NO SIGNAL";"3,2283";"3,2298";"3,2263";"3,2285";"3,22472525";"3,21713877"
"";"31.10.2025 17:10:00";"NO SIGNAL";"3,2285";"3,2288";"3,2243";"3,2254";"3,2269249";"3,21800041"
"";"31.10.2025 17:11:00";"NO SIGNAL";"3,2254";"3,2266";"3,2216";"3,2231";"3,22632504";"3,21908498"
"";"31.10.2025 17:12:00";"NO SIGNAL";"3,2231";"3,2238";"3,2202";"3,2203";"3,22432518";"3,21960807"
"";"31.10.2025 17:13:00";"NO SIGNAL";"3,2204";"3,2236";"3,2204";"3,2216";"3,22259998";"3,22084641"
"573";"31.10.2025 17:14:00";"SELL";"3,2216";"3,2217";"3,2163";"3,2174";"3,22059989";"3,22143078"
"";"31.10.2025 17:15:00";"NO SIGNAL";"3,2174";"3,2221";"3,2147";"3,2147";"3,2184999";"3,2215693"
"";"31.10.2025 17:16:00";"NO SIGNAL";"3,2150";"3,2175";"3,2138";"3,2164";"3,21752501";"3,22157717"
"";"31.10.2025 17:17:00";"NO SIGNAL";"3,2162";"3,2206";"3,2140";"3,2202";"3,21717501";"3,22160816"
"";"31.10.2025 17:18:00";"NO SIGNAL";"3,2201";"3,2201";"3,2019";"3,2027";"3,21350002";"3,22005415"
"";"31.10.2025 17:19:00";"NO SIGNAL";"3,2027";"3,2058";"3,1900";"3,1995";"3,20970011";"3,21873903"
"";"31.10.2025 17:20:00";"NO SIGNAL";"3,1994";"3,2055";"3,1958";"3,1992";"3,20539999";"3,21671534"
"";"31.10.2025 17:21:00";"NO SIGNAL";"3,1992";"3,2043";"3,1983";"3,2014";"3,20069981";"3,2146461"
"";"31.10.2025 17:22:00";"NO SIGNAL";"3,2013";"3,2013";"3,1893";"3,1929";"3,19825006";"3,21190763"
"";"31.10.2025 17:23:00";"NO SIGNAL";"3,1929";"3,1986";"3,1918";"3,1980";"3,19787478";"3,2098"
"";"31.10.2025 17:24:00";"NO SIGNAL";"3,1979";"3,2081";"3,1979";"3,2074";"3,19992495";"3,20859218"
"";"31.10.2025 17:25:00";"NO SIGNAL";"3,2076";"3,2124";"3,2052";"3,2054";"3,20092487";"3,2074461"
"";"31.10.2025 17:26:00";"NO SIGNAL";"3,2054";"3,2083";"3,2047";"3,2079";"3,20467496";"3,20639253"
"574";"31.10.2025 17:27:00";"BUY";"3,2079";"3,2123";"3,2052";"3,2090";"3,20742512";"3,20574641"
"";"31.10.2025 17:28:00";"NO SIGNAL";"3,2089";"3,2153";"3,2079";"3,2153";"3,20940018";"3,20579243"
"";"31.10.2025 17:29:00";"NO SIGNAL";"3,2153";"3,2153";"3,2068";"3,2090";"3,21030021";"3,20522356"
"";"31.10.2025 17:30:00";"NO SIGNAL";"3,2089";"3,2176";"3,2040";"3,2168";"3,21252489";"3,20496178"
"";"31.10.2025 17:31:00";"NO SIGNAL";"3,2167";"3,2250";"3,2157";"3,2238";"3,21622515";"3,20658469"
"";"31.10.2025 17:32:00";"NO SIGNAL";"3,2237";"3,2249";"3,2144";"3,2157";"3,21632481";"3,20783091"
"";"31.10.2025 17:33:00";"NO SIGNAL";"3,2156";"3,2182";"3,2102";"3,2111";"3,2168498";"3,20874619"
"";"31.10.2025 17:34:00";"NO SIGNAL";"3,2114";"3,2160";"3,2097";"3,2156";"3,21654987";"3,20983839"
"";"31.10.2025 17:35:00";"NO SIGNAL";"3,2156";"3,2256";"3,2149";"3,2213";"3,21592522";"3,21202326"
"";"31.10.2025 17:36:00";"NO SIGNAL";"3,2213";"3,2213";"3,2078";"3,2087";"3,21417475";"3,21284652"
"";"31.10.2025 17:37:00";"NO SIGNAL";"3,2088";"3,2150";"3,2072";"3,2105";"3,21402502";"3,2130847"
"";"31.10.2025 17:38:00";"NO SIGNAL";"3,2106";"3,2153";"3,2104";"3,2149";"3,21385002";"3,21381569"
"575";"31.10.2025 17:39:00";"SELL";"3,2149";"3,2161";"3,2106";"3,2111";"3,21130013";"3,21406198"
"";"31.10.2025 17:40:00";"NO SIGNAL";"3,2110";"3,2150";"3,2102";"3,2150";"3,21287489";"3,21452355"
"";"31.10.2025 17:41:00";"NO SIGNAL";"3,2149";"3,2204";"3,2126";"3,2134";"3,21359992";"3,21437693"
"576";"31.10.2025 17:42:00";"BUY";"3,2134";"3,2258";"3,2134";"3,2248";"3,21607494";"3,21559262"
"";"31.10.2025 17:43:00";"NO SIGNAL";"3,2248";"3,2298";"3,2239";"3,2288";"3,22049999";"3,21651554"
"";"31.10.2025 17:44:00";"NO SIGNAL";"3,2289";"3,2300";"3,2259";"3,2290";"3,22399998";"3,21691537"
"";"31.10.2025 17:45:00";"NO SIGNAL";"3,2290";"3,2371";"3,2288";"3,2336";"3,22904992";"3,21829247"
"";"31.10.2025 17:46:00";"NO SIGNAL";"3,2338";"3,2344";"3,2267";"3,2280";"3,22984982";"3,21959209"
"";"31.10.2025 17:47:00";"NO SIGNAL";"3,2279";"3,2315";"3,2270";"3,2272";"3,22944999";"3,22048426"
"";"31.10.2025 17:48:00";"NO SIGNAL";"3,2273";"3,2301";"3,2235";"3,2243";"3,22827482";"3,22071528"
"";"31.10.2025 17:49:00";"NO SIGNAL";"3,2242";"3,2295";"3,2234";"3,2289";"3,2270999";"3,2222693"
"";"31.10.2025 17:50:00";"NO SIGNAL";"3,2290";"3,2338";"3,2290";"3,2318";"3,22804976";"3,22390795"
"";"31.10.2025 17:51:00";"NO SIGNAL";"3,2319";"3,2360";"3,2319";"3,2344";"3,22984982";"3,22540832"
"";"31.10.2025 17:52:00";"NO SIGNAL";"3,2344";"3,2401";"3,2339";"3,2390";"3,23352504";"3,22755408"
"";"31.10.2025 17:53:00";"NO SIGNAL";"3,2391";"3,2399";"3,2353";"3,2361";"3,2353251";"3,22917724"
"";"31.10.2025 17:54:00";"NO SIGNAL";"3,2361";"3,2361";"3,2325";"3,2357";"3,23629999";"3,23089266"
"";"31.10.2025 17:55:00";"NO SIGNAL";"3,2358";"3,2363";"3,2311";"3,2315";"3,23557496";"3,23140812"
"";"31.10.2025 17:56:00";"NO SIGNAL";"3,2314";"3,2314";"3,2255";"3,2270";"3,23257494";"3,23126936"
"577";"31.10.2025 17:57:00";"SELL";"3,2270";"3,2271";"3,2230";"3,2238";"3,22949982";"3,23086953"
"";"31.10.2025 17:58:00";"NO SIGNAL";"3,2237";"3,2241";"3,2198";"3,2205";"3,2256999";"3,22986174"
"";"31.10.2025 17:59:00";"NO SIGNAL";"3,2204";"3,2230";"3,2199";"3,2221";"3,22335005";"3,22940803"
"";"31.10.2025 18:00:00";"NO SIGNAL";"3,2222";"3,2292";"3,2222";"3,2276";"3,22350001";"3,22943902"
"";"31.10.2025 18:01:00";"NO SIGNAL";"3,2276";"3,2358";"3,2276";"3,2351";"3,22632504";"3,23026967"
"";"31.10.2025 18:02:00";"NO SIGNAL";"3,2352";"3,2353";"3,2298";"3,2340";"3,22970009";"3,23066187"
"578";"31.10.2025 18:03:00";"BUY";"3,2340";"3,2355";"3,2296";"3,2309";"3,23189998";"3,23059249"
"";"31.10.2025 18:04:00";"NO SIGNAL";"3,2308";"3,2316";"3,2275";"3,2304";"3,23259997";"3,23028469"
"";"31.10.2025 18:05:00";"NO SIGNAL";"3,2304";"3,2331";"3,2295";"3,2297";"3,23125005";"3,2295692"
"";"31.10.2025 18:06:00";"NO SIGNAL";"3,2296";"3,2309";"3,2268";"3,2300";"3,23024988";"3,22909999"
"";"31.10.2025 18:07:00";"NO SIGNAL";"3,2302";"3,2387";"3,2302";"3,2378";"3,23197508";"3,22926164"
"";"31.10.2025 18:08:00";"NO SIGNAL";"3,2379";"3,2384";"3,2299";"3,2330";"3,23262501";"3,22937727"
"";"31.10.2025 18:09:00";"NO SIGNAL";"3,2331";"3,2364";"3,2324";"3,2354";"3,2340498";"3,23002315"
"";"31.10.2025 18:10:00";"NO SIGNAL";"3,2352";"3,2383";"3,2333";"3,2383";"3,23612499";"3,23113847"
"";"31.10.2025 18:11:00";"NO SIGNAL";"3,2383";"3,2465";"3,2379";"3,2401";"3,23670006";"3,23264623"
"";"31.10.2025 18:12:00";"NO SIGNAL";"3,2401";"3,2418";"3,2330";"3,2362";"3,23750019";"3,23373103"
"";"31.10.2025 18:13:00";"NO SIGNAL";"3,2363";"3,2413";"3,2363";"3,2398";"3,23860002";"3,23466945"
"";"31.10.2025 18:14:00";"NO SIGNAL";"3,2399";"3,2402";"3,2357";"3,2390";"3,23877501";"3,23496938"
"";"31.10.2025 18:15:00";"NO SIGNAL";"3,2391";"3,2407";"3,2320";"3,2320";"3,23675013";"3,2348156"
"";"31.10.2025 18:16:00";"NO SIGNAL";"3,2320";"3,2336";"3,2295";"3,2304";"3,23530006";"3,23477721"
"579";"31.10.2025 18:17:00";"SELL";"3,2303";"3,2303";"3,2236";"3,2275";"3,23222518";"3,23455405"
"";"31.10.2025 18:18:00";"NO SIGNAL";"3,2275";"3,2304";"3,2257";"3,2257";"3,22889996";"3,23424649"
"";"31.10.2025 18:19:00";"NO SIGNAL";"3,2256";"3,2267";"3,2224";"3,2257";"3,22732496";"3,23391581"
"";"31.10.2025 18:20:00";"NO SIGNAL";"3,2257";"3,2282";"3,2233";"3,2276";"3,22662497";"3,23313117"
"";"31.10.2025 18:21:00";"NO SIGNAL";"3,2276";"3,2316";"3,2271";"3,2285";"3,22687483";"3,23278475"
"";"31.10.2025 18:22:00";"NO SIGNAL";"3,2286";"3,2293";"3,2270";"3,2273";"3,22727489";"3,23216176"
"";"31.10.2025 18:23:00";"NO SIGNAL";"3,2274";"3,2292";"3,2253";"3,2276";"3,22774982";"3,23133874"
"";"31.10.2025 18:24:00";"NO SIGNAL";"3,2277";"3,2300";"3,2258";"3,2268";"3,22755003";"3,23031521"
"";"31.10.2025 18:25:00";"NO SIGNAL";"3,2270";"3,2274";"3,2244";"3,2252";"3,22672486";"3,22946906"
"";"31.10.2025 18:26:00";"NO SIGNAL";"3,2250";"3,2271";"3,2201";"3,2219";"3,22537494";"3,22809243"
"";"31.10.2025 18:27:00";"NO SIGNAL";"3,2219";"3,2239";"3,2212";"3,2215";"3,22385001";"3,22674632"
"";"31.10.2025 18:28:00";"NO SIGNAL";"3,2215";"3,2215";"3,2176";"3,2187";"3,22182488";"3,22572351"
"";"31.10.2025 18:29:00";"NO SIGNAL";"3,2186";"3,2213";"3,2164";"3,2194";"3,22037482";"3,22487712"
"";"31.10.2025 18:30:00";"NO SIGNAL";"3,2195";"3,2222";"3,2166";"3,2205";"3,22002506";"3,22433877"
"";"31.10.2025 18:31:00";"NO SIGNAL";"3,2204";"3,2204";"3,2157";"3,2165";"3,21877527";"3,22363091"
"";"31.10.2025 18:32:00";"NO SIGNAL";"3,2164";"3,2171";"3,2139";"3,2141";"3,21762514";"3,2227385"
"";"31.10.2025 18:33:00";"NO SIGNAL";"3,2142";"3,2164";"3,2092";"3,2101";"3,21530008";"3,22139263"
"";"31.10.2025 18:34:00";"NO SIGNAL";"3,2099";"3,2099";"3,2030";"3,2059";"3,21165013";"3,21965384"
"";"31.10.2025 18:35:00";"NO SIGNAL";"3,2058";"3,2065";"3,1973";"3,2008";"3,20772505";"3,21761537"
"";"31.10.2025 18:36:00";"NO SIGNAL";"3,2008";"3,2052";"3,1993";"3,2004";"3,20430017";"3,21552324"
"";"31.10.2025 18:37:00";"NO SIGNAL";"3,2003";"3,2220";"3,1947";"3,2176";"3,20617509";"3,21481538"
"";"31.10.2025 18:38:00";"NO SIGNAL";"3,2177";"3,2283";"3,2130";"3,2230";"3,21045017";"3,21464634"
"580";"31.10.2025 18:39:00";"BUY";"3,2230";"3,2432";"3,2229";"3,2399";"3,2202251";"3,21603084"
"";"31.10.2025 18:40:00";"NO SIGNAL";"3,2400";"3,2444";"3,2349";"3,2362";"3,22917509";"3,21716166"
"";"31.10.2025 18:41:00";"NO SIGNAL";"3,2362";"3,2375";"3,2294";"3,2317";"3,23269987";"3,21816158"
"";"31.10.2025 18:42:00";"NO SIGNAL";"3,2316";"3,2364";"3,2300";"3,2352";"3,2357502";"3,2193768"
"";"31.10.2025 18:43:00";"NO SIGNAL";"3,2353";"3,2397";"3,2325";"3,2327";"3,23395014";"3,22031522"
"";"31.10.2025 18:44:00";"NO SIGNAL";"3,2329";"3,2468";"3,2329";"3,2413";"3,23522496";"3,22222257"
"";"31.10.2025 18:45:00";"NO SIGNAL";"3,2415";"3,2415";"3,2297";"3,2297";"3,234725";"3,22342324"
"";"31.10.2025 18:46:00";"NO SIGNAL";"3,2298";"3,2336";"3,2289";"3,2289";"3,23315001";"3,22486973"
"";"31.10.2025 18:47:00";"NO SIGNAL";"3,2290";"3,2298";"3,2236";"3,2249";"3,23120022";"3,22633147"
"581";"31.10.2025 18:48:00";"SELL";"3,2249";"3,2291";"3,2230";"3,2238";"3,226825";"3,22810054"
"";"31.10.2025 18:49:00";"NO SIGNAL";"3,2238";"3,2242";"3,2217";"3,2237";"3,22532511";"3,22989249"
"";"31.10.2025 18:50:00";"NO SIGNAL";"3,2236";"3,2245";"3,2212";"3,2228";"3,22379994";"3,23029232"
"";"31.10.2025 18:51:00";"NO SIGNAL";"3,2227";"3,2233";"3,2198";"3,2198";"3,22252488";"3,23004603"
"";"31.10.2025 18:52:00";"NO SIGNAL";"3,2198";"3,2249";"3,2190";"3,2249";"3,22280025";"3,22889256"
"";"31.10.2025 18:53:00";"NO SIGNAL";"3,2248";"3,2248";"3,2211";"3,2231";"3,22265005";"3,22788477"
"";"31.10.2025 18:54:00";"NO SIGNAL";"3,2230";"3,2254";"3,2217";"3,2219";"3,22242498";"3,22713065"
"";"31.10.2025 18:55:00";"NO SIGNAL";"3,2219";"3,2226";"3,2194";"3,2198";"3,22242498";"3,22594643"
"";"31.10.2025 18:56:00";"NO SIGNAL";"3,2199";"3,2211";"3,2157";"3,2171";"3,22047496";"3,22474599"
"";"31.10.2025 18:57:00";"NO SIGNAL";"3,2171";"3,2216";"3,2167";"3,2210";"3,21994996";"3,22318459"
"";"31.10.2025 18:58:00";"NO SIGNAL";"3,2209";"3,2247";"3,2209";"3,2229";"3,22020006";"3,22266173"
"";"31.10.2025 18:59:00";"NO SIGNAL";"3,2229";"3,2263";"3,2229";"3,2241";"3,22127509";"3,2222929"
"";"31.10.2025 19:00:00";"NO SIGNAL";"3,2240";"3,2240";"3,2177";"3,2179";"3,22147489";"3,22175431"
"";"31.10.2025 19:01:00";"NO SIGNAL";"3,2178";"3,2204";"3,2170";"3,2174";"3,22057486";"3,22126198"
"";"31.10.2025 19:02:00";"NO SIGNAL";"3,2175";"3,2175";"3,2113";"3,2113";"3,21767497";"3,22030759"
"";"31.10.2025 19:03:00";"NO SIGNAL";"3,2112";"3,2112";"3,2045";"3,2068";"3,21335006";"3,21907711"
"";"31.10.2025 19:04:00";"NO SIGNAL";"3,2068";"3,2115";"3,2058";"3,2099";"3,21134996";"3,2183156"
"";"31.10.2025 19:05:00";"NO SIGNAL";"3,2100";"3,2108";"3,2089";"3,2099";"3,20947504";"3,21716142"
"";"31.10.2025 19:06:00";"NO SIGNAL";"3,2100";"3,2126";"3,2084";"3,2107";"3,20932484";"3,2162075"
"";"31.10.2025 19:07:00";"NO SIGNAL";"3,2106";"3,2109";"3,2059";"3,2100";"3,21012497";"3,21529222"
"";"31.10.2025 19:08:00";"NO SIGNAL";"3,2100";"3,2129";"3,2095";"3,2112";"3,21044993";"3,21463084"
"";"31.10.2025 19:09:00";"NO SIGNAL";"3,2113";"3,2143";"3,2108";"3,2123";"3,21105003";"3,21426177"
"";"31.10.2025 19:10:00";"NO SIGNAL";"3,2122";"3,2169";"3,2117";"3,2130";"3,2116251";"3,21364665"
"";"31.10.2025 19:11:00";"NO SIGNAL";"3,2131";"3,2131";"3,2102";"3,2105";"3,21175003";"3,2126925"
"582";"31.10.2025 19:12:00";"BUY";"3,2106";"3,2125";"3,2093";"3,2122";"3,21200013";"3,21177697"
"";"31.10.2025 19:13:00";"NO SIGNAL";"3,2123";"3,2169";"3,2121";"3,2150";"3,21267509";"3,21155381"
"";"31.10.2025 19:14:00";"NO SIGNAL";"3,2150";"3,2176";"3,2123";"3,2176";"3,21382499";"3,21156931"
"";"31.10.2025 19:15:00";"NO SIGNAL";"3,2176";"3,2179";"3,2150";"3,2170";"3,21545005";"3,21200776"
"";"31.10.2025 19:16:00";"NO SIGNAL";"3,2170";"3,2259";"3,2170";"3,2239";"3,21837497";"3,21332335"
"";"31.10.2025 19:17:00";"NO SIGNAL";"3,2239";"3,2245";"3,2205";"3,2240";"3,22062492";"3,21440792"
"";"31.10.2025 19:18:00";"NO SIGNAL";"3,2241";"3,2277";"3,2241";"3,2248";"3,22242498";"3,215554"
"";"31.10.2025 19:19:00";"NO SIGNAL";"3,2247";"3,2283";"3,2239";"3,2283";"3,22525001";"3,21690798"
"";"31.10.2025 19:20:00";"NO SIGNAL";"3,2283";"3,2363";"3,2266";"3,2363";"3,22834992";"3,2189312"
"";"31.10.2025 19:21:00";"NO SIGNAL";"3,2362";"3,2367";"3,2319";"3,2366";"3,23150015";"3,22088456"
"";"31.10.2025 19:22:00";"NO SIGNAL";"3,2366";"3,2397";"3,2364";"3,2381";"3,23482513";"3,22286916"
"";"31.10.2025 19:23:00";"NO SIGNAL";"3,2381";"3,2386";"3,2361";"3,2367";"3,23692513";"3,22469258"
"";"31.10.2025 19:24:00";"NO SIGNAL";"3,2367";"3,2401";"3,2355";"3,2394";"3,23769999";"3,2269156"
"";"31.10.2025 19:25:00";"NO SIGNAL";"3,2393";"3,2449";"3,2376";"3,2438";"3,23950005";"3,22934628"
"";"31.10.2025 19:26:00";"NO SIGNAL";"3,2437";"3,2462";"3,2426";"3,2454";"3,2413249";"3,23168468"
"";"31.10.2025 19:27:00";"NO SIGNAL";"3,2455";"3,2475";"3,2452";"3,2472";"3,24394989";"3,23396134"
"";"31.10.2025 19:28:00";"NO SIGNAL";"3,2472";"3,2517";"3,2472";"3,2503";"3,24667501";"3,23652315"
"";"31.10.2025 19:29:00";"NO SIGNAL";"3,2502";"3,2502";"3,2438";"3,2473";"3,24755001";"3,23832297"
"";"31.10.2025 19:30:00";"NO SIGNAL";"3,2472";"3,2529";"3,2469";"3,2515";"3,24907494";"3,2404387"
"";"31.10.2025 19:31:00";"NO SIGNAL";"3,2515";"3,2546";"3,2512";"3,2540";"3,25077486";"3,2426846"
"";"31.10.2025 19:32:00";"NO SIGNAL";"3,2541";"3,2593";"3,2537";"3,2593";"3,25302505";"3,24506927"
"";"31.10.2025 19:33:00";"NO SIGNAL";"3,2593";"3,2690";"3,2589";"3,2678";"3,2581501";"3,24749207"
"";"31.10.2025 19:34:00";"NO SIGNAL";"3,2679";"3,2775";"3,2679";"3,2723";"3,26335001";"3,25023842"
"";"31.10.2025 19:35:00";"NO SIGNAL";"3,2724";"3,2725";"3,2634";"3,2655";"3,2662251";"3,25234652"
"";"31.10.2025 19:36:00";"NO SIGNAL";"3,2658";"3,2666";"3,2620";"3,2621";"3,2669251";"3,25429988"
"";"31.10.2025 19:37:00";"NO SIGNAL";"3,2621";"3,2643";"3,2567";"3,2606";"3,26512504";"3,2559309"
"";"31.10.2025 19:38:00";"NO SIGNAL";"3,2607";"3,2625";"3,2599";"3,2603";"3,26212502";"3,25720024"
"";"31.10.2025 19:39:00";"NO SIGNAL";"3,2604";"3,2608";"3,2570";"3,2570";"3,25999999";"3,25809264"
"";"31.10.2025 19:40:00";"NO SIGNAL";"3,2570";"3,2603";"3,2553";"3,2595";"3,25935006";"3,25903869"
"583";"31.10.2025 19:41:00";"SELL";"3,2597";"3,2633";"3,2597";"3,2628";"3,25989985";"3,26000023"
"584";"31.10.2025 19:42:00";"BUY";"3,2628";"3,2749";"3,2623";"3,2744";"3,26342487";"3,26208472"
"";"31.10.2025 19:43:00";"NO SIGNAL";"3,2745";"3,2796";"3,2737";"3,2756";"3,26807499";"3,26393867"
"";"31.10.2025 19:44:00";"NO SIGNAL";"3,2755";"3,2841";"3,2755";"3,2797";"3,27312493";"3,26591539"
"";"31.10.2025 19:45:00";"NO SIGNAL";"3,2798";"3,2854";"3,2798";"3,2829";"3,27814984";"3,26773095"
"";"31.10.2025 19:46:00";"NO SIGNAL";"3,2830";"3,2941";"3,2801";"3,2917";"3,28247499";"3,26956964"
"";"31.10.2025 19:47:00";"NO SIGNAL";"3,2919";"3,2925";"3,2833";"3,2876";"3,28547502";"3,27074647"
"";"31.10.2025 19:48:00";"NO SIGNAL";"3,2877";"3,2877";"3,2836";"3,2845";"3,28667498";"3,27220774"
"";"31.10.2025 19:49:00";"NO SIGNAL";"3,2847";"3,2858";"3,2825";"3,2835";"3,28682518";"3,27385402"
"";"31.10.2025 19:50:00";"NO SIGNAL";"3,2836";"3,2931";"3,2836";"3,2877";"3,28582478";"3,27593827"
"";"31.10.2025 19:51:00";"NO SIGNAL";"3,2876";"3,2918";"3,2847";"3,2853";"3,28524995";"3,2778616"
"";"31.10.2025 19:52:00";"NO SIGNAL";"3,2853";"3,2873";"3,2834";"3,2850";"3,28537488";"3,28001499"
"";"31.10.2025 19:53:00";"NO SIGNAL";"3,2850";"3,2907";"3,2846";"3,2883";"3,28657508";"3,28223085"
"";"31.10.2025 19:54:00";"NO SIGNAL";"3,2881";"3,2896";"3,2825";"3,2825";"3,28527498";"3,28374648"
"585";"31.10.2025 19:55:00";"SELL";"3,2825";"3,2825";"3,2780";"3,2812";"3,28424978";"3,28426957"
"";"31.10.2025 19:56:00";"NO SIGNAL";"3,2810";"3,2821";"3,2785";"3,2808";"3,28320026";"3,28466964"
"";"31.10.2025 19:57:00";"NO SIGNAL";"3,2809";"3,2869";"3,2807";"3,2854";"3,28247523";"3,28510785"
"";"31.10.2025 19:58:00";"NO SIGNAL";"3,2854";"3,2889";"3,2844";"3,2851";"3,28312492";"3,28527689"
"";"31.10.2025 19:59:00";"NO SIGNAL";"3,2851";"3,2878";"3,2827";"3,2866";"3,28447485";"3,28488469"
"586";"31.10.2025 20:00:00";"BUY";"3,2863";"3,2878";"3,2826";"3,2878";"3,28622484";"3,28490019"
"";"31.10.2025 20:01:00";"NO SIGNAL";"3,2879";"3,2890";"3,2850";"3,2871";"3,28664994";"3,28510022"
"";"31.10.2025 20:02:00";"NO SIGNAL";"3,2870";"3,2870";"3,2822";"3,2825";"3,28600001";"3,28502345"
"587";"31.10.2025 20:03:00";"SELL";"3,2824";"3,2824";"3,2762";"3,2790";"3,28410006";"3,28435421"
"";"31.10.2025 20:04:00";"NO SIGNAL";"3,2789";"3,2799";"3,2755";"3,2756";"3,28104997";"3,28360796"
"";"31.10.2025 20:05:00";"NO SIGNAL";"3,2755";"3,2833";"3,2750";"3,2808";"3,27947521";"3,2832849"
"";"31.10.2025 20:06:00";"NO SIGNAL";"3,2807";"3,2820";"3,2778";"3,2799";"3,27882504";"3,28263879"
"";"31.10.2025 20:07:00";"NO SIGNAL";"3,2800";"3,2840";"3,2800";"3,2834";"3,27992487";"3,28270769"
"";"31.10.2025 20:08:00";"NO SIGNAL";"3,2835";"3,2859";"3,2828";"3,2845";"3,28214979";"3,28296137"
"";"31.10.2025 20:09:00";"NO SIGNAL";"3,2845";"3,2852";"3,2787";"3,2794";"3,28179979";"3,28285384"
"588";"31.10.2025 20:10:00";"BUY";"3,2794";"3,2862";"3,2794";"3,2860";"3,2833252";"3,28290009"
"";"31.10.2025 20:11:00";"NO SIGNAL";"3,2860";"3,2911";"3,2857";"3,2867";"3,28415012";"3,28302312"
"";"31.10.2025 20:12:00";"NO SIGNAL";"3,2868";"3,2888";"3,2844";"3,2851";"3,28430009";"3,28290796"
"";"31.10.2025 20:13:00";"NO SIGNAL";"3,2852";"3,2860";"3,2799";"3,2799";"3,28442502";"3,28230023"
"";"31.10.2025 20:14:00";"NO SIGNAL";"3,2806";"3,2847";"3,2801";"3,2847";"3,28410006";"3,28211546"
"";"31.10.2025 20:15:00";"NO SIGNAL";"3,2848";"3,2894";"3,2848";"3,2889";"3,28465009";"3,28260779"
"";"31.10.2025 20:16:00";"NO SIGNAL";"3,2889";"3,2928";"3,2881";"3,2919";"3,28634977";"3,28360009"
"";"31.10.2025 20:17:00";"NO SIGNAL";"3,2920";"3,2950";"3,2898";"3,2948";"3,29007483";"3,28507686"
"";"31.10.2025 20:18:00";"NO SIGNAL";"3,2947";"3,2962";"3,2937";"3,2946";"3,29255009";"3,28613877"
"";"31.10.2025 20:19:00";"NO SIGNAL";"3,2946";"3,2960";"3,2933";"3,2933";"3,29364991";"3,28716946"
"";"31.10.2025 20:20:00";"NO SIGNAL";"3,2933";"3,2964";"3,2933";"3,2948";"3,29437494";"3,28804636"
"";"31.10.2025 20:21:00";"NO SIGNAL";"3,2949";"3,2961";"3,2880";"3,2880";"3,29267502";"3,28831553"
"";"31.10.2025 20:22:00";"NO SIGNAL";"3,2880";"3,2891";"3,2837";"3,2884";"3,29112482";"3,28900766"
"";"31.10.2025 20:23:00";"NO SIGNAL";"3,2883";"3,2924";"3,2883";"3,2924";"3,29089999";"3,28950024"
"";"31.10.2025 20:24:00";"NO SIGNAL";"3,2926";"3,2944";"3,2924";"3,2924";"3,29029989";"3,28993821"
"";"31.10.2025 20:25:00";"NO SIGNAL";"3,2924";"3,2950";"3,2922";"3,2930";"3,29154992";"3,29054594"
"";"31.10.2025 20:26:00";"NO SIGNAL";"3,2930";"3,2940";"3,2924";"3,2935";"3,29282522";"3,29159236"
"";"31.10.2025 20:27:00";"NO SIGNAL";"3,2934";"3,2934";"3,2899";"3,2912";"3,29252481";"3,29209232"
"589";"31.10.2025 20:28:00";"SELL";"3,2913";"3,2916";"3,2900";"3,2900";"3,29192495";"3,2921772"
"";"31.10.2025 20:29:00";"NO SIGNAL";"3,2901";"3,2919";"3,2895";"3,2915";"3,29154992";"3,29214668"
"";"31.10.2025 20:30:00";"NO SIGNAL";"3,2916";"3,2938";"3,2900";"3,2903";"3,29074979";"3,29180002"
"";"31.10.2025 20:31:00";"NO SIGNAL";"3,2902";"3,2907";"3,2863";"3,2863";"3,28952503";"3,29116154"
"";"31.10.2025 20:32:00";"NO SIGNAL";"3,2862";"3,2862";"3,2822";"3,2831";"3,28779984";"3,29037714"
"";"31.10.2025 20:33:00";"NO SIGNAL";"3,2831";"3,2832";"3,2773";"3,2793";"3,28474998";"3,28918481"
"";"31.10.2025 20:34:00";"NO SIGNAL";"3,2793";"3,2793";"3,2734";"3,2762";"3,28122497";"3,28827715"
"";"31.10.2025 20:35:00";"NO SIGNAL";"3,2763";"3,2765";"3,2746";"3,2754";"3,27850008";"3,28727746"
"";"31.10.2025 20:36:00";"NO SIGNAL";"3,2755";"3,2758";"3,2699";"3,2712";"3,27552485";"3,2856462"
"";"31.10.2025 20:37:00";"NO SIGNAL";"3,2711";"3,2739";"3,2677";"3,2728";"3,27390003";"3,28413844"
"";"31.10.2025 20:38:00";"NO SIGNAL";"3,2728";"3,2730";"3,2704";"3,2704";"3,27244997";"3,28240013"
"";"31.10.2025 20:39:00";"NO SIGNAL";"3,2704";"3,2739";"3,2693";"3,2739";"3,27207518";"3,28089237"
"";"31.10.2025 20:40:00";"NO SIGNAL";"3,2740";"3,2749";"3,2722";"3,2723";"3,27234983";"3,2794385"
"";"31.10.2025 20:41:00";"NO SIGNAL";"3,2723";"3,2728";"3,2707";"3,2724";"3,27224994";"3,27808452"
"";"31.10.2025 20:42:00";"NO SIGNAL";"3,2725";"3,2733";"3,2713";"3,2723";"3,27272487";"3,27660775"
"";"31.10.2025 20:43:00";"NO SIGNAL";"3,2723";"3,2727";"3,2708";"3,2713";"3,27207494";"3,27514625"
"";"31.10.2025 20:44:00";"NO SIGNAL";"3,2714";"3,2755";"3,2714";"3,2751";"3,27277493";"3,27428484"
"590";"31.10.2025 20:45:00";"BUY";"3,2751";"3,2883";"3,2736";"3,2850";"3,27592492";"3,27443051"
"";"31.10.2025 20:46:00";"NO SIGNAL";"3,2849";"3,2872";"3,2840";"3,2844";"3,27894998";"3,27482295"
"";"31.10.2025 20:47:00";"NO SIGNAL";"3,2844";"3,2857";"3,2829";"3,2841";"3,28215003";"3,27543092"
"";"31.10.2025 20:48:00";"NO SIGNAL";"3,2842";"3,2864";"3,2842";"3,2860";"3,28487492";"3,27624631"
"";"31.10.2025 20:49:00";"NO SIGNAL";"3,2860";"3,2861";"3,2831";"3,2839";"3,28460002";"3,27722335"
"";"31.10.2025 20:50:00";"NO SIGNAL";"3,2838";"3,2841";"3,2737";"3,2742";"3,28205013";"3,27733135"
"";"31.10.2025 20:51:00";"NO SIGNAL";"3,2742";"3,2742";"3,2664";"3,2676";"3,27792501";"3,27711535"
"591";"31.10.2025 20:52:00";"SELL";"3,2677";"3,2687";"3,2632";"3,2640";"3,27242494";"3,27635407"
"";"31.10.2025 20:53:00";"NO SIGNAL";"3,2640";"3,2685";"3,2634";"3,2663";"3,26802492";"3,2758925"
"";"31.10.2025 20:54:00";"NO SIGNAL";"3,2663";"3,2663";"3,2601";"3,2606";"3,26462507";"3,27498484"
"";"31.10.2025 20:55:00";"NO SIGNAL";"3,2605";"3,2629";"3,2605";"3,2617";"3,26314998";"3,27416945"
"";"31.10.2025 20:56:00";"NO SIGNAL";"3,2616";"3,2625";"3,2609";"3,2615";"3,26252508";"3,27341557"
"";"31.10.2025 20:57:00";"NO SIGNAL";"3,2614";"3,2637";"3,2612";"3,2624";"3,26154995";"3,27243876"
"";"31.10.2025 20:58:00";"NO SIGNAL";"3,2624";"3,2645";"3,2624";"3,2643";"3,26247501";"3,27084661"
"";"31.10.2025 20:59:00";"NO SIGNAL";"3,2641";"3,2645";"3,2609";"3,2632";"3,26284981";"3,26921558"
"";"31.10.2025 21:00:00";"NO SIGNAL";"3,2631";"3,2662";"3,2620";"3,2653";"3,26379991";"3,26776958"
"";"31.10.2025 21:01:00";"NO SIGNAL";"3,2654";"3,2690";"3,2640";"3,2669";"3,264925";"3,26630044"
"592";"31.10.2025 21:02:00";"BUY";"3,2669";"3,2718";"3,2668";"3,2715";"3,26672506";"3,26534629"
"";"31.10.2025 21:03:00";"NO SIGNAL";"3,2716";"3,2727";"3,2693";"3,2695";"3,26830006";"3,26498485"
"";"31.10.2025 21:04:00";"NO SIGNAL";"3,2696";"3,2700";"3,2680";"3,2692";"3,26927495";"3,26510787"
"";"31.10.2025 21:05:00";"NO SIGNAL";"3,2692";"3,2692";"3,2646";"3,2648";"3,26875019";"3,26516938"
"";"31.10.2025 21:06:00";"NO SIGNAL";"3,2648";"3,2673";"3,2647";"3,2673";"3,26769996";"3,26524663"
"";"31.10.2025 21:07:00";"NO SIGNAL";"3,2672";"3,2673";"3,2663";"3,2663";"3,26690006";"3,26568508"
"593";"31.10.2025 21:08:00";"SELL";"3,2664";"3,2664";"3,2631";"3,2647";"3,26577497";"3,26591587"
"594";"31.10.2025 21:09:00";"BUY";"3,2648";"3,2703";"3,2648";"3,2702";"3,26712489";"3,26658487"
"";"31.10.2025 21:10:00";"NO SIGNAL";"3,2702";"3,2717";"3,2677";"3,2681";"3,26732492";"3,26702309"
"";"31.10.2025 21:11:00";"NO SIGNAL";"3,2681";"3,2693";"3,2659";"3,2680";"3,26775002";"3,26730776"
"";"31.10.2025 21:12:00";"NO SIGNAL";"3,2679";"3,2749";"3,2677";"3,2749";"3,27029991";"3,26820779"
"";"31.10.2025 21:13:00";"NO SIGNAL";"3,2745";"3,2747";"3,2691";"3,2705";"3,27037477";"3,26860762"
"";"31.10.2025 21:14:00";"NO SIGNAL";"3,2705";"3,2710";"3,2594";"3,2607";"3,26852489";"3,26813078"
